Date,close,ret,rf,state,lam,p_bear,raw_state
2003-01-02,0.9785000085830688,0.035997859660063414,4.7222224492875355e-05,1.0,80.0,0.7537926409952015,1.0
2003-01-03,1.0260000228881836,0.04854370351401216,4.730158855044653e-05,1.0,80.0,0.7249056641373259,1.0
2003-01-06,1.034999966621399,0.008771874787956158,4.690476353206332e-05,1.0,80.0,0.7149908867108822,1.0
2003-01-07,1.0774999856948853,0.04106282168512654,4.6507938513680115e-05,1.0,80.0,0.6525574520146163,1.0
2003-01-08,1.0509999990463257,-0.024593955452787863,4.630952600448851e-05,1.0,80.0,0.7014406841722796,1.0
2003-01-09,1.0724999904632568,0.02045669974922948,4.6706351022871716e-05,1.0,80.0,0.6688251020119346,1.0
2003-01-10,1.065999984741211,-0.006060611449738351,4.6507938513680115e-05,1.0,80.0,0.6745957835905105,1.0
2003-01-13,1.1019999980926514,0.03377111995004389,4.6507938513680115e-05,1.0,80.0,0.6162800279055177,1.0
2003-01-14,1.1369999647140503,0.031760405337547315,4.6507938513680115e-05,1.0,80.0,0.5605971709449071,1.0
2003-01-15,1.1134999990463257,-0.02066839612755378,4.630952600448851e-05,1.0,80.0,0.6037960469357739,1.0
2003-01-16,1.090000033378601,-0.021104594241447283,4.623015721638997e-05,1.0,80.0,0.6365215020265722,1.0
2003-01-17,1.0700000524520874,-0.018348605792718242,4.571428374638633e-05,1.0,80.0,0.6653295029981403,1.0
2003-01-21,1.0540000200271606,-0.014953300598686825,4.571428374638633e-05,1.0,80.0,0.6701677549711844,1.0
2003-01-22,1.058500051498413,0.0042694794931184,4.531745872800312e-05,1.0,80.0,0.6666809563901195,1.0
2003-01-23,1.0894999504089355,0.029286629572326417,4.531745872800312e-05,1.0,80.0,0.6258374281355414,1.0
2003-01-24,1.1054999828338623,0.014685666042409062,4.472222120042832e-05,1.0,80.0,0.6118186007087573,1.0
2003-01-27,1.0889999866485596,-0.01492536991543525,4.531745872800312e-05,1.0,80.0,0.6397821042358659,1.0
2003-01-28,1.0809999704360962,-0.007346204141915336,4.5634919688815166e-05,1.0,80.0,0.6457335108174095,1.0
2003-01-29,1.1039999723434448,0.021276598090997245,4.571428374638633e-05,1.0,80.0,0.6180444534763332,1.0
2003-01-30,1.090999960899353,-0.011775372979853316,4.571428374638633e-05,1.0,80.0,0.63994024628847,1.0
2003-01-31,1.0924999713897705,0.0013748950909044932,4.555555563124399e-05,1.0,80.0,0.6381292882065145,1.0
2003-02-03,1.1080000400543213,0.014187706242987819,4.571428374638633e-05,1.0,80.0,0.622108396068692,1.0
2003-02-04,1.1024999618530271,-0.004963969316304828,4.551587123719473e-05,1.0,80.0,0.6212939121366925,1.0
2003-02-05,1.1085000038146973,0.005442215119523031,4.551587123719473e-05,1.0,80.0,0.6185371908027031,1.0
2003-02-06,1.1045000553131104,-0.00360843345766515,4.531745872800312e-05,1.0,80.0,0.6244424188767768,1.0
2003-02-07,1.0720000267028809,-0.029425103651095963,4.511904621881152e-05,1.0,80.0,0.660952312210849,1.0
2003-02-10,1.0700000524520874,-0.0018656475755366442,4.5634919688815166e-05,1.0,80.0,0.6500978375571538,1.0
2003-02-11,1.0390000343322754,-0.028971978131001164,4.571428374638633e-05,1.0,80.0,0.6760473273392534,1.0
2003-02-12,1.05649995803833,0.016843044396337437,4.5634919688815166e-05,1.0,80.0,0.6615928517768842,1.0
2003-02-13,1.003000020980835,-0.05063884446983968,4.551587123719473e-05,1.0,80.0,0.6953939588170808,1.0
2003-02-14,1.003000020980835,0.0,4.567460408286443e-05,1.0,80.0,0.6905965054187831,1.0
2003-02-18,1.069499969482422,0.06630104397860004,4.583333219800677e-05,1.0,80.0,0.6648021042049164,1.0
2003-02-19,1.059499979019165,-0.009350154977654124,4.5912696255577935e-05,1.0,80.0,0.6658841663086135,1.0
2003-02-20,1.0679999589920044,0.008022633450836203,4.5912696255577935e-05,1.0,80.0,0.6541003484417742,1.0
2003-02-21,1.0889999866485596,0.01966294799896362,4.630952600448851e-05,1.0,80.0,0.6235870152134461,1.0
2003-02-24,1.0889999866485596,0.0,4.6507938513680115e-05,1.0,80.0,0.6336953408884274,1.0
2003-02-25,1.093999981880188,0.004591363905353196,4.662698223477318e-05,1.0,80.0,0.6221381667170436,1.0
2003-02-26,1.0820000171661377,-0.010968889317005903,4.690476353206332e-05,1.0,80.0,0.6443668905820362,1.0
2003-02-27,1.0809999704360962,-0.0009242575916594831,4.690476353206332e-05,1.0,80.0,0.634302398214154,1.0
2003-02-28,1.100499987602234,0.018038869287176018,4.662698223477318e-05,1.0,80.0,0.6083146447397573,1.0
2003-03-03,1.090499997138977,-0.009086770173478143,4.6507938513680115e-05,1.0,80.0,0.6273173650284184,1.0
2003-03-04,1.1134999990463257,0.021091244353682814,4.623015721638997e-05,1.0,80.0,0.6010610577935117,1.0
2003-03-05,1.121000051498413,0.006735565746305294,4.571428374638633e-05,1.0,80.0,0.5927559009846014,1.0
2003-03-06,1.1345000267028809,0.012042796239324582,4.551587123719473e-05,1.0,80.0,0.5783712455003789,1.0
2003-03-07,1.1484999656677246,0.012340183900683366,4.353174614527869e-05,1.0,80.0,0.5626469302958317,1.0
2003-03-10,1.1440000534057615,-0.0039180778375965675,4.206348979283893e-05,1.0,80.0,0.564713310993421,1.0
2003-03-11,1.1390000581741333,-0.004370624998436767,4.214285858093746e-05,1.0,80.0,0.5690320551702734,1.0
2003-03-12,1.1679999828338623,0.025460863194526118,4.2341271090129064e-05,1.0,80.0,0.5453978621384914,1.0
2003-03-13,1.2209999561309814,0.04537669013361434,4.3730158654470295e-05,1.0,80.0,0.5073643301581594,1.0
2003-03-14,1.2354999780654907,0.01187553026656607,4.376984304851956e-05,1.0,80.0,0.5016699469517827,1.0
2003-03-17,1.3274999856948853,0.07446378734336001,4.4325396182045104e-05,1.0,80.0,0.4440391024320387,1.0
2003-03-18,1.3389999866485596,0.00866290100007383,4.464285714285714e-05,1.0,80.0,0.4452955512463608,1.0
2003-03-19,1.3270000219345093,-0.008961885611429743,4.503968216124035e-05,1.0,80.0,0.45668074413338766,1.0
2003-03-20,1.372499942779541,0.034287807153689176,4.511904621881152e-05,1.0,80.0,0.4386309900225622,1.0
2003-03-21,1.3964999914169312,0.01748637496391159,4.5912696255577935e-05,1.0,80.0,0.43444329294218614,1.0
2003-03-24,1.3114999532699585,-0.06086647953411661,4.583333219800677e-05,1.0,80.0,0.4910066891057461,1.0
2003-03-25,1.3450000286102295,0.025543329419681182,4.571428374638633e-05,1.0,80.0,0.470713432181348,1.0
2003-03-26,1.3880000114440918,0.03197024678006399,4.5595240025293254e-05,1.0,80.0,0.44717107128791195,1.0
2003-03-27,1.3884999752044678,0.00036020443534123814,4.4920633709619926e-05,1.0,80.0,0.45383667500613534,1.0
2003-03-28,1.3589999675750732,-0.02124595473979063,4.408729927880423e-05,1.0,80.0,0.4846759424486347,1.0
2003-03-31,1.3014999628067017,-0.04231052696121218,4.325396957851592e-05,1.0,80.0,0.5438669101336906,1.0
2003-04-01,1.2769999504089355,-0.018824443409841907,4.345238208770752e-05,1.0,80.0,0.557694265332998,1.0
2003-04-02,1.319000005722046,0.032889629556885014,4.3730158654470295e-05,1.0,80.0,0.5229325461441818,1.0
2003-04-03,1.3324999809265137,0.01023500769211716,4.313492112689547e-05,1.0,80.0,0.5163100640942344,1.0
2003-04-04,1.3109999895095823,-0.01613507821739857,4.293650861770388e-05,1.0,80.0,0.540963704047585,1.0
2003-04-07,1.340999960899353,0.02288327355440556,4.4920633709619926e-05,1.0,80.0,0.5273152458923848,1.0
2003-04-08,1.3259999752044678,-0.01118567198527387,4.472222120042832e-05,1.0,80.0,0.5485336998360669,1.0
2003-04-09,1.253000020980835,-0.05505275685421962,4.4047619615282334e-05,1.0,80.0,0.614715912395943,1.0
2003-04-10,1.2834999561309814,0.024341528044246497,4.4325396182045104e-05,1.0,80.0,0.5890364520544366,1.0
2003-04-11,1.287500023841858,0.003116531240822562,4.551587123719473e-05,1.0,80.0,0.5880913142392646,1.0
2003-04-14,1.252500057220459,-0.02718443959089034,4.5912696255577935e-05,1.0,80.0,0.6062024549189197,1.0
2003-04-15,1.256500005722046,0.0031935715120552377,4.6031744707198374e-05,1.0,80.0,0.6029708829945977,1.0
2003-04-16,1.218999981880188,-0.0298448258424866,4.551587123719473e-05,1.0,80.0,0.6300751703089096,1.0
2003-04-17,1.249500036239624,0.025020553579002236,4.551587123719473e-05,1.0,80.0,0.6050037488635652,1.0
2003-04-21,1.2625000476837158,0.010404170521847611,4.571428374638633e-05,1.0,80.0,0.6001093798641739,1.0
2003-04-22,1.2790000438690186,0.013069303415532474,4.571428374638633e-05,1.0,80.0,0.582391383055464,1.0
2003-04-23,1.2714999914169312,-0.005863997024894152,4.551587123719473e-05,1.0,80.0,0.5945840346717133,1.0
2003-04-24,1.25600004196167,-0.012190286716391108,4.480158525799948e-05,1.0,80.0,0.6043618446985465,1.0
2003-04-25,1.4485000371932983,0.15326432229331322,4.4325396182045104e-05,1.0,80.0,0.4090405388288179,1.0
2003-04-28,1.4555000066757202,0.004832564240719872,4.41269836728535e-05,1.0,80.0,0.4117094540687031,1.0
2003-04-29,1.444499969482422,-0.0075575658830957515,4.4325396182045104e-05,1.0,80.0,0.4291355893820386,1.0
2003-04-30,1.434499979019165,-0.0069228042052781325,4.369047426042104e-05,1.0,80.0,0.4485012837396794,1.0
2003-05-01,1.4329999685287476,-0.0010456678371254524,4.273809610851227e-05,1.0,80.0,0.45712229667251936,1.0
2003-05-02,1.471500039100647,0.026866763026818008,4.3492061751229425e-05,1.0,80.0,0.43305861369180826,1.0
2003-05-05,1.4980000257492063,0.01800882497071199,4.3333333636087074e-05,1.0,80.0,0.4234904531893398,1.0
2003-05-06,1.5440000295639038,0.030707612165554732,4.285714456013271e-05,1.0,80.0,0.4035673865404709,1.0
2003-05-07,1.534999966621399,-0.005829056198299987,4.313492112689547e-05,1.0,80.0,0.41672864782255525,1.0
2003-05-08,1.5225000381469729,-0.008143276056180593,4.2341271090129064e-05,1.0,80.0,0.43236127134106944,1.0
2003-05-09,1.5479999780654907,0.016748728590873174,4.293650861770388e-05,1.0,80.0,0.4262828991018983,1.0
2003-05-12,1.5850000381469729,0.023901847936535825,4.2341271090129064e-05,1.0,80.0,0.41549718501062954,1.0
2003-05-13,1.6475000381469729,0.03943217570711788,4.214285858093746e-05,1.0,80.0,0.3921973204648707,1.0
2003-05-14,1.6299999952316284,-0.0106221805827863,4.1150791304452076e-05,1.0,80.0,0.40410234225723435,1.0
2003-05-15,1.631500005722046,0.0009202518373039315,4.0873014737689306e-05,1.0,80.0,0.4143729176849462,1.0
2003-05-16,1.652500033378601,0.012871607467302093,4.055555377687727e-05,1.0,80.0,0.41368438231315807,1.0
2003-05-19,1.5779999494552612,-0.045083257136776855,4.035714126768566e-05,1.0,80.0,0.4599603505753788,1.0
2003-05-20,1.5740000009536743,-0.0025348216918307243,3.968253968253968e-05,1.0,80.0,0.47043130417900836,1.0
2003-05-21,1.587499976158142,0.008576858447451263,4.154762105336265e-05,1.0,80.0,0.46603648624520216,1.0
2003-05-22,1.649999976158142,0.03937007933143666,4.166666477445572e-05,1.0,80.0,0.42933497626113626,1.0
2003-05-23,1.6360000371932983,-0.008484811616446875,4.186507728364732e-05,1.0,80.0,0.44571917039084086,1.0
2003-05-27,1.7424999475479126,0.06509774323558348,4.218253824445936e-05,1.0,80.0,0.38796499120702427,1.0
2003-05-28,1.743000030517578,0.0002869916698529096,4.313492112689547e-05,1.0,80.0,0.3956905212218665,1.0
2003-05-29,1.777500033378601,0.0197934608473751,4.26587320509411e-05,1.0,80.0,0.38884012026454656,1.0
2003-05-30,1.7944999933242798,0.009563971660448312,4.3055557069324325e-05,1.0,80.0,0.3915023989960434,1.0
2003-06-02,1.7699999809265137,-0.01365283504536563,4.3730158654470295e-05,1.0,80.0,0.4086425323800484,1.0
2003-06-03,1.7615000009536743,-0.004802248623974603,4.214285858093746e-05,1.0,80.0,0.4197116043638788,1.0
2003-06-04,1.7695000171661377,0.004541593078701167,4.055555377687727e-05,1.0,80.0,0.42364481313152813,1.0
2003-06-05,1.7760000228881836,0.003673357252889753,4.035714126768566e-05,1.0,80.0,0.42874672474787695,1.0
2003-06-06,1.6675000190734863,-0.061092343702930485,4.075396628606887e-05,1.0,80.0,0.5009077475829963,1.0
2003-06-09,1.684000015258789,0.009895050072905365,3.996031624930246e-05,1.0,80.0,0.4945266080836313,1.0
2003-06-10,1.7035000324249268,0.011579582535301336,3.797619115738641e-05,1.0,80.0,0.4825538158307507,1.0
2003-06-11,1.7324999570846558,0.01702373003095725,3.6111112151827125e-05,1.0,80.0,0.4667786216157983,1.0
2003-06-12,1.7599999904632568,0.015873035532350865,3.5396826172631885e-05,1.0,80.0,0.45588797302577144,1.0
2003-06-13,1.7065000534057615,-0.03039769167465356,3.3055555725854536e-05,1.0,80.0,0.4983843669257354,1.0
2003-06-16,1.7920000553131104,0.05010254862677055,3.321428620626056e-05,1.0,80.0,0.44300510376166413,1.0
2003-06-17,1.7920000553131104,0.0,3.440476126141018e-05,1.0,80.0,0.4540289210211864,1.0
2003-06-18,1.7925000190734863,0.00027899762552663354,3.420634875221858e-05,1.0,80.0,0.46147771393665327,1.0
2003-06-19,1.774999976158142,-0.00976292481402019,3.142857125827244e-05,1.0,80.0,0.4822901014601975,1.0
2003-06-20,1.7519999742507937,-0.012957747727484592,3.2023808785847256e-05,1.0,80.0,0.5045582397673875,1.0
2003-06-23,1.7790000438690186,0.01541099886703523,3.25396822558509e-05,1.0,80.0,0.48989422220612205,1.0
2003-06-24,1.7699999809265137,-0.0050590571785098515,3.174603221908449e-05,1.0,80.0,0.49701654740106144,1.0
2003-06-25,1.7695000171661377,-0.0002824654043862562,3.559523868182349e-05,1.0,80.0,0.5040015413600185,1.0
2003-06-26,1.8359999656677248,0.03758120816980104,3.472222222222222e-05,1.0,80.0,0.4634860927174189,1.0
2003-06-27,1.815000057220459,-0.011437858845290583,3.3412698715452166e-05,1.0,80.0,0.4853509001815757,1.0
2003-06-30,1.815999984741211,0.0005509242364891698,3.3253968235046143e-05,1.0,80.0,0.49234915251158756,1.0
2003-07-01,1.862499952316284,0.025605709232260576,3.444444329019577e-05,1.0,80.0,0.4671220372397491,1.0
2003-07-02,1.892500042915344,0.016107431606508626,3.361111122464377e-05,1.0,80.0,0.45606425309374676,1.0
2003-07-03,1.8960000276565552,0.0018493974435105365,3.3412698715452166e-05,1.0,80.0,0.4610928468010234,1.0
2003-07-07,1.9524999856948853,0.029799555492709295,3.420634875221858e-05,1.0,80.0,0.44007814540386275,1.0
2003-07-08,2.025500059127808,0.03738800203214465,3.511904724060542e-05,1.0,80.0,0.4159292946136727,1.0
2003-07-09,2.025000095367432,-0.00024683473008202395,3.4523809713030615e-05,1.0,80.0,0.4226643173906061,1.0
2003-07-10,1.912500023841858,-0.05555558826043472,3.424603078100416e-05,1.0,80.0,0.4780111062999045,1.0
2003-07-11,1.882500052452088,-0.015686259354656396,3.43650792326246e-05,1.0,80.0,0.4972807240435104,1.0
2003-07-14,1.963500022888184,0.043027871542732576,3.440476126141018e-05,1.0,80.0,0.45343693008789243,1.0
2003-07-15,1.9214999675750728,-0.021390402252876917,3.523809569222586e-05,1.0,80.0,0.48372887536849885,1.0
2003-07-16,1.883999943733216,-0.019516015859829428,3.500000115424868e-05,1.0,80.0,0.5117375063463635,1.0
2003-07-17,1.815999984741211,-0.036093397570522545,3.45634917418162e-05,1.0,80.0,0.5552262134640874,1.0
2003-07-18,1.7489999532699585,-0.03689429076773931,3.480158627979339e-05,1.0,80.0,0.5907572597275274,1.0
2003-07-21,1.7664999961853027,0.010005742357297231,3.5198413663440284e-05,1.0,80.0,0.5816507554698941,1.0
2003-07-22,1.743499994277954,-0.013020097343343529,3.57936511910151e-05,1.0,80.0,0.5871305636009954,1.0
2003-07-23,2.005500078201294,0.15027248912142577,3.5396826172631885e-05,1.0,80.0,0.3934023852594311,1.0
2003-07-24,2.065500020980835,0.02991769655444454,3.575396916222951e-05,1.0,80.0,0.36789589108855014,1.0
2003-07-25,2.0799999237060547,0.007020044821076432,3.57936511910151e-05,1.0,80.0,0.37011180513215236,1.0
2003-07-28,2.1040000915527344,0.011538542657211881,3.7182538755356324e-05,1.0,80.0,0.371653641509706,1.0
2003-07-29,2.069499969482422,-0.01639739570774057,3.797619115738641e-05,1.0,80.0,0.3989610456771328,1.0
2003-07-30,2.032999992370605,-0.017637099613461382,3.7579366139003204e-05,1.0,80.0,0.43372674566849173,1.0
2003-07-31,2.0820000171661377,0.024102324141376696,3.6785713736973116e-05,1.0,80.0,0.4111650004855548,1.0
2003-08-01,2.001499891281128,-0.038664805581788864,3.642857074737549e-05,1.0,80.0,0.47631350034832237,1.0
2003-08-04,1.982499957084656,-0.009492847978278096,3.7182538755356324e-05,1.0,80.0,0.4958102947658793,1.0
2003-08-05,1.933500051498413,-0.02471622025066733,3.710317469778515e-05,1.0,80.0,0.5395217843595712,1.0
2003-08-06,1.9470000267028809,0.00698214370049044,3.658730122778151e-05,1.0,80.0,0.534091924494144,1.0
2003-08-07,1.950500011444092,0.0017976295291264321,3.650793717021033e-05,1.0,80.0,0.5333403013072254,1.0
2003-08-08,1.9574999809265137,0.003588807711536024,3.6785713736973116e-05,1.0,80.0,0.5301889227486943,1.0
2003-08-11,1.946499943733216,-0.005619431571126321,3.6746031708187525e-05,1.0,80.0,0.5348355297543282,1.0
2003-08-12,1.9924999475479128,0.02363216293059467,3.6785713736973116e-05,1.0,80.0,0.5044543118992013,1.0
2003-08-13,2.010499954223633,0.009033880627134616,3.6785713736973116e-05,1.0,80.0,0.49716432809241856,1.0
2003-08-14,2.015000104904175,0.0022383241895072015,3.710317469778515e-05,1.0,80.0,0.49551714121691687,1.0
2003-08-15,2.005000114440918,-0.004962774165082395,3.6785713736973116e-05,1.0,80.0,0.5094029442878912,1.0
2003-08-18,2.151000022888184,0.07281790529372478,3.7182538755356324e-05,1.0,80.0,0.42821166918154413,1.0
2003-08-19,2.178499937057495,0.01278471123974545,3.7182538755356324e-05,1.0,80.0,0.42413656654235454,1.0
2003-08-20,2.187999963760376,0.004360811098168993,3.7182538755356324e-05,1.0,80.0,0.4289380789184907,1.0
2003-08-21,2.2850000858306885,0.04433278047391043,3.753968174495394e-05,1.0,80.0,0.39700575057143417,1.0
2003-08-22,2.260999917984009,-0.010503355337054487,3.773809425414555e-05,1.0,80.0,0.41032017042467883,1.0
2003-08-25,2.2925000190734863,0.013931933760335635,3.857142868496123e-05,1.0,80.0,0.4077258347901728,1.0
2003-08-26,2.296499967575073,0.0017447975870477084,3.876984119415283e-05,1.0,80.0,0.4159407623313101,1.0
2003-08-27,2.2939999103546143,-0.0010886380386490035,3.876984119415283e-05,1.0,80.0,0.42529205163617445,1.0
2003-08-28,2.296999931335449,0.001307768569341894,3.817460366657801e-05,1.0,80.0,0.4319572182983573,1.0
2003-08-29,2.315999984741211,0.008271682182730888,3.809523724374317e-05,1.0,80.0,0.4328246406431319,1.0
2003-09-02,2.366499900817871,0.02180479983133643,3.7777778648194805e-05,1.0,80.0,0.4231012048232321,1.0
2003-09-03,2.309499979019165,-0.024086171218095864,3.7777778648194805e-05,1.0,80.0,0.4425778396805765,1.0
2003-09-04,2.364500045776367,0.02381470762366522,3.7380951264547925e-05,1.0,80.0,0.4274932146455846,1.0
2003-09-05,2.325999975204468,-0.016282541690227692,3.6785713736973116e-05,1.0,80.0,0.4445400026006281,1.0
2003-09-08,2.364000082015991,0.01633710542416611,3.698412624616472e-05,1.0,80.0,0.43589712307446665,1.0
2003-09-09,2.3340001106262207,-0.012690342787207931,3.698412624616472e-05,1.0,80.0,0.4515109696548693,1.0
2003-09-10,2.311000108718872,-0.009854327685176356,3.698412624616472e-05,1.0,80.0,0.46657926356640356,1.0
2003-09-11,2.259500026702881,-0.02228475966820309,3.698412624616472e-05,1.0,80.0,0.49148940802360946,1.0
2003-09-12,2.2839999198913574,0.010843059481715267,3.698412624616472e-05,1.0,80.0,0.4818799623542522,1.0
2003-09-15,2.275500059127808,-0.0037214803247250794,3.6746031708187525e-05,1.0,80.0,0.4892919382375109,1.0
2003-09-16,2.312000036239624,0.016040420199244565,3.6785713736973116e-05,1.0,80.0,0.47536755663714764,1.0
2003-09-17,2.308000087738037,-0.0017300815047099904,3.6785713736973116e-05,1.0,80.0,0.48063460782910566,1.0
2003-09-18,2.3945000171661377,0.03747830422002929,3.698412624616472e-05,1.0,80.0,0.44992615337345715,1.0
2003-09-19,2.378999948501587,-0.006473196305462947,3.6785713736973116e-05,1.0,80.0,0.4613978998816459,1.0
2003-09-22,2.373500108718872,-0.0023118284580792015,3.658730122778151e-05,1.0,80.0,0.4649972964855774,1.0
2003-09-23,2.5220000743865967,0.06256581372051406,3.670634967940194e-05,1.0,80.0,0.4141971917847993,1.0
2003-09-24,2.4804999828338623,-0.016455230106536822,3.638888871858991e-05,1.0,80.0,0.4291023669404369,1.0
2003-09-25,2.502500057220459,0.008869209650815169,3.638888871858991e-05,1.0,80.0,0.4285941879747652,1.0
2003-09-26,2.427999973297119,-0.02977026262532334,3.638888871858991e-05,1.0,80.0,0.4601156642020091,1.0
2003-09-29,2.493000030517578,0.02677102880367488,3.654761919899592e-05,1.0,80.0,0.43785507783356775,1.0
2003-09-30,2.421499967575073,-0.02868032975020096,3.6746031708187525e-05,1.0,80.0,0.47338726660115177,1.0
2003-10-01,2.4560000896453857,0.01424741793610762,3.6111112151827125e-05,1.0,80.0,0.46012876947901327,1.0
2003-10-02,2.504499912261963,0.019747484057942355,3.61904762093983e-05,1.0,80.0,0.4454757373380857,1.0
2003-10-03,2.6445000171661377,0.05589942495854694,3.61904762093983e-05,1.0,80.0,0.3997873320924552,1.0
2003-10-06,2.7074999809265137,0.023823015069550646,3.5912697277371846e-05,1.0,80.0,0.3922427881505381,1.0
2003-10-07,2.745500087738037,0.014035127268410719,3.57936511910151e-05,1.0,80.0,0.38783291677261256,1.0
2003-10-08,2.7850000858306885,0.014387177865725187,3.480158627979339e-05,1.0,80.0,0.38584676803673745,1.0
2003-10-09,2.8929998874664307,0.03877910172614185,3.492063473141382e-05,1.0,80.0,0.3663809747546919,1.0
2003-10-10,2.9030001163482666,0.003456698676401748,3.5198413663440284e-05,1.0,80.0,0.3733154488509805,1.0
2003-10-13,2.914999961853028,0.004133601454985758,3.5198413663440284e-05,1.0,80.0,0.38016368716344484,1.0
2003-10-14,2.995500087738037,0.027615823992613864,3.5198413663440284e-05,1.0,80.0,0.3736434261313887,1.0
2003-10-15,2.927500009536743,-0.02270074318463533,3.583333321980068e-05,1.0,80.0,0.3854950734545005,1.0
2003-10-16,2.995500087738037,0.023228036884636705,3.57936511910151e-05,1.0,80.0,0.379064280797521,1.0
2003-10-17,2.984499931335449,-0.003672227034015707,3.59920637002067e-05,1.0,80.0,0.38717431517287976,1.0
2003-10-20,2.9795000553131104,-0.0016752809976113836,3.61904762093983e-05,1.0,80.0,0.39377949894200226,1.0
2003-10-21,2.9674999713897705,-0.004027549488358262,3.714285672657073e-05,1.0,80.0,0.4002483709364956,1.0
2003-10-22,2.701499938964844,-0.08963775399814089,3.698412624616472e-05,1.0,80.0,0.4779663078652506,1.0
2003-10-23,2.7160000801086426,0.005367440855599037,3.690476218859354e-05,1.0,80.0,0.47087129340845735,1.0
2003-10-24,2.7255001068115234,0.003497800597450862,3.6785713736973116e-05,1.0,80.0,0.46876617828871064,1.0
2003-10-27,2.740999937057495,0.005686967396271614,3.7341269235762334e-05,1.0,80.0,0.4686535200686657,1.0
2003-10-28,2.8364999294281006,0.03484129681269765,3.749999971616836e-05,1.0,80.0,0.434142507971877,1.0
2003-10-29,2.8345000743865967,-0.0007050432191997302,3.7182538755356324e-05,1.0,80.0,0.4403339493288527,1.0
2003-10-30,2.7915000915527344,-0.015170217571141786,3.698412624616472e-05,1.0,80.0,0.4619042132985021,1.0
2003-10-31,2.7214999198913574,-0.02507618461958938,3.698412624616472e-05,1.0,80.0,0.49490362091376766,1.0
2003-11-03,2.836999893188477,0.042439822412976724,3.654761919899592e-05,1.0,80.0,0.4486680490917396,1.0
2003-11-04,2.8429999351501465,0.0021149249868057662,3.68253957657587e-05,1.0,80.0,0.45304114499857123,1.0
2003-11-05,2.836999893188477,-0.002110461519005513,3.702381064021399e-05,1.0,80.0,0.46008984296768896,1.0
2003-11-06,2.749500036239624,-0.03084238993414723,3.6785713736973116e-05,1.0,80.0,0.4979879159590452,1.0
2003-11-07,2.7155001163482666,-0.012365855407609927,3.698412624616472e-05,1.0,80.0,0.5144853747401218,1.0
2003-11-10,2.5989999771118164,-0.04290190913087366,3.658730122778151e-05,1.0,80.0,0.5576468039273783,1.0
2003-11-11,2.611500024795532,0.004809560520891765,3.658730122778151e-05,1.0,80.0,0.5501098257628858,1.0
2003-11-12,2.7065000534057617,0.03637757139890052,3.68253957657587e-05,1.0,80.0,0.5139340650058497,1.0
2003-11-13,2.740000009536743,0.012377593005707288,3.6785713736973116e-05,1.0,80.0,0.5019912938195227,1.0
2003-11-14,2.622499942779541,-0.042883235893516725,3.6785713736973116e-05,1.0,80.0,0.5504366077881436,1.0
2003-11-17,2.5179998874664307,-0.03984749574573965,3.68253957657587e-05,1.0,80.0,0.5821315291608391,1.0
2003-11-18,2.424999952316284,-0.036934050558565135,3.714285672657073e-05,1.0,80.0,0.6060072409758557,1.0
2003-11-19,2.4765000343322754,0.021237147640683407,3.6785713736973116e-05,1.0,80.0,0.5897603205340332,1.0
2003-11-20,2.442500114440918,-0.013729020561279559,3.658730122778151e-05,1.0,80.0,0.5970291222929868,1.0
2003-11-21,2.428999900817871,-0.005527211050361469,3.61904762093983e-05,1.0,80.0,0.5964450739203238,1.0
2003-11-24,2.566499948501587,0.05660767941465039,3.638888871858991e-05,1.0,80.0,0.5526183529002595,1.0
2003-11-25,2.623500108718872,0.022209297237883785,3.650793717021033e-05,1.0,80.0,0.5304424187257669,1.0
2003-11-26,2.6480000019073486,0.009338628615662925,3.61904762093983e-05,1.0,80.0,0.522556139815662,1.0
2003-11-28,2.698499917984009,0.01907096527201091,3.6031745728992285e-05,1.0,80.0,0.5041257836377154,1.0
2003-12-01,2.7325000762939453,0.012599651414974877,3.559523868182349e-05,1.0,80.0,0.49164815039778054,1.0
2003-12-02,2.696500062942505,-0.013174752917213706,3.638888871858991e-05,1.0,80.0,0.514360103696304,1.0
2003-12-03,2.575500011444092,-0.04487300154793028,3.61904762093983e-05,1.0,80.0,0.5665978774042025,1.0
2003-12-04,2.5899999141693115,0.005629936967885829,3.575396916222951e-05,1.0,80.0,0.559831379471698,1.0
2003-12-05,2.578000068664551,-0.004633145136072159,3.551587225898864e-05,1.0,80.0,0.5668050493114705,1.0
2003-12-08,2.553999900817871,-0.00930960714020157,3.5396826172631885e-05,1.0,80.0,0.5734944663618543,1.0
2003-12-09,2.4670000076293945,-0.0340641725007963,3.5396826172631885e-05,1.0,80.0,0.6019537847529656,1.0
2003-12-10,2.4600000381469727,-0.002837442018959857,3.5198413663440284e-05,1.0,80.0,0.6002917250053996,1.0
2003-12-11,2.539999961853028,0.03252029368516429,3.460317377060179e-05,1.0,80.0,0.5765464022847011,1.0
2003-12-12,2.549499988555908,0.00374016804943178,3.480158627979339e-05,1.0,80.0,0.570705991158437,1.0
2003-12-15,2.5204999446868896,-0.011374796626472894,3.492063473141382e-05,1.0,80.0,0.5816817125749232,1.0
2003-12-16,2.4749999046325684,-0.018051990102294413,3.4841270673842654e-05,1.0,80.0,0.5891881966523018,1.0
2003-12-17,2.378999948501587,-0.038787862557608244,3.460317377060179e-05,1.0,80.0,0.6133694525924102,1.0
2003-12-18,2.4375,0.024590186113816248,3.424603078100416e-05,1.0,80.0,0.5962592962384327,1.0
2003-12-19,2.461999893188477,0.010051238231170156,3.404761827181256e-05,1.0,80.0,0.5846469371584696,1.0
2003-12-22,2.494499921798706,0.013200662071572555,3.416666672343299e-05,1.0,80.0,0.5710790018097855,1.0
2003-12-23,2.624000072479248,0.0519142732973763,3.500000115424868e-05,1.0,80.0,0.5260752084767242,1.0
2003-12-24,2.66599988937378,0.01600602733781531,3.460317377060179e-05,1.0,80.0,0.5152676304614312,1.0
2003-12-26,2.673500061035156,0.002813267806675457,3.361111122464377e-05,1.0,80.0,0.5216859968382034,1.0
2003-12-29,2.673500061035156,0.0,3.4007936243026975e-05,1.0,80.0,0.525099133425621,1.0
2003-12-30,2.6414999961853027,-0.011969352578755088,3.61904762093983e-05,1.0,80.0,0.5423531449795683,1.0
2003-12-31,2.63100004196167,-0.00397499687253311,3.59920637002067e-05,1.0,80.0,0.5506309207715858,1.0
2004-01-02,2.595000028610229,-0.013683015118692077,3.57936511910151e-05,1.0,10.0,0.35447140521224274,0.0
2004-01-05,2.6635000705718994,0.026396933027532876,3.57936511910151e-05,1.0,10.0,0.3041315789420123,0.0
2004-01-06,2.65149998664856,-0.004505381492542204,3.575396916222951e-05,0.0,10.0,0.3205121178935134,0.0
2004-01-07,2.595000028610229,-0.021308677474196625,3.5158729269391014e-05,0.0,10.0,0.36197799077026377,0.0
2004-01-08,2.51200008392334,-0.0319845640739127,3.361111122464377e-05,0.0,10.0,0.43188784569393396,0.0
2004-01-09,2.5794999599456787,0.026870968856384403,3.3412698715452166e-05,0.0,10.0,0.3682032896473639,0.0
2004-01-12,2.6475000381469727,0.02636172872928677,3.361111122464377e-05,0.0,10.0,0.3156132738962733,0.0
2004-01-13,2.745500087738037,0.0370160710780032,3.420634875221858e-05,0.0,10.0,0.26142146532959776,0.0
2004-01-14,2.789999961853028,0.016208294552142233,3.404761827181256e-05,0.0,10.0,0.2541208872750935,0.0
2004-01-15,2.809000015258789,0.006810055077256072,3.3809523733835374e-05,0.0,10.0,0.2566087420803175,0.0
2004-01-16,2.7860000133514404,-0.008187967882666514,3.420634875221858e-05,0.0,10.0,0.2668670618815676,0.0
2004-01-20,2.8304998874664307,0.015972675485187438,3.4007936243026975e-05,0.0,10.0,0.25999652562988695,0.0
2004-01-21,2.809999942779541,-0.007242517400429582,3.440476126141018e-05,0.0,10.0,0.2721156500560169,0.0
2004-01-22,2.858999967575073,0.0174377315990486,3.3809523733835374e-05,0.0,10.0,0.25937623855336744,0.0
2004-01-23,2.8554999828338623,-0.001224198944003163,3.440476126141018e-05,0.0,10.0,0.2676640488127217,0.0
2004-01-26,2.8515000343322754,-0.0014007874367476525,3.500000115424868e-05,0.0,10.0,0.27966800866916625,0.0
2004-01-27,2.7869999408721924,-0.022619706359283565,3.559523868182349e-05,0.0,10.0,0.30769425171519293,0.0
2004-01-28,2.5980000495910645,-0.06781481711190152,3.638888871858991e-05,0.0,10.0,0.4337590152736109,0.0
2004-01-29,2.4609999656677246,-0.05273290273605047,3.638888871858991e-05,0.0,10.0,0.515134649488047,0.0
2004-01-30,2.5199999809265137,0.023974000845945254,3.559523868182349e-05,0.0,10.0,0.47215019637367,0.0
2004-02-02,2.4135000705718994,-0.042261869508212424,3.57936511910151e-05,0.0,10.0,0.5359754054180713,0.0
2004-02-03,2.246999979019165,-0.06898698433154826,3.61904762093983e-05,0.0,10.0,0.5940927988196119,0.0
2004-02-04,2.2695000171661377,0.010013368205189721,3.61904762093983e-05,0.0,10.0,0.5810443139135901,0.0
2004-02-05,2.302000045776367,0.014320347373608433,3.6150794180612717e-05,0.0,10.0,0.5686508041211257,0.0
2004-02-06,2.317500114440918,0.00673330510700465,3.59920637002067e-05,0.0,10.0,0.5542156440595403,0.0
2004-02-09,2.2929999828338623,-0.010571793051654788,3.61904762093983e-05,0.0,10.0,0.5666018021104495,0.0
2004-02-10,2.2795000076293945,-0.005887472876377253,3.654761919899592e-05,0.0,10.0,0.5729158847246475,0.0
2004-02-11,2.3570001125335693,0.03399872982881558,3.6111112151827125e-05,0.0,10.0,0.5212662279469817,0.0
2004-02-12,2.352999925613404,-0.0016971517730922647,3.563492071060907e-05,0.0,10.0,0.523887442156298,0.0
2004-02-13,2.319000005722046,-0.014449605170512192,3.559523868182349e-05,0.0,10.0,0.5491818646746728,0.0
2004-02-17,2.27649998664856,-0.01832687320768378,3.559523868182349e-05,0.0,10.0,0.5673024178551831,0.0
2004-02-18,2.243499994277954,-0.014495933478650302,3.61904762093983e-05,0.0,10.0,0.5802528542379615,0.0
2004-02-19,2.2325000762939453,-0.0049030167203316655,3.61904762093983e-05,0.0,10.0,0.5833976274141488,0.0
2004-02-20,2.258500099182129,0.011646146472408914,3.634920668980432e-05,0.0,10.0,0.5637389580828034,0.0
2004-02-23,2.198499917984009,-0.02656638413248158,3.6785713736973116e-05,0.0,10.0,0.5918895026315926,0.0
2004-02-24,2.115999937057495,-0.037525578350789734,3.722222314940559e-05,0.0,10.0,0.6237082914836448,0.0
2004-02-25,2.1470000743865967,0.014650348889995835,3.722222314940559e-05,0.0,10.0,0.6110868458442925,0.0
2004-02-26,2.182499885559082,0.01653461105846854,3.698412624616472e-05,0.0,10.0,0.5894851565113871,0.0
2004-02-27,2.150500059127808,-0.014662006006509687,3.6785713736973116e-05,0.0,10.0,0.5998999478976267,0.0
2004-03-01,2.1484999656677246,-0.0009300597094122898,3.714285672657073e-05,0.0,10.0,0.5949861175421851,0.0
2004-03-02,2.1005001068115234,-0.022341102919814837,3.7380951264547925e-05,0.0,10.0,0.6156024192254017,0.0
2004-03-03,2.158499956130981,0.027612400080997412,3.7380951264547925e-05,0.0,10.0,0.5852771834174627,0.0
2004-03-04,2.219500064849853,0.028260416937053057,3.7341269235762334e-05,0.0,10.0,0.5361135138833953,0.0
2004-03-05,2.2044999599456787,-0.006758325958953759,3.6944444217379126e-05,0.0,10.0,0.5452633063342652,0.0
2004-03-08,2.174999952316284,-0.013381722914670102,3.6785713736973116e-05,0.0,10.0,0.5670470741211053,0.0
2004-03-09,2.135499954223633,-0.018160919061439795,3.698412624616472e-05,0.0,10.0,0.5902303096584331,0.0
2004-03-10,2.077500104904175,-0.027159845732960486,3.7182538755356324e-05,0.0,10.0,0.6214176025829774,0.0
2004-03-11,2.063999891281128,-0.006498297444692325,3.7182538755356324e-05,0.0,10.0,0.6217387599112846,0.0
2004-03-12,2.121999979019165,0.02810081918271634,3.698412624616472e-05,0.0,10.0,0.5905512605749442,0.0
2004-03-15,2.053999900817871,-0.032045277508779724,3.698412624616472e-05,0.0,10.0,0.6299455839622027,0.0
2004-03-16,2.1064999103546143,0.02555988903204831,3.722222314940559e-05,0.0,10.0,0.5982277903023959,0.0
2004-03-17,2.140000104904175,0.015903249928893137,3.642857074737549e-05,0.0,10.0,0.5764515938684216,0.0
2004-03-18,2.150500059127808,0.0049065204247285,3.638888871858991e-05,0.0,10.0,0.5604468043255917,0.0
2004-03-19,2.140000104904175,-0.00488256402461662,3.638888871858991e-05,0.0,10.0,0.5687323807002476,0.0
2004-03-22,2.0425000190734863,-0.04556078553793075,3.662698325656709e-05,0.0,10.0,0.6325704584659417,0.0
2004-03-23,2.0114998817443848,-0.01517754567422902,3.662698325656709e-05,0.0,10.0,0.6388900520540597,0.0
2004-03-24,1.981500029563904,-0.01491417049175503,3.642857074737549e-05,0.0,10.0,0.6439819717071377,0.0
2004-03-25,2.0994999408721924,0.05955079967082222,3.638888871858991e-05,0.0,10.0,0.5926136216498176,0.0
2004-03-26,2.0850000381469727,-0.006906360149358304,3.658730122778151e-05,0.0,10.0,0.6006903572429599,0.0
2004-03-29,2.138000011444092,0.025419650996372445,3.662698325656709e-05,0.0,10.0,0.5499995758318367,0.0
2004-03-30,2.190000057220459,0.02432181735174277,3.702381064021399e-05,0.0,10.0,0.49858775130132227,0.0
2004-03-31,2.1640000343322754,-0.011872156259750355,3.662698325656709e-05,0.0,10.0,0.5275339074387192,0.0
2004-04-01,2.236999988555908,0.033733804558906844,3.634920668980432e-05,0.0,10.0,0.45926758515609617,0.0
2004-04-02,2.304500102996826,0.030174391947356494,3.6785713736973116e-05,0.0,10.0,0.40558654719225923,0.0
2004-04-05,2.3480000495910645,0.01887608793667228,3.61904762093983e-05,0.0,10.0,0.378976402086596,0.0
2004-04-06,2.322000026702881,-0.011073263347124662,3.642857074737549e-05,0.0,10.0,0.4018707831682601,0.0
2004-04-07,2.2925000190734863,-0.01270456816974419,3.642857074737549e-05,0.0,10.0,0.4331356834289671,0.0
2004-04-08,2.4049999713897705,0.0490730431320785,3.6230158238183885e-05,0.0,10.0,0.351787096108139,0.0
2004-04-12,2.3980000019073486,-0.0029105902560060404,3.61904762093983e-05,0.0,10.0,0.36335342002720583,0.0
2004-04-13,2.3289999961853027,-0.028773980678550415,3.658730122778151e-05,0.0,10.0,0.4269076289153388,0.0
2004-04-14,2.3394999504089355,0.004508353044581748,3.706349266899957e-05,0.0,10.0,0.42306235995942576,0.0
2004-04-15,2.3494999408721924,0.004274413624804296,3.6785713736973116e-05,0.0,10.0,0.41809406712514696,0.0
2004-04-16,2.275000095367432,-0.03170880926990116,3.638888871858991e-05,0.0,10.0,0.49487964975202897,0.0
2004-04-19,2.3554999828338623,0.0353845644359978,3.658730122778151e-05,0.0,10.0,0.4174018042737009,0.0
2004-04-20,2.259999990463257,-0.04054340609916329,3.7579366139003204e-05,0.0,10.0,0.5188214669893342,0.0
2004-04-21,2.2860000133514404,0.01150443495482234,3.837301617576962e-05,0.0,10.0,0.493105465217214,0.0
2004-04-22,2.443000078201294,0.06867894310275191,3.7182538755356324e-05,0.0,10.0,0.3411587014289704,0.0
2004-04-23,2.314500093460083,-0.05259925527133902,3.7777778648194805e-05,0.0,10.0,0.46155074750757985,0.0
2004-04-26,2.362499952316284,0.02073875865973429,3.742063565859719e-05,0.0,10.0,0.41022811848629104,0.0
2004-04-27,2.400000095367432,0.015873076744141956,3.817460366657801e-05,0.0,10.0,0.3743384652850588,0.0
2004-04-28,2.3485000133514404,-0.021458366653984262,3.7619048167788795e-05,0.0,10.0,0.4331661292083753,0.0
2004-04-29,2.309499979019165,-0.01660635899959828,3.7658730196574386e-05,0.0,10.0,0.47356766038059955,0.0
2004-04-30,2.180000066757202,-0.05607270553730892,3.7777778648194805e-05,0.0,10.0,0.596723885451526,0.0
2004-05-03,2.220499992370605,0.018577946960179448,3.805555521495759e-05,0.0,10.0,0.5573996513937759,0.0
2004-05-04,2.197499990463257,-0.010358028365851646,3.912698418375046e-05,0.0,10.0,0.5738672592729048,0.0
2004-05-05,2.213000059127808,0.007053501129382855,3.837301617576962e-05,0.0,10.0,0.5602827113764011,0.0
2004-05-06,2.157000064849853,-0.02530501255387485,3.853174665617564e-05,0.0,10.0,0.6014067573760822,0.0
2004-05-07,2.095000028610229,-0.028743641342421467,4.1150791304452076e-05,0.0,10.0,0.6354697131122369,0.0
2004-05-10,2.062999963760376,-0.0152744937531486,4.075396628606887e-05,0.0,10.0,0.6412571015457048,0.0
2004-05-11,2.134999990463257,0.03490064370706114,4.0912699131738576e-05,0.0,10.0,0.5975478355152647,0.0
2004-05-12,2.151000022888184,0.007494160419858176,3.996031624930246e-05,0.0,10.0,0.5706145771180118,0.0
2004-05-13,2.180500030517578,0.013714554772428,3.8888889645773273e-05,0.0,10.0,0.5355542528765919,0.0
2004-05-14,2.1524999141693115,-0.012841144671582594,3.8452380233340796e-05,0.0,10.0,0.5621480173976044,0.0
2004-05-17,2.1040000915527344,-0.022531858095471313,3.876984119415283e-05,0.0,10.0,0.5963071744389581,0.0
2004-05-18,2.0994999408721924,-0.0021388547931198154,4.075396628606887e-05,0.0,10.0,0.5955443647425851,0.0
2004-05-19,2.0845000743865967,-0.0071444948359294935,4.031746160416376e-05,0.0,10.0,0.6022757206705092,0.0
2004-05-20,2.049000024795532,-0.017030486123398858,3.984126779768202e-05,0.0,10.0,0.6206606930975114,0.0
2004-05-21,2.058500051498413,0.00463642097995054,3.984126779768202e-05,0.0,10.0,0.6072983573151562,0.0
2004-05-24,2.0815000534057617,0.011173185004589525,4.015872875849406e-05,0.0,10.0,0.5888624791874755,0.0
2004-05-25,2.180999994277954,0.04780203618510126,4.1944446071745856e-05,0.0,10.0,0.5073322764456835,0.0
2004-05-26,2.234499931335449,0.024530003300255343,4.1746033562554255e-05,0.0,10.0,0.4560084628556742,0.0
2004-05-27,2.38100004196167,0.0655628172423639,4.123016009255061e-05,0.0,10.0,0.3415821825286612,0.0
2004-05-28,2.424999952316284,0.018479592431406955,4.1746033562554255e-05,0.0,10.0,0.32149343638088884,0.0
2004-06-01,2.5114998817443848,0.03567007469236394,4.337301803013635e-05,0.0,10.0,0.29301257951344,0.0
2004-06-02,2.5174999237060547,0.002389027371764163,4.531745872800312e-05,0.0,10.0,0.2922477329089107,0.0
2004-06-03,2.470000028610229,-0.018867883430121468,4.551587123719473e-05,0.0,10.0,0.3118502590508652,0.0
2004-06-04,2.547499895095825,0.031376463800772525,4.6706351022871716e-05,0.0,10.0,0.28237527583703925,0.0
2004-06-07,2.588000059127808,0.015898004200098015,4.6984127589634485e-05,0.0,10.0,0.27399773943545835,0.0
2004-06-08,2.5969998836517334,0.0034775209885267166,4.9285713642362564e-05,0.0,10.0,0.2776347624390505,0.0
2004-06-09,2.51200008392334,-0.032729997511155906,4.9285713642362564e-05,0.0,10.0,0.31591151456139144,0.0
2004-06-10,2.496999979019165,-0.005971379141336275,5.027777618832059e-05,0.0,10.0,0.3320849605642826,0.0
2004-06-14,2.462500095367432,-0.013816533416746268,5.3134920105101576e-05,0.0,10.0,0.37045870198291625,0.0
2004-06-15,2.505500078201294,0.01746192128672619,5.206349350157238e-05,0.0,10.0,0.3430745498715662,0.0
2004-06-16,2.5285000801086426,0.009179804904999367,5.0674601206703795e-05,0.0,10.0,0.33337983463397325,0.0
2004-06-17,2.4885001182556152,-0.01581964033448191,4.9285713642362564e-05,0.0,10.0,0.3722576368468134,0.0
2004-06-18,2.4800000190734863,-0.0034157519703423844,4.948412615155417e-05,0.0,10.0,0.3903990835178051,0.0
2004-06-21,2.4885001182556152,0.003427459321272197,4.9126985527220226e-05,0.0,10.0,0.38994952870925226,0.0
2004-06-22,2.450000047683716,-0.015471194993909476,5.130952312832787e-05,0.0,10.0,0.42171214320968325,0.0
2004-06-23,2.540499925613404,0.036938724966658176,4.9880951169937386e-05,0.0,10.0,0.3467317007022611,0.0
2004-06-24,2.5510001182556152,0.004133120625727127,4.976190271831694e-05,0.0,10.0,0.3514413512013255,0.0
2004-06-25,2.5899999141693115,0.015288041593806145,5.047618869751219e-05,0.0,10.0,0.329984261544083,0.0
2004-06-28,2.6695001125335693,0.030695058300708844,5.0873013715895396e-05,0.0,10.0,0.29372056560238285,0.0
2004-06-29,2.685499906539917,0.005993554347957231,5.365079357510521e-05,0.0,10.0,0.2949261711474563,0.0
2004-06-30,2.720000028610229,0.012846815591501137,5.1706348146711075e-05,0.0,10.0,0.2904502241183815,0.0
2004-07-01,2.628000020980835,-0.033823531860917355,4.750000105963813e-05,0.0,10.0,0.3315201653129674,0.0
2004-07-02,2.629499912261963,0.0005707348817174385,5.011904807317824e-05,0.0,10.0,0.3395040294963567,0.0
2004-07-06,2.562000036239624,-0.02567023322859663,4.976190271831694e-05,0.0,10.0,0.3917491964436636,0.0
2004-07-07,2.549999952316284,-0.004683873440124109,5.031746058236985e-05,0.0,10.0,0.40394202265781387,0.0
2004-07-08,2.4749999046325684,-0.029411783955364257,4.964285899722387e-05,0.0,10.0,0.45713508634077565,0.0
2004-07-09,2.41599988937378,-0.023838390922098718,4.948412615155417e-05,0.0,10.0,0.502132144599843,0.0
2004-07-12,2.452500104904175,0.015107705795406767,5.007936367912898e-05,0.0,10.0,0.4667623870174533,0.0
2004-07-13,2.4800000190734863,0.011213012433443303,5.2182541953192816e-05,0.0,10.0,0.44316738350703433,0.0
2004-07-14,2.4749999046325684,-0.0020161751622832513,5.2261906010763984e-05,0.0,10.0,0.4486912681851384,0.0
2004-07-15,2.433500051498413,-0.016767618074036372,5.2261906010763984e-05,0.0,10.0,0.4805870439684842,0.0
2004-07-16,2.3550000190734863,-0.03225807715787421,5.206349350157238e-05,0.0,10.0,0.5371929064948452,0.0
2004-07-19,2.3010001182556152,-0.022929894004466322,5.166666848318917e-05,0.0,10.0,0.5628068512062516,0.0
2004-07-20,2.3494999408721924,0.021077714091273014,5.285714353833879e-05,0.0,10.0,0.5309795628410398,0.0
2004-07-21,2.23799991607666,-0.04745691747246461,5.2460318519955585e-05,0.0,10.0,0.6013096291537161,0.0
2004-07-22,2.29099988937378,0.023681847758972197,5.293650759590997e-05,0.0,10.0,0.5605733948903796,0.0
2004-07-23,1.9989999532699585,-0.1274552379763042,5.309524044157967e-05,0.0,10.0,0.6648860004708935,0.0
2004-07-26,1.9390000104904173,-0.030014979580861634,5.523809364863804e-05,0.0,10.0,0.6682553129194929,0.0
2004-07-27,1.95550000667572,0.008509538987124365,5.7023810961889844e-05,0.0,10.0,0.6746393163699957,0.0
2004-07-28,1.8984999656677248,-0.029148576227771672,5.6349204646216496e-05,0.0,10.0,0.6785615281335203,0.0
2004-07-29,1.9290000200271609,0.01606534364550738,5.6031743685404457e-05,0.0,10.0,0.6834160310695403,0.0
2004-07-30,1.94599997997284,0.008812835546492037,5.6031743685404457e-05,0.0,10.0,0.6817058035861496,0.0
2004-08-02,1.914999961853028,-0.015930122527670676,5.682539845269824e-05,0.0,10.0,0.6836440171236909,0.0
2004-08-03,1.8804999589920044,-0.018015667649225464,5.781746099865626e-05,0.0,10.0,0.686737193690288,0.0
2004-08-04,1.8559999465942385,-0.013028456757264939,5.761904848946465e-05,0.0,10.0,0.6829408008117824,0.0
2004-08-05,1.780500054359436,-0.040678822417718696,5.7301587528652614e-05,0.0,10.0,0.6904560768400789,0.0
2004-08-06,1.774500012397766,-0.003369863397071793,5.579365151269095e-05,0.0,10.0,0.6860547229076969,0.0
2004-08-09,1.7660000324249268,-0.004790070393605461,5.7301587528652614e-05,0.0,10.0,0.6827397689866167,0.0
2004-08-10,1.8550000190734863,0.050396367505357365,5.841269852623107e-05,0.0,10.0,0.6951764473689984,0.0
2004-08-11,1.8279999494552608,-0.014555293445070228,5.615079213702489e-05,0.0,10.0,0.6917268613477701,0.0
2004-08-12,1.8144999742507928,-0.007385106990014378,5.587301557026213e-05,0.0,10.0,0.6917156381368518,1.0
2004-08-13,1.80649995803833,-0.0044089370768748415,5.559523900349934e-05,1.0,10.0,0.6912144011449465,1.0
2004-08-16,1.8975000381469729,0.050373696220541,5.6626985943506636e-05,1.0,10.0,0.6587912891016721,1.0
2004-08-17,1.9114999771118164,0.007378096802841405,5.769841254703582e-05,1.0,10.0,0.6495127838941066,1.0
2004-08-18,1.968000054359436,0.029557979557493175,5.742063598027305e-05,1.0,10.0,0.5972506545257794,1.0
2004-08-19,1.93149995803833,-0.018546796398837717,5.7222223471081445e-05,1.0,10.0,0.6214779968605194,1.0
2004-08-20,1.9754999876022337,0.022780238425990307,5.769841254703582e-05,1.0,10.0,0.5798032917618989,1.0
2004-08-23,1.972499966621399,-0.0015186135153946179,5.8611111035422676e-05,1.0,10.0,0.5847945174622731,1.0
2004-08-24,1.9524999856948853,-0.010139407485400764,6.01984111089555e-05,1.0,10.0,0.5996239365995185,1.0
2004-08-25,2.015000104904175,0.032010304567068104,5.99999985997639e-05,1.0,10.0,0.5396562991494767,1.0
2004-08-26,2.009500026702881,-0.0027295672034496343,6.01587314454336e-05,1.0,10.0,0.5469414939485115,1.0
2004-08-27,1.995000004768372,-0.0072157361243233575,6.039682361814711e-05,1.0,10.0,0.5634494110111693,1.0
2004-08-30,1.9155000448226929,-0.039849603887549545,6.119047838544088e-05,1.0,10.0,0.6400168647274861,1.0
2004-08-31,1.906999945640564,-0.0044375353605986545,6.22222205949208e-05,1.0,10.0,0.6407962585733915,1.0
2004-09-01,1.9119999408721924,0.0026219168191685682,6.13888908946325e-05,1.0,10.0,0.6361783772508597,1.0
2004-09-02,1.9589999914169312,0.024581617153868196,6.20238080857292e-05,1.0,10.0,0.5986885817179434,1.0
2004-09-03,1.937000036239624,-0.011230196668553738,6.396825351412333e-05,1.0,10.0,0.6174008022468217,1.0
2004-09-07,1.9255000352859497,-0.005937016385399674,6.337301598654853e-05,1.0,10.0,0.620931535703637,1.0
2004-09-08,1.900500059127808,-0.012983627992730229,6.396825351412333e-05,1.0,10.0,0.63274100532586,1.0
2004-09-09,1.903499960899353,0.0015784802305776058,6.380952539898101e-05,1.0,10.0,0.6225677610116812,1.0
2004-09-10,1.928500056266785,0.013133751447843567,6.440476292655581e-05,1.0,10.0,0.5991127866225564,1.0
2004-09-13,2.000499963760376,0.03733466704324062,6.412698635979305e-05,1.0,10.0,0.5371968270809255,1.0
2004-09-14,2.133500099182129,0.06648344805353057,6.440476292655581e-05,1.0,10.0,0.41731732938514127,1.0
2004-09-15,2.1105000972747803,-0.01078040817348247,6.476190355088976e-05,1.0,10.0,0.4445148090155499,1.0
2004-09-16,2.128499984741211,0.008528730934281192,6.476190355088976e-05,1.0,10.0,0.4410526954782547,1.0
2004-09-17,2.1480000019073486,0.00916138938497979,6.619047550928025e-05,1.0,10.0,0.4280457960067985,1.0
2004-09-20,2.1635000705718994,0.0072160468579083314,6.599206300008865e-05,1.0,10.0,0.4220679971951491,1.0
2004-09-21,2.164499998092652,0.00046218048908497344,6.678571303685506e-05,1.0,10.0,0.42779805961751965,1.0
2004-09-22,2.069000005722046,-0.044121040635139774,6.642857241252112e-05,1.0,10.0,0.5350102320978881,1.0
2004-09-23,2.0915000438690186,0.010874837160341322,6.690476148847549e-05,1.0,10.0,0.5089832658700105,1.0
2004-09-24,2.046999931335449,-0.021276649103602052,6.710317399766709e-05,1.0,10.0,0.5605071968492887,1.0
2004-09-27,1.996500015258789,-0.02467020897441574,6.674603337333316e-05,1.0,10.0,0.6045494067729,1.0
2004-09-28,1.971500039100647,-0.012521901310830419,6.694444588252476e-05,1.0,10.0,0.6136656195754971,1.0
2004-09-29,2.0420000553131104,0.035759581442678545,6.666666458523462e-05,1.0,10.0,0.5480064211950719,1.0
2004-09-30,2.0429999828338623,0.0004896804572311897,6.642857241252112e-05,1.0,10.0,0.5410799626390097,1.0
2004-10-01,2.0234999656677246,-0.009544795560442965,6.575396609684778e-05,1.0,10.0,0.5587841844434821,1.0
2004-10-04,2.05049991607666,0.013343192916747126,6.551587392413427e-05,1.0,10.0,0.5357032034761315,1.0
2004-10-05,2.0480000972747803,-0.0012191265077752256,6.630952396090069e-05,1.0,10.0,0.5331343454853009,1.0
2004-10-06,2.068000078201294,0.0097656152229324,6.638888801847186e-05,1.0,10.0,0.5069258794421619,1.0
2004-10-07,2.057499885559082,-0.005077462400941868,6.595237860603938e-05,1.0,10.0,0.5197471892364769,1.0
2004-10-08,2.0,-0.02794648299261393,6.575396609684778e-05,1.0,10.0,0.5716876569194732,1.0
2004-10-11,2.007499933242798,0.0037499666213989258,6.575396609684778e-05,1.0,10.0,0.5598846046658047,1.0
2004-10-12,2.010999917984009,0.0017434544745200675,6.559523798170544e-05,1.0,10.0,0.5491948957537015,1.0
2004-10-13,1.9989999532699585,-0.0059671632041039535,6.694444588252476e-05,1.0,10.0,0.5561723107642805,1.0
2004-10-14,1.955000042915344,-0.022010961172179933,6.734127090090797e-05,1.0,10.0,0.5835779344424821,1.0
2004-10-15,1.9275000095367432,-0.014066512928353814,6.793650842848277e-05,1.0,10.0,0.5950453752095091,1.0
2004-10-18,1.963500022888184,0.01867704963596495,6.89285709744408e-05,1.0,10.0,0.5644303554958603,1.0
2004-10-19,1.9164999723434448,-0.02393687292939528,7.071428355716523e-05,1.0,10.0,0.5975954750821375,1.0
2004-10-20,1.9175000190734863,0.0005218088935419196,7.091269606635684e-05,1.0,10.0,0.5854719733412488,1.0
2004-10-21,1.9735000133514404,0.029204690336854577,7.130952581526742e-05,1.0,10.0,0.5427043408211268,1.0
2004-10-22,1.7300000190734863,-0.12338484551841333,7.170635083365063e-05,1.0,10.0,0.6769175452962136,1.0
2004-10-25,1.6985000371932983,-0.018208081810922816,7.269841337960863e-05,1.0,10.0,0.6785795422972519,1.0
2004-10-26,1.691499948501587,-0.004121335612849775,7.436507751071265e-05,1.0,10.0,0.6759255311250334,1.0
2004-10-27,1.71150004863739,0.011823884566783516,7.448412596233305e-05,1.0,10.0,0.6728364485718364,1.0
2004-10-28,1.722499966621399,0.00642706261841286,7.408730094394988e-05,1.0,10.0,0.668053879523396,1.0
2004-10-29,1.7065000534057615,-0.009288774180367887,7.408730094394988e-05,1.0,10.0,0.6698268409477135,1.0
2004-11-01,1.7549999952316284,0.02842070923412665,7.468253847152467e-05,1.0,10.0,0.6512757655840314,1.0
2004-11-02,1.812000036239624,0.03247865593325683,7.710317297587319e-05,1.0,10.0,0.6088366895387748,1.0
2004-11-03,1.7960000038146973,-0.00883003979300745,7.611111042991518e-05,1.0,10.0,0.6213788110313861,1.0
2004-11-04,1.8454999923706048,0.02756124078550659,7.686508080315969e-05,1.0,10.0,0.5760894621748778,1.0
2004-11-05,1.8279999494552608,-0.009482548354207587,7.865079338588413e-05,1.0,10.0,0.5914279874463181,1.0
2004-11-08,1.866000056266785,0.020787805176279095,7.94444481531779e-05,1.0,10.0,0.5542335139562605,1.0
2004-11-09,1.870000004768372,0.0021435950594714814,8.083333098699176e-05,1.0,10.0,0.5484845870870615,1.0
2004-11-10,1.9045000076293943,0.0184491993438769,8.051587475670708e-05,1.0,10.0,0.5216460474924113,1.0
2004-11-11,1.941499948501587,0.01942764018060994,8.051587475670708e-05,1.0,10.0,0.48367263951805883,1.0
2004-11-12,2.0230000019073486,0.04197788079709297,8.079365132346986e-05,1.0,10.0,0.4129223200660939,1.0
2004-11-15,2.0445001125335693,0.010627835198195656,8.162698102375818e-05,1.0,10.0,0.4022455651363958,1.0
2004-11-16,2.003499984741211,-0.020053864287417733,8.297619365510486e-05,1.0,10.0,0.4455016991507119,1.0
2004-11-17,1.995000004768372,-0.00424256552911173,8.253967951214503e-05,1.0,10.0,0.46122684623675253,1.0
2004-11-18,2.0185000896453857,0.011779491138268039,8.281745607890782e-05,1.0,10.0,0.4437172618397113,1.0
2004-11-19,1.9275000095367432,-0.0450830200976754,8.31746014337691e-05,1.0,10.0,0.5407216842856453,1.0
2004-11-22,1.902500033378601,-0.012970156178702452,8.42063483737764e-05,1.0,10.0,0.5594003222146651,1.0
2004-11-23,1.9155000448226929,0.006833120218665778,8.468254218025813e-05,1.0,10.0,0.5508630838525946,1.0
2004-11-24,1.9375,0.011485228223705679,8.46031733921596e-05,1.0,10.0,0.5273772679710699,1.0
2004-11-26,1.9544999599456787,0.008774172875189112,8.539682342892602e-05,1.0,10.0,0.5143825950196181,1.0
2004-11-29,1.9470000267028809,-0.0038372644648231313,8.559524066864496e-05,1.0,10.0,0.5154220645698337,1.0
2004-11-30,1.9839999675750728,0.019003564645476034,8.658729848407565e-05,1.0,10.0,0.4771781491087541,1.0
2004-12-01,1.9989999532699585,0.00756047678429117,8.619047346569243e-05,1.0,10.0,0.4588273239835385,1.0
2004-12-02,2.008500099182129,0.004752449291772098,8.619047346569243e-05,1.0,10.0,0.45324255842267974,1.0
2004-12-03,2.004499912261963,-0.0019916289383281605,8.599206568702819e-05,1.0,10.0,0.4574064855528877,1.0
2004-12-06,1.9744999408721924,-0.014966312149107153,8.666666727217417e-05,1.0,10.0,0.4861835932664525,1.0
2004-12-07,1.909999966621399,-0.032666485784903054,8.738094852084208e-05,1.0,10.0,0.548286187674969,1.0
2004-12-08,1.9359999895095823,0.013612577666257675,8.718254074217781e-05,1.0,10.0,0.5233645463830987,1.0
2004-12-09,1.991000056266785,0.028409125545054925,8.718254074217781e-05,1.0,10.0,0.4713268485112644,1.0
2004-12-10,1.9524999856948853,-0.019337051473564015,8.734126885732017e-05,1.0,10.0,0.5151766360316142,1.0
2004-12-13,1.9915000200271609,0.01997440953547347,8.64682500324552e-05,1.0,10.0,0.4789523476353594,1.0
2004-12-14,2.0220000743865967,0.015315116270508522,8.638889070541139e-05,1.0,10.0,0.44922976201351644,1.0
2004-12-15,2.049999952316284,0.0138476146882347,8.599206568702819e-05,1.0,10.0,0.4253747152190049,1.0
2004-12-16,2.002500057220459,-0.02317068107350706,8.551587188054645e-05,1.0,10.0,0.471436194438791,1.0
2004-12-17,2.000499963760376,-0.000998798203711071,8.539682342892602e-05,1.0,10.0,0.4761887872215914,1.0
2004-12-20,1.9474999904632568,-0.026493363787667423,8.563492033216687e-05,1.0,10.0,0.526407127739042,1.0
2004-12-21,1.969499945640564,0.011296511057786507,8.619047346569243e-05,1.0,10.0,0.4995199273929011,1.0
2004-12-22,1.9759999513626096,0.0033003330294236743,8.519841565026177e-05,1.0,10.0,0.48686100979554686,1.0
2004-12-23,1.946499943733216,-0.014929154026067204,8.519841565026177e-05,1.0,10.0,0.5183916368223873,1.0
2004-12-27,2.112499952316284,0.08528128095636855,8.658729848407565e-05,1.0,10.0,0.3689576340749697,1.0
2004-12-28,2.2314999103546143,0.05633134235475401,8.773809387570336e-05,1.0,10.0,0.3009146424029669,1.0
2004-12-29,2.240999937057495,0.004257238218473125,8.658729848407565e-05,1.0,10.0,0.30267344186166645,1.0
2004-12-30,2.248500108718872,0.0033467969085376748,8.611111413864862e-05,1.0,10.0,0.30661460756442205,1.0
2004-12-31,2.2144999504089355,-0.015121261581485412,8.658729848407565e-05,1.0,10.0,0.3345629553065111,1.0
2005-01-03,2.2260000705718994,0.005193100212461221,8.746031730894059e-05,1.0,10.0,0.7861331353161454,1.0
2005-01-04,2.1070001125335693,-0.053459098951311734,9.095238314734564e-05,1.0,10.0,0.8918798697640951,1.0
2005-01-05,2.088500022888184,-0.008780298366068862,9.055555812896242e-05,1.0,10.0,0.8913412427501887,1.0
2005-01-06,2.052500009536743,-0.017237257819924023,8.996031587086026e-05,1.0,10.0,0.8848208794042292,1.0
2005-01-07,2.115999937057495,0.030937845176957746,9.035714088924347e-05,1.0,10.0,0.885694193011006,1.0
2005-01-10,2.0920000076293945,-0.011342121995275067,9.019841277410113e-05,1.0,10.0,0.8826962039081285,1.0
2005-01-11,2.0820000171661377,-0.00478011014664792,9.134920816572886e-05,1.0,10.0,0.8845235383629454,1.0
2005-01-12,2.115000009536743,0.01585014029707965,9.095238314734564e-05,1.0,10.0,0.8850876020272377,1.0
2005-01-13,2.130000114440918,0.0070922481496633605,9.134920816572886e-05,1.0,10.0,0.8671287704288094,1.0
2005-01-14,2.227499961853028,0.04577457379043448,9.206348941439675e-05,1.0,10.0,0.8115804534539283,1.0
2005-01-18,2.2290000915527344,0.0006734589115138245,9.134920816572886e-05,1.0,10.0,0.8171188372842028,1.0
2005-01-19,2.197999954223633,-0.013907642914230078,9.234126598115952e-05,1.0,10.0,0.8491468929694704,1.0
2005-01-20,2.118000030517578,-0.036396690342203386,9.154761594439309e-05,1.0,10.0,0.8870059114327865,1.0
2005-01-21,2.058000087738037,-0.028328584473570007,9.134920816572886e-05,1.0,10.0,0.8805228440839625,1.0
2005-01-24,2.0190000534057617,-0.018950453192225325,9.130952850220695e-05,1.0,10.0,0.8640721306444453,1.0
2005-01-25,2.046999931335449,0.013868190782093226,9.369047861250617e-05,1.0,10.0,0.8740736690820039,1.0
2005-01-26,2.066999912261963,0.009770386710988177,9.384920672764854e-05,1.0,10.0,0.8814934573721244,1.0
2005-01-27,2.115499973297119,0.023463987950576026,9.472222555251348e-05,1.0,10.0,0.8814501391828422,1.0
2005-01-28,2.111000061035156,-0.0021271152534925175,9.551587558927988e-05,1.0,10.0,0.8796967973819526,1.0
2005-01-31,2.1610000133514404,0.023685433856295735,9.611110838632734e-05,1.0,10.0,0.8631108882927095,1.0
2005-02-01,2.124000072479248,-0.0171216754482153,9.76984084598602e-05,1.0,10.0,0.8774726923306793,1.0
2005-02-02,2.094000101089477,-0.014124279833358622,9.753968034471785e-05,1.0,10.0,0.8593474644602316,1.0
2005-02-03,1.787500023841858,-0.1463706124408264,9.650793340471055e-05,1.0,10.0,0.7493535583009349,1.0
2005-02-04,1.7860000133514404,-0.0008391666967330069,9.611110838632734e-05,1.0,10.0,0.7511804195095373,1.0
2005-02-07,1.784500002861023,-0.0008398714889159553,9.670635064442953e-05,1.0,10.0,0.7648794547740139,1.0
2005-02-08,1.815000057220459,0.01709165273776203,9.781745691148062e-05,1.0,10.0,0.7932412498910888,1.0
2005-02-09,1.7944999933242798,-0.011294800688642193,9.789682569957914e-05,1.0,10.0,0.7979718323991272,1.0
2005-02-10,1.7890000343322754,-0.003064897750050033,9.789682569957914e-05,1.0,10.0,0.8028284538969892,1.0
2005-02-11,1.7890000343322754,0.0,9.896825230310834e-05,1.0,10.0,0.8184085438145728,1.0
2005-02-14,1.8014999628067017,0.006987103540829098,9.849206795768133e-05,1.0,10.0,0.8346425575171593,1.0
2005-02-15,1.807000041007996,0.0030530548514280387,0.00010047619304959735,1.0,10.0,0.8449527249169846,1.0
2005-02-16,1.7829999923706057,-0.01328170896111458,0.00010027777580987839,1.0,10.0,0.8412222228340541,1.0
2005-02-17,1.784500002861023,0.0008412846308669675,0.00010027777580987839,1.0,10.0,0.8479077137127139,1.0
2005-02-18,1.7654999494552612,-0.010647270033790734,0.00010126984308636378,1.0,10.0,0.8440357813006164,1.0
2005-02-22,1.7359999418258667,-0.016709152350016576,0.0001021031727866521,1.0,10.0,0.8345929336883301,1.0
2005-02-23,1.7070000171661377,-0.016705026285443236,0.00010416666666666666,1.0,10.0,0.823875866035184,1.0
2005-02-24,1.7345000505447388,0.016110154131254717,0.00010464286047314841,1.0,10.0,0.8453974415566861,1.0
2005-02-25,1.749500036239624,0.008648016868131103,0.0001061507917585827,1.0,10.0,0.852911895503326,1.0
2005-02-28,1.758999943733215,0.005430069903862522,0.00010674603401668488,1.0,10.0,0.8562420364386694,1.0
2005-03-01,1.7695000171661377,0.005969342676974687,0.00010682539334372869,1.0,10.0,0.8535452811572108,1.0
2005-03-02,1.774999976158142,0.003108199456710148,0.00010623016054668125,1.0,10.0,0.8538808740179495,1.0
2005-03-03,1.7825000286102295,0.004225381719903387,0.00010682539334372869,1.0,10.0,0.854107361121646,1.0
2005-03-04,1.7925000190734863,0.005610092736466177,0.00010682539334372869,1.0,10.0,0.8551016179773672,1.0
2005-03-07,1.815999984741211,0.013110162018224791,0.00010623016054668125,1.0,10.0,0.8551995384648177,1.0
2005-03-08,1.7914999723434448,-0.013491196367635183,0.00010682539334372869,1.0,10.0,0.8581240129631309,1.0
2005-03-09,1.7699999809265137,-0.012001111777192652,0.00010682539334372869,1.0,10.0,0.8539022844244849,1.0
2005-03-10,1.7454999685287476,-0.013841815063151297,0.00010662698556506445,1.0,10.0,0.8485295155279373,1.0
2005-03-11,1.7374999523162842,-0.004583223349586496,0.00010682539334372869,1.0,10.0,0.8417909720690694,1.0
2005-03-14,1.7300000190734863,-0.004316508459640267,0.00010761904338049512,1.0,10.0,0.8347350289066392,1.0
2005-03-15,1.7089999914169312,-0.012138744176316218,0.0001086111106569805,1.0,10.0,0.8312902532729005,1.0
2005-03-16,1.69350004196167,-0.009069601833297969,0.00010841270287831624,1.0,10.0,0.826693890754171,1.0
2005-03-17,1.6985000371932983,0.0029524624196859417,0.00010821428563859729,1.0,10.0,0.8273534840195844,1.0
2005-03-18,1.7079999446868896,0.005593115858442577,0.00010880952789669945,1.0,10.0,0.8281971060628405,1.0
2005-03-21,1.683500051498413,-0.014344200223594172,0.00010940476069374691,1.0,10.0,0.8246362566223081,1.0
2005-03-22,1.6575000286102295,-0.01544402856717586,0.00011119047800699869,1.0,10.0,0.8181040311332951,1.0
2005-03-23,1.659000039100647,0.0009049836890049345,0.00010956348880888923,1.0,10.0,0.8165929941022475,1.0
2005-03-24,1.6440000534057615,-0.009041582484239807,0.00010992063416375054,1.0,10.0,0.8079764136949796,1.0
2005-03-28,1.6694999933242798,0.015510911855320053,0.00011000000295184907,1.0,10.0,0.8308496063966891,1.0
2005-03-29,1.6714999675750732,0.0011979480436001833,0.00011000000295184907,1.0,10.0,0.825692327477859,1.0
2005-03-30,1.715999960899353,0.02662279042029425,0.00010960317793346585,1.0,10.0,0.8471025421411844,1.0
2005-03-31,1.7135000228881836,-0.0014568403660447649,0.00010801586839887831,1.0,10.0,0.8438888748861247,1.0
2005-04-01,1.7005000114440918,-0.0075868171989748046,0.00010821428563859729,1.0,10.0,0.8395367969646361,1.0
2005-04-04,1.75,0.02910907863733092,0.00010666666522858635,1.0,10.0,0.8470393420680605,1.0
2005-04-05,1.7640000581741333,0.008000033242361981,0.00010825396530211923,1.0,10.0,0.8420225150966841,1.0
2005-04-06,1.741000056266785,-0.013038549404105537,0.00010722221836211192,1.0,10.0,0.8499768853368393,1.0
2005-04-07,1.7450000047683716,0.002297500501041716,0.0001071428590350681,1.0,10.0,0.8438043439586861,1.0
2005-04-08,1.7300000190734863,-0.00859598031741915,0.00010761904338049512,1.0,10.0,0.8457136341367273,1.0
2005-04-11,1.7300000190734863,0.0,0.00010702381058344766,1.0,10.0,0.8409993338299165,1.0
2005-04-12,1.7315000295639038,0.0008670580773870729,0.00010742063560183086,1.0,10.0,0.8352543912836156,1.0
2005-04-13,1.715000033378601,-0.009529307481131455,0.00010781746062021408,1.0,10.0,0.8368052123567171,1.0
2005-04-14,1.6985000371932983,-0.00962098884208018,0.00010761904338049512,1.0,10.0,0.8350160162538568,1.0
2005-04-15,1.6510000228881836,-0.02796586003236512,0.00010809523718697683,1.0,10.0,0.8351247494260441,1.0
2005-04-18,1.649999976158142,-0.0006057218147653698,0.0001115873030253819,1.0,10.0,0.8288924512437448,1.0
2005-04-19,1.6390000581741333,-0.006666617056335311,0.00011297618585919577,1.0,10.0,0.826137092643653,1.0
2005-04-20,1.662500023841858,0.014337989526311379,0.00011138888578566294,1.0,10.0,0.8339991762635981,1.0
2005-04-21,1.6864999532699585,0.01443604756927419,0.00011178571080404614,1.0,10.0,0.840730512789479,1.0
2005-04-22,1.6519999504089355,-0.02045656911767524,0.00011341270000215561,1.0,10.0,0.83848781961655,1.0
2005-04-25,1.6764999628067017,0.014830516424471751,0.00011238095306214832,1.0,10.0,0.8449789121178767,1.0
2005-04-26,1.6354999542236328,-0.024455716965498087,0.00011317460309891476,1.0,10.0,0.8390455637490921,1.0
2005-04-27,1.5859999656677246,-0.030265967558162132,0.00011190475925566658,1.0,10.0,0.8185882459334326,1.0
2005-04-28,1.6260000467300415,0.025220732615512054,0.00011154762336186001,1.0,10.0,0.840570511718048,1.0
2005-04-29,1.618000030517578,-0.004920059029857926,0.00011257936084081259,1.0,10.0,0.8326212209360335,1.0
2005-05-02,1.6549999713897705,0.022867700973007166,0.0001119841280437651,1.0,10.0,0.8407462830397748,1.0
2005-05-03,1.6605000495910645,0.003323310148866776,0.0001130952343108162,1.0,10.0,0.8421417272836997,1.0
2005-05-04,1.6979999542236328,0.02258350106150475,0.00011091270144023593,1.0,10.0,0.8354013649976123,1.0
2005-05-05,1.6979999542236328,0.0,0.0001090079356753637,1.0,10.0,0.8350864150818713,1.0
2005-05-06,1.72599995136261,0.016489986981053528,0.00011119047800699869,1.0,10.0,0.8266224407896098,1.0
2005-05-09,1.7319999933242798,0.0034762700641635114,0.00011099206076727973,1.0,10.0,0.8213589424132866,1.0
2005-05-10,1.71150004863739,-0.011835995823269996,0.0001119841280437651,1.0,10.0,0.8299707861426847,1.0
2005-05-11,1.690999984741211,-0.01197783424692278,0.00011119047800699869,1.0,10.0,0.8371050131382801,1.0
2005-05-12,1.6924999952316284,0.0008870552950637212,0.00011178571080404614,1.0,10.0,0.833631634083501,1.0
2005-05-13,1.6950000524520874,0.0014771386868552838,0.00010940476069374691,1.0,10.0,0.8315571036443278,1.0
2005-05-16,1.7269999980926514,0.018879023392519123,0.0001090079356753637,1.0,10.0,0.8266504121915157,1.0
2005-05-17,1.7365000247955322,0.00550088402627269,0.0001115873030253819,1.0,10.0,0.8174680492308339,1.0
2005-05-18,1.7664999961853027,0.017276113424359307,0.00011059523574889653,1.0,10.0,0.8083433418388363,1.0
2005-05-19,1.7795000076293943,0.0073591913230481865,0.00011119047800699869,1.0,10.0,0.8024353093813577,1.0
2005-05-20,1.774999976158142,-0.0025288178993868593,0.00011210317649538555,1.0,10.0,0.7997341963595896,1.0
2005-05-23,1.784000039100647,0.005070458063884065,0.00011289682653215195,1.0,10.0,0.7950385006131985,1.0
2005-05-24,1.7769999504089355,-0.003923816445228545,0.00011436507815406436,1.0,10.0,0.790605541126533,1.0
2005-05-25,1.7625000476837158,-0.008159765407918518,0.00011388888434758262,1.0,10.0,0.8014355484679173,1.0
2005-05-26,1.7725000381469729,0.0056737533008290875,0.0001137698453570169,1.0,10.0,0.7951571294169759,1.0
2005-05-27,1.774999976158142,0.001410402232646879,0.00011456349539378332,1.0,10.0,0.7859334053002297,1.0
2005-05-31,1.7755000591278076,0.00028173688810295694,0.00011436507815406436,1.0,10.0,0.7852721186131961,1.0
2005-06-01,1.825000047683716,0.027879463197666432,0.00011535714543054972,1.0,10.0,0.7749546073199158,1.0
2005-06-02,1.820500016212464,-0.0024657706047533923,0.00011539682509407163,1.0,10.0,0.7799571625964952,1.0
2005-06-03,1.7795000076293943,-0.02252128987527824,0.0001162698439189366,1.0,10.0,0.8195671281417369,1.0
2005-06-06,1.78849995136261,0.005057568808445989,0.00011634920324598041,1.0,10.0,0.8131332541712766,1.0
2005-06-07,1.7675000429153442,-0.011741632104192434,0.00011694444550408257,1.0,10.0,0.8179937292681726,1.0
2005-06-08,1.7415000200271606,-0.01471005502511824,0.00011694444550408257,1.0,10.0,0.8189266619982207,1.0
2005-06-09,1.7599999904632568,0.010623009028623231,0.00011615079546731615,1.0,10.0,0.8183004651589617,1.0
2005-06-10,1.747499942779541,-0.007102299858777639,0.00011654762048569937,1.0,10.0,0.8168117981419368,1.0
2005-06-13,1.743499994277954,-0.0022889548684188465,0.00011654762048569937,1.0,10.0,0.8124902350643001,1.0
2005-06-14,1.7519999742507937,0.00487523946127677,0.00011753967830113004,1.0,10.0,0.80778688486114,1.0
2005-06-15,1.7619999647140503,0.0057077571976180685,0.00011726190173436724,1.0,10.0,0.8013437182277808,1.0
2005-06-16,1.7790000438690186,0.009648172244842934,0.00011515872819083078,1.0,10.0,0.7950967641330104,1.0
2005-06-17,1.7654999494552612,-0.007588585767764777,0.00011559524233379061,1.0,10.0,0.7982047178722113,1.0
2005-06-20,1.784500002861023,0.010761854403691151,0.00011587301890055338,1.0,10.0,0.792359175212274,1.0
2005-06-21,1.7690000534057615,-0.008685878078123266,0.00011706349395570301,1.0,10.0,0.796123547758777,1.0
2005-06-22,1.7610000371932983,-0.004522338027667772,0.00011753967830113004,1.0,10.0,0.7929455549366872,1.0
2005-06-23,1.7714999914169312,0.0059624951742578425,0.00011904761904761905,1.0,10.0,0.7885704242347058,1.0
2005-06-24,1.7510000467300415,-0.011572082859844013,0.00011904761904761905,1.0,10.0,0.7931686226925739,1.0
2005-06-27,1.725000023841858,-0.014848670584982626,0.00012043651134248764,1.0,10.0,0.7977651570310242,1.0
2005-06-28,1.6855000257492063,-0.022898549302439175,0.00012202381141602047,1.0,10.0,0.8005053383734063,1.0
2005-06-29,1.6675000190734863,-0.010679327440365372,0.00012154761760953873,1.0,10.0,0.7943790401697267,1.0
2005-06-30,1.6545000076293943,-0.007796108722874395,0.0001214285691579183,1.0,10.0,0.7896206918840661,1.0
2005-07-01,1.6454999446868896,-0.005439747900273573,0.0001226190442130679,1.0,10.0,0.7852411663050619,1.0
2005-07-05,1.7039999961853027,0.035551536593667166,0.00012448413031441826,1.0,10.0,0.8169391458883952,1.0
2005-07-06,1.7029999494552612,-0.0005868818851409996,0.00012380951926821754,1.0,10.0,0.8126206463223166,1.0
2005-07-07,1.6979999542236328,-0.002935992589563896,0.0001222222191946847,1.0,10.0,0.8063925330173173,1.0
2005-07-08,1.7369999885559082,0.022968218718302014,0.00012281746145278687,1.0,10.0,0.8110862869897774,1.0
2005-07-11,1.7795000076293943,0.02446748379590913,0.00012281746145278687,1.0,10.0,0.8027798717717848,1.0
2005-07-12,1.815500020980835,0.020230409214439415,0.0001244047615263197,1.0,10.0,0.7878230798695762,1.0
2005-07-13,1.825500011444092,0.00550811916700189,0.0001248015865447029,1.0,10.0,0.7803253837259494,1.0
2005-07-14,1.8595000505447388,0.01862505553957816,0.0001250793631114657,1.0,10.0,0.765411215747058,1.0
2005-07-15,1.857499957084656,-0.0010756081773145576,0.000126111110051473,1.0,10.0,0.7686587529379739,1.0
2005-07-18,1.8595000505447388,0.00107676635601206,0.00012619047883957152,1.0,10.0,0.7619750721111683,1.0
2005-07-19,1.9084999561309808,0.026351118179258837,0.00012785713824014816,1.0,10.0,0.7341250181407724,1.0
2005-07-20,1.9084999561309808,0.0,0.00012809523514338905,1.0,10.0,0.7312386785556424,1.0
2005-07-21,1.8975000381469729,-0.005763645919231508,0.00012968253521692186,1.0,10.0,0.7523732009153826,1.0
2005-07-22,1.8975000381469729,0.0,0.00013067460249340722,1.0,10.0,0.7501553494821501,1.0
2005-07-25,1.8975000381469729,0.0,0.00013154762131827217,1.0,10.0,0.7561157141714865,1.0
2005-07-26,1.8869999647140503,-0.005533635426524963,0.00013329364950694734,1.0,10.0,0.763908070530061,1.0
2005-07-27,2.182499885559082,0.15659773522561293,0.00013194444633665538,1.0,10.0,0.5505366958376121,1.0
2005-07-28,2.2839999198913574,0.04650631828384921,0.00013154762131827217,1.0,10.0,0.49797086468603513,1.0
2005-07-29,2.257499933242798,-0.011602446400182043,0.00013222222290341814,1.0,10.0,0.5322806444175768,1.0
2005-08-01,2.246500015258789,-0.004872610546751144,0.000133134921391805,1.0,10.0,0.561802885062661,1.0
2005-08-02,2.325500011444092,0.035165811550730064,0.0001349999980321006,1.0,10.0,0.5207277048262602,1.0
2005-08-03,2.305500030517578,-0.008600292766326012,0.00013432539644695464,1.0,10.0,0.5559903768432721,1.0
2005-08-04,2.2730000019073486,-0.014096737445253193,0.0001341269886682904,1.0,10.0,0.6141161873889989,1.0
2005-08-05,2.263499975204468,-0.0041795102045352195,0.00013638889032696922,1.0,10.0,0.6459853187701345,1.0
2005-08-08,2.282999992370605,0.008614984484095478,0.0001360317449721079,1.0,10.0,0.6436147378627792,1.0
2005-08-09,2.296499967575073,0.005913261169330886,0.00013630952153887067,1.0,10.0,0.6487987938701347,1.0
2005-08-10,2.23799991607666,-0.02547356948590951,0.00013626984187534876,1.0,10.0,0.7336298832344377,1.0
2005-08-11,2.260499954223633,0.010053636725070314,0.000135793648068867,1.0,10.0,0.7188383450768003,1.0
2005-08-12,2.2100000381469727,-0.022340153549794795,0.00013623016221182686,1.0,10.0,0.779864560851425,1.0
2005-08-15,2.252000093460083,0.019004549587395614,0.000135992065308586,1.0,10.0,0.7503970763704813,1.0
2005-08-16,2.213500022888184,-0.0170959453703865,0.00013698412312401667,1.0,10.0,0.7909717797793581,1.0
2005-08-17,2.2060000896453857,-0.003388268879713996,0.00013630952153887067,1.0,10.0,0.7929004426430791,1.0
2005-08-18,2.186500072479248,-0.008839535980831426,0.00013531746372344,1.0,10.0,0.8062293692884283,1.0
2005-08-19,2.186000108718872,-0.000228659384314156,0.0001360317449721079,1.0,10.0,0.8072650420521216,1.0
2005-08-22,2.188499927520752,0.0011435584069321436,0.000135793648068867,1.0,10.0,0.8040210275527581,1.0
2005-08-23,2.1710000038146973,-0.007996309931743717,0.00013650793877858963,1.0,10.0,0.8109978213447485,1.0
2005-08-24,2.118499994277954,-0.02418240877222233,0.00013611111376020643,1.0,10.0,0.8337882343646994,1.0
2005-08-25,2.115499973297119,-0.0014161062020005,0.00013630952153887067,1.0,10.0,0.8301671135481299,1.0
2005-08-26,2.118499994277954,0.0014181144026010895,0.00013757936538211883,1.0,10.0,0.8253338202679698,1.0
2005-08-29,2.13949990272522,0.009912630872781047,0.0001382936466307867,1.0,10.0,0.8227649291578792,1.0
2005-08-30,2.124500036239624,-0.007010921789007751,0.00013797619040050205,1.0,10.0,0.8247621644775937,1.0
2005-08-31,2.134999990463257,0.00494231774277476,0.00013611111376020643,1.0,10.0,0.8169324496226087,1.0
2005-09-01,2.0920000076293945,-0.020140507272101704,0.0001335317464101882,1.0,10.0,0.8334441234210351,1.0
2005-09-02,2.075500011444092,-0.007887187440309917,0.00013400794021666996,1.0,10.0,0.8322530170981468,1.0
2005-09-06,2.180999994277954,0.05083111647899119,0.00013531746372344,1.0,10.0,0.8133579605869488,1.0
2005-09-07,2.186500072479248,0.0025218148627803583,0.00013511904648372104,1.0,10.0,0.809866720352815,1.0
2005-09-08,2.1480000019073486,-0.017608081086521343,0.0001348412699169583,1.0,10.0,0.833104868438016,1.0
2005-09-09,2.1475000381469727,-0.0002327578025754784,0.0001348015902534364,1.0,10.0,0.8289325523444929,1.0
2005-09-12,2.2249999046325684,0.03608841215782643,0.00013551587150210427,1.0,10.0,0.7946204521648208,1.0
2005-09-13,2.196500062942505,-0.012808918162524496,0.00013507936682019913,1.0,10.0,0.8150979167893884,1.0
2005-09-14,2.1549999713897705,-0.01889373565377428,0.00013273809637342178,1.0,10.0,0.8369961851896642,1.0
2005-09-15,2.135499954223633,-0.009048731983769875,0.000133134921391805,1.0,10.0,0.8348198697565709,1.0
2005-09-16,2.140000104904175,0.00210730544462967,0.0001352777745988634,1.0,10.0,0.8347926878294182,1.0
2005-09-19,2.137500047683716,-0.001168250980329244,0.00013650793877858963,1.0,10.0,0.8307728154402506,1.0
2005-09-20,2.0934998989105225,-0.020584864463920716,0.0001398809561653743,1.0,10.0,0.8394871038794021,1.0
2005-09-21,2.0625,-0.014807690665117779,0.00013261904792180137,1.0,10.0,0.8330757475235272,1.0
2005-09-22,2.1040000915527344,0.02012125651041674,0.0001341269886682904,1.0,10.0,0.8399149674170536,1.0
2005-09-23,2.109499931335449,0.00261399217842051,0.0001345238136866736,1.0,10.0,0.8362656593205736,1.0
2005-09-26,2.1670000553131104,0.02725770364982183,0.00013591269652048747,1.0,10.0,0.8227012838839355,1.0
2005-09-27,2.157999992370605,-0.00415323613879881,0.00013511904648372104,1.0,10.0,0.8233042968049604,1.0
2005-09-28,2.1684999465942383,0.004865595116197774,0.00013440476523505316,1.0,10.0,0.8157058573539969,1.0
2005-09-29,2.239500045776367,0.03274157294476243,0.00013722222002725753,1.0,10.0,0.7818656382217811,1.0
2005-09-30,2.265000104904175,0.011386496363730902,0.00013769841383373923,1.0,10.0,0.7673646605033152,1.0
2005-10-03,2.30049991607666,0.015673205089757447,0.0001382936466307867,1.0,10.0,0.7469374877245661,1.0
2005-10-04,2.246500015258789,-0.02347311575214661,0.00014027778118375748,1.0,10.0,0.8038146443824,1.0
2005-10-05,2.2244999408721924,-0.009793044396691153,0.00013849206387050566,1.0,10.0,0.8151436969680182,1.0
2005-10-06,2.200500011444092,-0.010788909897066823,0.00013936508269537062,1.0,10.0,0.8228654815948431,1.0
2005-10-07,2.186000108718872,-0.006589367257355372,0.00014019841239565892,1.0,10.0,0.8234303384489998,1.0
2005-10-10,2.187999963760376,0.0009148467255457593,0.00014019841239565892,1.0,10.0,0.8173291423348201,1.0
2005-10-11,2.1700000762939453,-0.008226639746143016,0.00014126983899918815,1.0,10.0,0.8152742258654716,1.0
2005-10-12,2.127500057220459,-0.019585261557257816,0.00014345238133082314,1.0,10.0,0.8197596794880991,1.0
2005-10-13,2.13100004196167,0.0016451161678385784,0.00014531745797111872,1.0,10.0,0.8207362554977135,1.0
2005-10-14,2.189500093460083,0.02745192414194486,0.00014690475804465157,1.0,10.0,0.8203223053324508,1.0
2005-10-17,2.250999927520752,0.02808852771660786,0.00014670635026598736,1.0,10.0,0.7971860839433537,1.0
2005-10-18,2.2325000762939453,-0.008218503697235757,0.00014960317384629023,1.0,10.0,0.8063682039806371,1.0
2005-10-19,2.2929999828338623,0.02709962126422405,0.0001490873003762866,1.0,10.0,0.7731811488662217,1.0
2005-10-20,2.250499963760376,-0.01853467919391849,0.000149206348827907,1.0,10.0,0.8091026295246925,1.0
2005-10-21,2.297499895095825,0.02088421777040006,0.00014940476606762598,1.0,10.0,0.7823046211499083,1.0
2005-10-24,2.3464999198913574,0.021327541690045804,0.00014940476606762598,1.0,10.0,0.7488678290152789,1.0
2005-10-25,2.308500051498413,-0.016194276450136713,0.00015226190052335228,1.0,10.0,0.7883480594647739,1.0
2005-10-26,1.987499952316284,-0.1390513718956916,0.00015099206614115881,1.0,10.0,0.8338165566436032,1.0
2005-10-27,1.9529999494552608,-0.01735849242200782,0.00015047619267115518,1.0,10.0,0.8293647665779575,1.0
2005-10-28,1.9474999904632568,-0.0028161593109810035,0.00015178571617792524,1.0,10.0,0.8360488365208733,1.0
2005-10-31,1.993000030517578,0.023363306945895168,0.00015099206614115881,1.0,10.0,0.8701909286469304,1.0
2005-11-01,2.0185000896453857,0.01279481120789816,0.00015325396779983762,1.0,10.0,0.8876130342588903,1.0
2005-11-02,2.0374999046325684,0.00941283831724804,0.00015226190052335228,1.0,10.0,0.8963427390502569,1.0
2005-11-03,2.078000068664551,0.01987738205037415,0.00015265872554173546,1.0,10.0,0.9043349404398895,1.0
2005-11-04,2.054500102996826,-0.011308934018865124,0.00015337301625145808,1.0,10.0,0.9021168704164936,1.0
2005-11-07,2.069499969482422,0.007300981130989426,0.00015186507550496905,1.0,10.0,0.9002968335737349,1.0
2005-11-08,2.0975000858306885,0.01352989454513942,0.00015325396779983762,1.0,10.0,0.8930656884062038,1.0
2005-11-09,2.069999933242798,-0.013110918456529896,0.0001538492100579398,1.0,10.0,0.8982764177456708,1.0
2005-11-10,2.108999967575073,0.01884059690339157,0.00015365079281822084,1.0,10.0,0.892223987817657,1.0
2005-11-11,2.134000062942505,0.011854004623896408,0.00015365079281822084,1.0,10.0,0.8849683977160362,1.0
2005-11-14,2.126499891281128,-0.003514607047871987,0.00015404761783660405,1.0,10.0,0.8881699625030746,1.0
2005-11-15,2.2225000858306885,0.04514469760528628,0.0001553571413433741,1.0,10.0,0.8558628127261318,1.0
2005-11-16,2.265000104904175,0.01912261751729094,0.00015523809289175365,1.0,10.0,0.8275427677298441,1.0
2005-11-17,2.336999893188477,0.03178798452521403,0.00015523809289175365,1.0,10.0,0.7616924313680026,1.0
2005-11-18,2.3989999294281006,0.02652975570103,0.00015523809289175365,1.0,10.0,0.6502279368930768,1.0
2005-11-21,2.399499893188477,0.00020840507506636463,0.0001545634913066077,1.0,10.0,0.6568004030259158,1.0
2005-11-22,2.442500114440918,0.017920493088791956,0.000152063492744688,1.0,10.0,0.6310748213703486,1.0
2005-11-23,2.4119999408721924,-0.012487276208667408,0.00015285714278145442,1.0,10.0,0.6947962438253785,1.0
2005-11-25,2.4030001163482666,-0.003731270623775984,0.00015285714278145442,1.0,10.0,0.7289488073789215,1.0
2005-11-28,2.4175000190734863,0.006034083238936505,0.0001519841239565895,1.0,10.0,0.724897041492963,1.0
2005-11-29,2.427500009536743,0.004136500676053423,0.000154246035076323,1.0,10.0,0.7263893693960976,1.0
2005-11-30,2.4230000972747803,-0.0018537228606733125,0.00015305556002117335,1.0,10.0,0.7429375246742174,1.0
2005-12-01,2.450000047683716,0.011143189981421386,0.0001538492100579398,1.0,10.0,0.7303640241514553,1.0
2005-12-02,2.453000068664551,0.001224498335692381,0.00015444444285498727,1.0,10.0,0.7338737041020856,1.0
2005-12-05,2.441499948501587,-0.004688185830025171,0.00015515873356470987,1.0,10.0,0.7597449067810996,1.0
2005-12-06,2.463000059127808,0.008806107343731995,0.00015603174292852008,1.0,10.0,0.7467955365713044,1.0
2005-12-07,2.441499948501587,-0.008729236747901159,0.00015595238360147627,1.0,10.0,0.770644760468307,1.0
2005-12-08,2.4175000190734863,-0.009829993829338357,0.00015257936621469165,1.0,10.0,0.7897198596152147,1.0
2005-12-09,2.437000036239624,0.008066191111597565,0.00015246031776307121,1.0,10.0,0.7794862137148367,1.0
2005-12-12,2.4535000324249268,0.006770617948271607,0.00015178571617792524,1.0,10.0,0.7704016910059737,1.0
2005-12-13,2.4749999046325684,0.008762939443042184,0.00015186507550496905,1.0,10.0,0.754850106092039,1.0
2005-12-14,2.470499992370605,-0.0018181464385274015,0.00015087301768953838,1.0,10.0,0.7559187424185141,1.0
2005-12-15,2.4739999771118164,0.0014167110916900594,0.0001523809489749727,1.0,10.0,0.7530414733521839,1.0
2005-12-16,2.4605000019073486,-0.005456740230138535,0.000152063492744688,1.0,10.0,0.7670303362418617,1.0
2005-12-19,2.4184999465942383,-0.01706972374743032,0.0001531745990117391,1.0,10.0,0.7938170314944398,1.0
2005-12-20,2.407000064849853,-0.00475496464681735,0.000154246035076323,1.0,10.0,0.7944879744743785,1.0
2005-12-21,2.448499917984009,0.017241317829687963,0.00015444444285498727,1.0,10.0,0.7866767562561102,1.0
2005-12-22,2.4609999656677246,0.00510518607409538,0.00015484126787337048,1.0,10.0,0.7741624085168859,1.0
2005-12-23,2.4609999656677246,0.0,0.0001545634913066077,1.0,10.0,0.7690995733473758,1.0
2005-12-27,2.427999973297119,-0.013409180345783533,0.0001538492100579398,1.0,10.0,0.7901826998392875,1.0
2005-12-28,2.4030001163482666,-0.010296481558401238,0.00015325396779983762,1.0,10.0,0.798852736057342,1.0
2005-12-29,2.399499893188477,-0.0014566054891036462,0.00015523809289175365,1.0,10.0,0.7957712816119433,1.0
2005-12-30,2.3575000762939453,-0.017503571062352452,0.00015813491647205657,1.0,10.0,0.8032309146601098,1.0
2006-01-03,2.378999948501587,0.009119775826875065,0.00015952380876692513,1.0,5.0,0.8696343335020161,1.0
2006-01-04,2.362499952316284,-0.006935685810205761,0.0001619841182042682,1.0,5.0,0.8688025701591259,1.0
2006-01-05,2.382499933242798,0.008465600563041242,0.00016230159335666234,1.0,5.0,0.8668560026045042,1.0
2006-01-06,2.3935000896453857,0.0046170647264680564,0.00016297618548075357,1.0,5.0,0.8607202390882397,1.0
2006-01-09,2.3540000915527344,-0.016503027621989186,0.0001633730199601915,1.0,5.0,0.8680259090151382,1.0
2006-01-10,2.282500028610229,-0.03037385733292086,0.00016575397007049074,1.0,5.0,0.8720482190748391,1.0
2006-01-11,2.246500015258789,-0.015772185279384066,0.00016634920286753821,1.0,5.0,0.8653779334501739,1.0
2006-01-12,2.2179999351501465,-0.012686436641470289,0.00016686507633754187,1.0,5.0,0.8600302311939078,1.0
2006-01-13,2.220000028610229,0.0009017554186478982,0.0001674603091345893,1.0,5.0,0.8631276793185194,1.0
2006-01-17,2.200000047683716,-0.009009000301244852,0.00016793650294107105,1.0,5.0,0.8592461010027469,1.0
2006-01-18,2.2160000801086426,0.007272741853697973,0.00016853175466022795,1.0,5.0,0.8680767954546509,1.0
2006-01-19,2.2225000858306885,0.00293321547250458,0.000168333337420509,1.0,5.0,0.867770235750178,1.0
2006-01-20,2.196000099182129,-0.01192350309343404,0.00016873015297783745,1.0,5.0,0.8630021608296057,1.0
2006-01-23,2.186500072479248,-0.004326059323230047,0.00016853175466022795,1.0,5.0,0.8579307812638383,1.0
2006-01-24,2.200999975204468,0.0066315583098879305,0.00017043651096404543,1.0,5.0,0.8642632195478221,1.0
2006-01-25,2.180000066757202,-0.009541076185298536,0.00017091270477052718,1.0,5.0,0.85889166155304,1.0
2006-01-26,2.233999967575073,0.024770595946906004,0.0001719047531249031,1.0,5.0,0.8885350693545595,1.0
2006-01-27,2.260999917984009,0.012085922471271715,0.00017210317036462207,1.0,5.0,0.8816833653710827,1.0
2006-01-30,2.247999906539917,-0.005749673558450685,0.00017230158760434106,1.0,5.0,0.8829934393838974,1.0
2006-01-31,2.240999937057495,-0.003113865557581863,0.00017341269387139213,1.0,5.0,0.8787868952443294,1.0
2006-02-01,2.1989998817443848,-0.01874165840819153,0.00017309523764110748,1.0,5.0,0.881854095931272,1.0
2006-02-02,2.13700008392334,-0.028194543499412417,0.00017309523764110748,1.0,5.0,0.864059300826833,1.0
2006-02-03,1.9164999723434448,-0.1031820790456296,0.00017309523764110748,1.0,5.0,0.7843743357811958,1.0
2006-02-06,1.8975000381469729,-0.00991387136480848,0.00017250000484406,1.0,5.0,0.7893514702010445,1.0
2006-02-07,1.8760000467300413,-0.011330693536073744,0.0001738888876778739,1.0,5.0,0.7928969907130357,1.0
2006-02-08,1.9084999561309808,0.01732404509135721,0.0001742857221573118,1.0,5.0,0.8238636896644299,1.0
2006-02-09,1.899500012397766,-0.0047157159759437794,0.00017448412047492133,1.0,5.0,0.8282506939737339,1.0
2006-02-10,1.9259999990463257,0.013951032627322002,0.00017559524566408187,1.0,5.0,0.8497591842859638,1.0
2006-02-13,1.89300000667572,-0.0171339524335129,0.00017547618775140672,1.0,5.0,0.8450013541038927,1.0
2006-02-14,1.912500023841858,0.010301118382129104,0.0001764682550278921,1.0,5.0,0.8594646762393321,1.0
2006-02-15,1.963000059127808,0.026405246879163347,0.00017587302223084464,1.0,5.0,0.8793994769253126,1.0
2006-02-16,1.9574999809265137,-0.0028018736809096723,0.0001757936439816914,1.0,5.0,0.8826691072459819,1.0
2006-02-17,1.9594999551773071,0.0010216982223656412,0.00017567460499112568,1.0,5.0,0.8855200457299692,1.0
2006-02-21,1.914499998092652,-0.022965020726720686,0.0001763888957008483,1.0,5.0,0.8796192485287493,1.0
2006-02-22,1.9359999895095823,0.011230081712379159,0.00017666667226761106,1.0,5.0,0.8880457341844517,1.0
2006-02-23,1.8949999809265137,-0.02117769049856999,0.00017765873954409648,1.0,5.0,0.8760804464936016,1.0
2006-02-24,1.9175000190734863,0.01187337117331877,0.00017785713786170598,1.0,5.0,0.8857260158934389,1.0
2006-02-27,1.900500059127808,-0.008865689583613334,0.00017817459409199063,1.0,5.0,0.8816313467659005,1.0
2006-02-28,1.871999979019165,-0.014996095354883887,0.00017884920513819134,1.0,5.0,0.8705083416022071,1.0
2006-03-01,1.8559999465942385,-0.008547025963808963,0.00017805555510142494,1.0,5.0,0.8636617619319852,1.0
2006-03-02,1.843999981880188,-0.006465498415595516,0.00017805555510142494,1.0,5.0,0.8554718069147305,1.0
2006-03-03,1.8604999780654907,0.008947937281690743,0.0001782539723411439,1.0,5.0,0.8661679715097232,1.0
2006-03-06,1.843000054359436,-0.009406032739785797,0.0001771825457376147,1.0,5.0,0.8610949921449144,1.0
2006-03-07,1.846500039100647,0.0018990692555500566,0.00017785713786170598,1.0,5.0,0.8635868771360558,1.0
2006-03-08,1.840499997138977,-0.0032494133954051874,0.00017797619577438113,1.0,5.0,0.8575654305979946,1.0
2006-03-09,1.805999994277954,-0.018744907859088555,0.00017757936129494318,1.0,5.0,0.846237318248068,1.0
2006-03-10,1.8109999895095823,0.0027685466486544463,0.00017817459409199063,1.0,5.0,0.8528219569103987,1.0
2006-03-13,1.809499979019165,-0.0008282774705169471,0.0001782539723411439,1.0,5.0,0.8505178424260424,1.0
2006-03-14,1.8454999923706048,0.019895006227606205,0.00017765873954409648,1.0,5.0,0.8738348774974813,1.0
2006-03-15,1.844499945640564,-0.0005418838982254037,0.00017857142857142857,1.0,5.0,0.871732865796418,1.0
2006-03-16,1.838500022888184,-0.0032528722847406932,0.0001782539723411439,1.0,5.0,0.8667033827804723,1.0
2006-03-17,1.7994999885559082,-0.021212963745852353,0.00017924603961762928,1.0,5.0,0.8576137629479094,1.0
2006-03-20,1.8114999532699585,0.006668499466721434,0.00017976191308763294,1.0,5.0,0.8602765428059751,1.0
2006-03-21,1.7960000038146973,-0.008556417253714033,0.00018123015524849057,1.0,5.0,0.8522790336651676,1.0
2006-03-22,1.7999999523162842,0.002227142813524985,0.00018123015524849057,1.0,5.0,0.8510933488527871,1.0
2006-03-23,1.784000039100647,-0.008888840910827867,0.00018043650521172417,1.0,5.0,0.8444057776474418,1.0
2006-03-24,1.7734999656677246,-0.005885691257168202,0.00017996031140524242,1.0,5.0,0.8376913240797067,1.0
2006-03-27,1.7625000476837158,-0.006202378458951552,0.00017924603961762928,1.0,5.0,0.8314863372479975,1.0
2006-03-28,1.784500002861023,0.012482243734529108,0.0001796428551749578,1.0,5.0,0.8456724005129509,1.0
2006-03-29,1.815999984741211,0.017651993179986114,0.00017865078789847238,1.0,5.0,0.8597730735308843,1.0
2006-03-30,1.8335000276565552,0.009636587589419987,0.00017797619577438113,1.0,5.0,0.863458890211542,1.0
2006-03-31,1.8265000581741333,-0.003817818040269483,0.00017916666136847602,1.0,5.0,0.8571530744847013,1.0
2006-04-03,1.807000041007996,-0.01067616564197127,0.0001796428551749578,1.0,5.0,0.8489963539076489,1.0
2006-04-04,1.838500022888184,0.017432197656518156,0.00018063492245144313,1.0,5.0,0.8589661803231587,1.0
2006-04-05,1.8669999837875368,0.01550174628476797,0.00018043650521172417,1.0,5.0,0.8657224155053782,1.0
2006-04-06,1.9255000352859497,0.031333718268028665,0.00018063492245144313,1.0,5.0,0.86107051296088,1.0
2006-04-07,1.8545000553131104,-0.036873528263683175,0.00018103173800877164,1.0,5.0,0.8926577839929389,1.0
2006-04-10,1.83050000667572,-0.012941519504747756,0.00018123015524849057,1.0,5.0,0.8893610258130402,1.0
2006-04-11,1.8029999732971191,-0.015023235879983554,0.00018142857248820953,1.0,5.0,0.8840299412067641,1.0
2006-04-12,1.80649995803833,0.0019412006617007815,0.00018182538804553805,1.0,5.0,0.8829275174436987,1.0
2006-04-13,1.830999970436096,0.01356214390636934,0.00018162698972792852,1.0,5.0,0.8894666964315421,1.0
2006-04-17,1.7634999752044678,-0.0368650990286753,0.00018162698972792852,1.0,5.0,0.8803637269434192,1.0
2006-04-18,1.8140000104904173,0.028636255172101333,0.00018242063976469495,1.0,5.0,0.8996905881243901,1.0
2006-04-19,1.844499945640564,0.016813635597444643,0.00018261905700441393,1.0,5.0,0.8998617686671299,1.0
2006-04-20,1.8170000314712524,-0.014909143388324275,0.00018261905700441393,1.0,5.0,0.8994946749973636,1.0
2006-04-21,1.8014999628067017,-0.008530582496468209,0.00018353174603174602,1.0,5.0,0.8945724072929125,1.0
2006-04-24,1.7894999980926514,-0.0066610962874262825,0.0001834127070411803,1.0,5.0,0.891250994123221,1.0
2006-04-25,1.777500033378601,-0.006705764027292838,0.00018472223054795037,1.0,5.0,0.8840883863135284,1.0
2006-04-26,1.7894999980926514,0.006751034874098671,0.00018480158987499418,1.0,5.0,0.8872670553536968,1.0
2006-04-27,1.7869999408721924,-0.0013970702560065495,0.00018480158987499418,1.0,5.0,0.881842681406509,1.0
2006-04-28,1.7604999542236328,-0.014829315906762508,0.00018452381330823144,1.0,5.0,0.8779294191879577,1.0
2006-05-01,1.7295000553131104,-0.017608576947787058,0.00018440475539555624,1.0,5.0,0.8671938236250771,1.0
2006-05-02,1.718999981880188,-0.006071161085346999,0.00018579365715147957,1.0,5.0,0.8599501302028354,1.0
2006-05-03,1.6979999542236328,-0.0122164211040805,0.000186388889948527,1.0,5.0,0.853356483268177,1.0
2006-05-04,1.7235000133514404,0.015017703071415589,0.00018539682267204165,1.0,5.0,0.8624118355765755,1.0
2006-05-05,1.7519999742507937,0.0165360955489251,0.0001863095306214832,1.0,5.0,0.8758873136688928,1.0
2006-05-08,1.7345000505447388,-0.009988541074915425,0.00018650792893909273,1.0,5.0,0.8706243967542084,1.0
2006-05-09,1.7419999837875366,0.00432397406990126,0.00018869048073178246,1.0,5.0,0.8717382442145155,1.0
2006-05-10,1.7079999446868896,-0.019517818264683684,0.00018857142281910732,1.0,5.0,0.8647100631666853,1.0
2006-05-11,1.6764999628067017,-0.018442612939289393,0.0001863095306214832,1.0,5.0,0.8570826073500999,1.0
2006-05-12,1.6365000009536743,-0.023859208315198277,0.0001867857055058555,1.0,5.0,0.8444274263011029,1.0
2006-05-15,1.6390000581741333,0.0015276854378258875,0.000186388889948527,1.0,5.0,0.8529299222606275,1.0
2006-05-16,1.6380000114440918,-0.0006101566165626071,0.0001867857055058555,1.0,5.0,0.8526742678963096,1.0
2006-05-17,1.5805000066757202,-0.035103787769621864,0.0001867857055058555,1.0,5.0,0.8355375751046714,1.0
2006-05-18,1.6304999589920044,0.031635528063963525,0.0001867857055058555,1.0,5.0,0.8698046939896662,1.0
2006-05-19,1.6970000267028809,0.04078507781870022,0.000186388889948527,1.0,5.0,0.8934745395432669,1.0
2006-05-22,1.7415000200271606,0.026222741675932193,0.00018579365715147957,1.0,5.0,0.8898809327881844,1.0
2006-05-23,1.687999963760376,-0.030720675079837334,0.00018698412274557448,1.0,5.0,0.8960039160981251,1.0
2006-05-24,1.7595000267028809,0.04235785810280679,0.00018658730718824597,1.0,5.0,0.894420361813292,1.0
2006-05-25,1.781499981880188,0.012503526481061122,0.000186388889948527,1.0,5.0,0.8849959265451186,1.0
2006-05-26,1.803500056266785,0.01234918586043321,0.00018698412274557448,1.0,5.0,0.8793817046662052,1.0
2006-05-30,1.7319999933242798,-0.03964516812409147,0.000186388889948527,1.0,5.0,0.9100724162377511,1.0
2006-05-31,1.7304999828338623,-0.0008660568684751846,0.00018710318065824963,1.0,5.0,0.9073297900851662,1.0
2006-06-01,1.753499984741211,0.013290957605029297,0.0001867857055058555,1.0,5.0,0.9043277100863617,1.0
2006-06-02,1.7380000352859497,-0.008839435181146493,0.00018579365715147957,1.0,5.0,0.903578551765574,1.0
2006-06-05,1.6744999885559082,-0.03653627470703358,0.00018658730718824597,1.0,5.0,0.9006210041846,1.0
2006-06-06,1.6705000400543213,-0.002388742029814206,0.00018797619002205985,1.0,5.0,0.898546706318106,1.0
2006-06-07,1.6885000467300415,0.010775220738776348,0.0001877777727823409,1.0,5.0,0.9033043280908544,1.0
2006-06-08,1.6775000095367432,-0.0065146798275789175,0.00018789683069501603,1.0,5.0,0.8966988411012102,1.0
2006-06-09,1.6890000104904177,0.006855440171860572,0.0001883730245014978,1.0,5.0,0.8997226811252379,1.0
2006-06-12,1.6799999475479126,-0.005328634035882462,0.00018976190733531164,1.0,5.0,0.8958434364802604,1.0
2006-06-13,1.6734999418258667,-0.003869051145824809,0.00018936507285587372,1.0,5.0,0.8906071813679443,1.0
2006-06-14,1.684000015258789,0.006274319568524422,0.00018888889797150142,1.0,5.0,0.8925500466366247,1.0
2006-06-15,1.7480000257492063,0.03800475647892565,0.00018730157897585916,1.0,5.0,0.8982052246011486,1.0
2006-06-16,1.7545000314712524,0.003718538687812689,0.00018829364625234452,1.0,5.0,0.8944151675934832,1.0
2006-06-19,1.753499984741211,-0.0005699895765763907,0.00018869048073178246,1.0,5.0,0.895024705358709,1.0
2006-06-20,1.77400004863739,0.011690940447430131,0.00019047619804503425,1.0,5.0,0.8886074586462557,1.0
2006-06-21,1.8324999809265137,0.0329762856173863,0.00018988094632587735,1.0,5.0,0.8645994739216283,1.0
2006-06-22,1.81850004196167,-0.00763980306169787,0.00018948413076854887,1.0,5.0,0.8791356866830444,1.0
2006-06-23,1.8274999856948853,0.004949102846050435,0.00019186508087884813,1.0,5.0,0.8720410681362574,1.0
2006-06-26,1.838500022888184,0.0060191722459117525,0.00019246031367589557,1.0,5.0,0.8685116455235842,1.0
2006-06-27,1.8240000009536743,-0.007886876124010622,0.00019484126378619483,1.0,5.0,0.8796759994195192,1.0
2006-06-28,1.8350000381469729,0.006030722142295719,0.000193253963712662,1.0,5.0,0.8738094036545476,1.0
2006-06-29,1.9259999990463257,0.04959125831476641,0.00019305554647294302,1.0,5.0,0.8242500195543806,1.0
2006-06-30,1.934000015258789,0.004153694816419806,0.0001928571481553335,1.0,5.0,0.8205320392135141,1.0
2006-07-03,1.930500030517578,-0.0018097128819013486,0.0001938492154318189,1.0,5.0,0.8208687807226024,1.0
2006-07-05,1.8554999828338623,-0.03885006293608173,0.000193253963712662,1.0,5.0,0.8977998890646163,1.0
2006-07-06,1.840000033378601,-0.008353516356054302,0.000193253963712662,1.0,5.0,0.9050415137464571,1.0
2006-07-07,1.805500030517578,-0.018750001214768663,0.00019345238095238096,1.0,5.0,0.9080980090157101,1.0
2006-07-10,1.7894999980926514,-0.00886182894183607,0.00019345238095238096,1.0,5.0,0.9044628303903139,1.0
2006-07-11,1.7829999923706057,-0.0036323027264452135,0.0001950396810259138,1.0,5.0,0.9005181531390877,1.0
2006-07-12,1.7315000295639038,-0.02888388279700982,0.00019543651550535173,1.0,5.0,0.8913912454726686,1.0
2006-07-13,1.6864999532699585,-0.0259890704739284,0.0001950396810259138,1.0,5.0,0.8739273638161634,1.0
2006-07-14,1.6460000276565552,-0.024014187213511562,0.0001950396810259138,1.0,5.0,0.8565995444576056,1.0
2006-07-17,1.683500051498413,0.022782517139594116,0.00019603174830239915,1.0,5.0,0.8867085468353954,1.0
2006-07-18,1.6744999885559082,-0.005346042570354759,0.0001984126984126984,1.0,5.0,0.8832013925301028,1.0
2006-07-19,1.7239999771118164,0.029561056371578243,0.00019722221389649407,1.0,5.0,0.9065678070337959,1.0
2006-07-20,1.7089999914169312,-0.00870068787356626,0.00019623016554211814,1.0,5.0,0.9002680284823955,1.0
2006-07-21,1.659500002861023,-0.028964300061153136,0.00019623016554211814,1.0,5.0,0.8860178736003995,1.0
2006-07-24,1.715499997138977,0.033745100440740305,0.00019623016554211814,1.0,5.0,0.9094351972970568,1.0
2006-07-25,1.6794999837875366,-0.020985143346825663,0.0001984126984126984,1.0,5.0,0.8901561190405344,1.0
2006-07-26,1.312999963760376,-0.21821972227748732,0.00019722221389649407,1.0,5.0,0.7008241023825666,1.0
2006-07-27,1.3279999494552612,0.011424208765342225,0.00019662698109944662,1.0,5.0,0.726011126452638,1.0
2006-07-28,1.3585000038146973,0.022966909277328584,0.00019523809826563275,1.0,5.0,0.7578958912838734,1.0
2006-07-31,1.344499945640564,-0.01030552678308494,0.0001958333310626802,1.0,5.0,0.764011442748481,1.0
2006-08-01,1.315999984741211,-0.021197442953985957,0.00019781746561565097,1.0,5.0,0.7586154950132551,1.0
2006-08-02,1.3044999837875366,-0.008738602649707272,0.00019702381557888457,1.0,5.0,0.764529825693901,1.0
2006-08-03,1.3344999551773071,0.022997295333547996,0.00019722221389649407,1.0,5.0,0.7936285359055067,1.0
2006-08-04,1.3645000457763672,0.02248039835645721,0.00019623016554211814,1.0,5.0,0.81905160219851,1.0
2006-08-07,1.3389999866485596,-0.018688206868691437,0.00019722221389649407,1.0,5.0,0.8165274267286424,1.0
2006-08-08,1.3179999589920044,-0.01568336659144942,0.00019742063113621302,1.0,5.0,0.8119218446929114,1.0
2006-08-09,1.3105000257492063,-0.005690389587366895,0.0001958333310626802,1.0,5.0,0.8125768222536812,1.0
2006-08-10,1.3244999647140503,0.010682898656823925,0.0001950396810259138,1.0,5.0,0.8302423573563059,1.0
2006-08-11,1.303500056266785,-0.01585497093750332,0.0001958333310626802,1.0,5.0,0.8261813169135673,1.0
2006-08-14,1.3265000581741333,0.01764480315652639,0.00019662698109944662,1.0,5.0,0.8446102995261531,1.0
2006-08-15,1.3884999752044678,0.046739475545650944,0.00019682539833916558,1.0,5.0,0.8707194170951148,1.0
2006-08-16,1.3975000381469729,0.0064818603552223575,0.00019563491382296123,1.0,5.0,0.8758554004501439,1.0
2006-08-17,1.4544999599456787,0.040787062785547556,0.00019662698109944662,1.0,5.0,0.87478563546511,1.0
2006-08-18,1.4559999704360962,0.001031289468356844,0.00019682539833916558,1.0,5.0,0.8768634744437822,1.0
2006-08-21,1.406499981880188,-0.033997245577609525,0.00019662698109944662,1.0,5.0,0.8907201407514822,1.0
2006-08-22,1.4184999465942385,0.008531791588087367,0.00019702381557888457,1.0,5.0,0.896988395700617,1.0
2006-08-23,1.406999945640564,-0.008107156423435624,0.00019682539833916558,1.0,5.0,0.8978249728682397,1.0
2006-08-24,1.3984999656677246,-0.006041208458589908,0.00019662698109944662,1.0,5.0,0.8963536293674325,1.0
2006-08-25,1.4014999866485596,0.002145170578822686,0.00019702381557888457,1.0,5.0,0.8983936948991752,1.0
2006-08-28,1.4455000162124634,0.03139495539284454,0.00019682539833916558,1.0,5.0,0.9007799261557845,1.0
2006-08-29,1.47599995136261,0.02109992030997243,0.0001958333310626802,1.0,5.0,0.8928148881962251,1.0
2006-08-30,1.5334999561309814,0.038956644080705205,0.00019523809826563275,1.0,5.0,0.8593003739295085,1.0
2006-08-31,1.5414999723434448,0.005216834979667961,0.0001946428654685853,1.0,5.0,0.861940790229149,1.0
2006-09-01,1.5880000591278076,0.03016548012885889,0.0001938492154318189,1.0,5.0,0.8212862043210791,1.0
2006-09-05,1.6115000247955322,0.014798466494158502,0.00019246031367589557,1.0,5.0,0.8011482286306194,1.0
2006-09-06,1.5399999618530271,-0.04436863905824451,0.00019166666363912917,1.0,5.0,0.8941893001601736,1.0
2006-09-07,1.4865000247955322,-0.03474021972904484,0.00019166666363912917,1.0,5.0,0.9199577382728176,1.0
2006-09-08,1.5255000591278076,0.026236147784551633,0.00019047619804503425,1.0,5.0,0.9146721714819794,1.0
2006-09-11,1.5394999980926514,0.009177278546188994,0.00019087301360236274,1.0,5.0,0.9059412203686981,1.0
2006-09-12,1.5859999656677246,0.03020459086241245,0.00018968254800826782,1.0,5.0,0.8765801978284803,1.0
2006-09-13,1.5835000276565552,-0.0015762535090074747,0.00018968254800826782,1.0,5.0,0.8908447343552129,1.0
2006-09-14,1.5824999809265137,-0.0006315419719451487,0.00019087301360236274,1.0,5.0,0.893316871145362,1.0
2006-09-15,1.6260000467300415,0.02748819357208432,0.0001910714308420817,1.0,5.0,0.858795794864949,1.0
2006-09-18,1.6039999723434448,-0.013530180660719981,0.00019067459636264375,1.0,5.0,0.8980557293372469,1.0
2006-09-19,1.5789999961853027,-0.01558602031745493,0.00019126984808180066,1.0,5.0,0.9115583296224976,1.0
2006-09-20,1.6059999465942385,0.017099398653682485,0.00019087301360236274,1.0,5.0,0.9105131625885738,1.0
2006-09-21,1.5110000371932983,-0.05915312114573945,0.00018988094632587735,1.0,5.0,0.9173617014861783,1.0
2006-09-22,1.5420000553131104,0.02051622591445801,0.00019007936356559634,1.0,5.0,0.9234727483050136,1.0
2006-09-25,1.5894999504089355,0.030804081317740373,0.0001892857135288299,1.0,5.0,0.9133191668393134,1.0
2006-09-26,1.625,0.022334099212731218,0.00018869048073178246,1.0,5.0,0.8867785867928064,1.0
2006-09-27,1.6165000200271606,-0.005230756906362655,0.0001884920634920635,1.0,5.0,0.8890264760820978,1.0
2006-09-28,1.5920000076293943,-0.015156209152013878,0.00018809522901262556,1.0,5.0,0.8999246428643867,1.0
2006-09-29,1.6059999465942385,0.0087939314684371,0.00018888889797150142,1.0,5.0,0.8923598400796653,1.0
2006-10-02,1.5434999465942385,-0.038916564183293145,0.00018888889797150142,1.0,5.0,0.9159330055545922,1.0
2006-10-03,1.5850000381469729,0.026887005499614647,0.00018948413076854887,1.0,5.0,0.9134993745120651,1.0
2006-10-04,1.6380000114440918,0.03343846815239271,0.0001902777808053153,1.0,5.0,0.8789703298346417,1.0
2006-10-05,1.6660000085830688,0.017094015227931303,0.00019047619804503425,1.0,5.0,0.8458440657613399,1.0
2006-10-06,1.6295000314712524,-0.021908749654124926,0.00019087301360236274,1.0,5.0,0.9000146135588072,1.0
2006-10-09,1.6690000295639038,0.024240562951684863,0.00019087301360236274,1.0,5.0,0.8635485539814199,1.0
2006-10-10,1.63100004196167,-0.02276811679396018,0.00019265873091561453,1.0,5.0,0.9093778999334556,1.0
2006-10-11,1.6454999446868896,0.008890191509609124,0.0001938492154318189,1.0,5.0,0.8972220279088954,1.0
2006-10-12,1.6775000095367432,0.019447016666987782,0.00019523809826563275,1.0,5.0,0.8686895506734016,1.0
2006-10-13,1.6660000085830688,-0.00685544017186035,0.00019523809826563275,1.0,5.0,0.8851806821538479,1.0
2006-10-16,1.6299999952316284,-0.02160865136012713,0.00019563491382296123,1.0,5.0,0.9164017408104876,1.0
2006-10-17,1.6234999895095823,-0.003987733583473041,0.00019642856385972766,1.0,5.0,0.9050906720911938,1.0
2006-10-18,1.6154999732971191,-0.004927635518420792,0.00019642856385972766,1.0,5.0,0.9076040822118695,1.0
2006-10-19,1.6269999742507937,0.007118539859956696,0.00019682539833916558,1.0,5.0,0.9051887514509124,1.0
2006-10-20,1.628499984741211,0.0009219486872504845,0.00019642856385972766,1.0,5.0,0.8958529109621249,1.0
2006-10-23,1.6440000534057615,0.00951800356756749,0.00019722221389649407,1.0,5.0,0.8750798365355215,1.0
2006-10-24,1.68149995803833,0.022810160227721754,0.0001980158639332605,1.0,5.0,0.8663728946540015,1.0
2006-10-25,1.883999943733216,0.12042818361478069,0.00019781746561565097,1.0,5.0,0.5889659164036593,1.0
2006-10-26,1.914999961853028,0.0164543625507676,0.00019742063113621302,1.0,5.0,0.5709645404319393,1.0
2006-10-27,1.9119999408721924,-0.0015665906217212644,0.00019702381557888457,1.0,5.0,0.6011985245141119,1.0
2006-10-30,1.9075000286102293,-0.0023535106700424135,0.00019623016554211814,1.0,5.0,0.6353082344998604,1.0
2006-10-31,1.9045000076293943,-0.0015727501629557716,0.00019603174830239915,1.0,5.0,0.6749960729445689,1.0
2006-11-01,1.878000020980835,-0.01391440616560824,0.0001958333310626802,1.0,5.0,0.7529472374126731,1.0
2006-11-02,1.872499942779541,-0.0029286891053501574,0.0001958333310626802,1.0,5.0,0.7809429304861465,1.0
2006-11-03,1.8730000257492063,0.0002670670146578402,0.00019662698109944662,1.0,5.0,0.7898145697028569,1.0
2006-11-06,1.9105000495910645,0.020021368567177733,0.00019603174830239915,1.0,5.0,0.7493180312321017,1.0
2006-11-07,1.9385000467300413,0.014655847376172648,0.00019623016554211814,1.0,5.0,0.7219421607191129,1.0
2006-11-08,1.9735000133514404,0.018055179663492238,0.00019682539833916558,1.0,5.0,0.6805717574906825,1.0
2006-11-09,1.9420000314712524,-0.015961480449495413,0.00019682539833916558,1.0,5.0,0.7656762584668001,1.0
2006-11-10,1.963000059127808,0.010813608298783528,0.00019662698109944662,1.0,5.0,0.744072626427694,1.0
2006-11-13,1.999500036239624,0.018593976572794046,0.00019623016554211814,1.0,5.0,0.6990188915488816,1.0
2006-11-14,2.075500011444092,0.03800948928583048,0.00019662698109944662,1.0,5.0,0.6157397312922919,1.0
2006-11-15,2.130000114440918,0.02625878231573986,0.00019642856385972766,1.0,5.0,0.5720843607437165,1.0
2006-11-16,2.1419999599456787,0.005633729981235458,0.00019662698109944662,1.0,5.0,0.5751945542640373,1.0
2006-11-17,2.127500057220459,-0.0067693291299536495,0.00019623016554211814,1.0,5.0,0.6096490583729511,1.0
2006-11-20,2.121999979019165,-0.0025852305773752526,0.00019543651550535173,1.0,5.0,0.6294414378736602,1.0
2006-11-21,2.127000093460083,0.002356321625992308,0.00019563491382296123,1.0,5.0,0.6469409190319423,1.0
2006-11-22,2.1480000019073486,0.009873017171853515,0.00019523809826563275,1.0,5.0,0.6318834315571831,1.0
2006-11-24,2.120500087738037,-0.012802567106560803,0.0001946428654685853,1.0,5.0,0.6951504320690044,1.0
2006-11-27,2.0425000190734863,-0.03678380827031913,0.0001946428654685853,1.0,5.0,0.8063195099692274,1.0
2006-11-28,2.0460000038146973,0.001713578804664495,0.0001946428654685853,1.0,5.0,0.795085291985406,1.0
2006-11-29,2.031500101089477,-0.007086951465388847,0.0001946428654685853,1.0,5.0,0.808571579564445,1.0
2006-11-30,2.0169999599456787,-0.007137652189149302,0.0001940476137494284,1.0,5.0,0.8165143810990151,1.0
2006-12-01,1.9704999923706048,-0.023054025036433945,0.0001940476137494284,1.0,5.0,0.8473011091605548,1.0
2006-12-04,1.955000042915344,-0.007865998231552207,0.000193253963712662,1.0,5.0,0.8516979934125195,1.0
2006-12-05,1.9490000009536743,-0.003069075104838559,0.00019246031367589557,1.0,5.0,0.8548032896925143,1.0
2006-12-06,1.945000052452088,-0.002052308106531009,0.00019265873091561453,1.0,5.0,0.8596348750352559,1.0
2006-12-07,1.906000018119812,-0.02005143099256379,0.00019206349811856709,1.0,5.0,0.8658721659172417,1.0
2006-12-08,1.9229999780654907,0.008919181418711952,0.00019166666363912917,1.0,5.0,0.8742270019372869,1.0
2006-12-11,1.934499979019165,0.005980239773711871,0.0001910714308420817,1.0,5.0,0.8766366926295716,1.0
2006-12-12,1.9229999780654907,-0.005944689107469037,0.00019067459636264375,1.0,5.0,0.8767012390560255,1.0
2006-12-13,1.924999952316284,0.0010400282234039882,0.0001910714308420817,1.0,5.0,0.8781745272106795,1.0
2006-12-14,1.950999975204468,0.013506505731025742,0.0001910714308420817,1.0,5.0,0.878896485365197,1.0
2006-12-15,2.000499963760376,0.025371598762178538,0.00018948413076854887,1.0,5.0,0.8647333856963172,1.0
2006-12-18,1.963000059127808,-0.0187452663393598,0.00019067459636264375,1.0,5.0,0.8893558236295976,1.0
2006-12-19,1.9709999561309808,0.004075342212025879,0.00019166666363912917,1.0,5.0,0.8806917095193527,1.0
2006-12-20,2.000499963760376,0.0149670260202861,0.00019186508087884813,1.0,5.0,0.8639503233244911,1.0
2006-12-21,1.994500041007996,-0.0029992116276281733,0.00019186508087884813,1.0,5.0,0.8696267753812489,1.0
2006-12-22,2.01200008392334,0.008774150190791419,0.00019246031367589557,1.0,5.0,0.8591559527739909,1.0
2006-12-26,1.9900000095367432,-0.010934430153550112,0.00019246031367589557,1.0,5.0,0.8712412853052877,1.0
2006-12-27,2.01449990272522,0.012311504055811717,0.00019226189643617659,1.0,5.0,0.8568297324787373,1.0
2006-12-28,2.010499954223633,-0.0019855789003395685,0.00019305554647294302,1.0,5.0,0.8597897607432827,1.0
2006-12-29,1.9730000495910645,-0.018652029587858943,0.0001938492154318189,1.0,5.0,0.8837002060514098,1.0
2007-01-03,1.934999942779541,-0.01926006378935452,0.0001950396810259138,1.0,150.0,0.9060052560146669,1.0
2007-01-04,1.945000052452088,0.0051680154874744755,0.00019444444822886632,1.0,150.0,0.9031173557802945,1.0
2007-01-05,1.9184999465942385,-0.013624732721441601,0.00019484126378619483,1.0,150.0,0.8992367455032486,1.0
2007-01-08,1.875,-0.022673936828333296,0.00019484126378619483,1.0,150.0,0.8980022297655048,1.0
2007-01-09,1.8890000581741333,0.007466697692871005,0.00019623016554211814,1.0,150.0,0.9039891323628978,1.0
2007-01-10,1.857499957084656,-0.016675542678344146,0.00019642856385972766,1.0,150.0,0.9006528815920466,1.0
2007-01-11,1.870000004768372,0.006729500927329601,0.00019702381557888457,1.0,150.0,0.9071208402103886,1.0
2007-01-12,1.909999966621399,0.021390353877555945,0.00019662698109944662,1.0,150.0,0.9191414812317851,1.0
2007-01-16,1.932999968528748,0.01204188602580647,0.00019662698109944662,1.0,150.0,0.9106180473856537,1.0
2007-01-17,1.8940000534057613,-0.020175848814250386,0.00019761904837593198,1.0,150.0,0.9225481561315475,1.0
2007-01-18,1.8489999771118164,-0.023759279316294846,0.00019761904837593198,1.0,150.0,0.9164826769685473,1.0
2007-01-19,1.8509999513626096,0.0010816518526501895,0.0001984126984126984,1.0,150.0,0.9177131453632411,1.0
2007-01-22,1.847499966621399,-0.0018908616062546235,0.0001980158639332605,1.0,150.0,0.9116987308905408,1.0
2007-01-23,1.821499943733216,-0.014073084361527877,0.0001986111156524174,1.0,150.0,0.9019819718385211,1.0
2007-01-24,1.8630000352859497,0.02278347122409352,0.0001980158639332605,1.0,150.0,0.9263357556388139,1.0
2007-01-25,1.8539999723434448,-0.004830951568459585,0.0001984126984126984,1.0,150.0,0.9187999668743561,1.0
2007-01-26,1.8424999713897705,-0.006202805353410223,0.00019821428117297945,1.0,150.0,0.9163454492071932,1.0
2007-01-29,1.871500015258789,0.015739508450111073,0.00019821428117297945,1.0,150.0,0.9213324586705146,1.0
2007-01-30,1.852499961853028,-0.010152312717525591,0.00019821428117297945,1.0,150.0,0.9183952039620717,1.0
2007-01-31,1.88349997997284,0.01673415317579985,0.00019742063113621302,1.0,150.0,0.9177119173543565,1.0
2007-02-01,1.934999942779541,0.027342693578071398,0.0001980158639332605,1.0,150.0,0.8925420295701453,1.0
2007-02-02,1.869500041007996,-0.033850079435897684,0.0001984126984126984,1.0,150.0,0.9063841909278425,1.0
2007-02-05,1.8580000400543213,-0.006151377748820019,0.00019821428117297945,1.0,150.0,0.9043239713383563,1.0
2007-02-06,1.9134999513626096,0.02987078046923286,0.00019880953289213636,1.0,150.0,0.8931512698659871,1.0
2007-02-07,1.9490000009536743,0.018552417294698698,0.00019880953289213636,1.0,150.0,0.8795494406272868,1.0
2007-02-08,1.955000042915344,0.0030785233241321652,0.00019900793120974586,1.0,150.0,0.8823786001269932,1.0
2007-02-09,1.9359999895095823,-0.009718697180910785,0.00019900793120974586,1.0,150.0,0.9053188115637,1.0
2007-02-12,1.9424999952316284,0.0033574409903238678,0.00019920634844946481,1.0,150.0,0.8995538988179355,1.0
2007-02-13,1.965499997138977,0.011840412851381377,0.0001994047656891838,1.0,150.0,0.8883186592133305,1.0
2007-02-14,2.006999969482422,0.021114206259909896,0.00019880953289213636,1.0,150.0,0.8538971225122719,1.0
2007-02-15,2.003000020980835,-0.0019929987854551134,0.00019920634844946481,1.0,150.0,0.8665255191817056,1.0
2007-02-16,2.0164999961853027,0.00673987771495721,0.00019960318292890276,1.0,150.0,0.8515206738541001,1.0
2007-02-20,2.075500011444092,0.029258624036896608,0.00019980158124651229,1.0,150.0,0.7960317818398127,1.0
2007-02-21,2.062999963760376,-0.006022668087107608,0.00019980158124651229,1.0,150.0,0.8087956879850978,1.0
2007-02-22,2.049999952316284,-0.006301508324021321,0.00020019841572595023,1.0,150.0,0.8459764308028485,1.0
2007-02-23,2.0390000343322754,-0.0053658137755466795,0.00019999999848623124,1.0,150.0,0.8678333990921476,1.0
2007-02-26,2.0439999103546143,0.0024521215979165234,0.00020019841572595023,1.0,150.0,0.8632826859701255,1.0
2007-02-27,1.941499948501587,-0.050146754573606844,0.0001980158639332605,1.0,150.0,0.9206625489144229,1.0
2007-02-28,1.9570000171661377,0.007983553477049155,0.00019821428117297945,1.0,150.0,0.9190027444398083,1.0
2007-03-01,1.9424999952316284,-0.0074093110921410466,0.0001980158639332605,1.0,150.0,0.9134684691953531,1.0
2007-03-02,1.8845000267028809,-0.029858413730308175,0.00019722221389649407,1.0,150.0,0.9059556842760514,1.0
2007-03-05,1.852499961853028,-0.01698066563885392,0.00019682539833916558,1.0,150.0,0.8905690120778658,1.0
2007-03-06,1.9290000200271609,0.0412955788121101,0.00019742063113621302,1.0,150.0,0.9292324269086647,1.0
2007-03-07,1.9179999828338623,-0.005702455717519261,0.00019662698109944662,1.0,150.0,0.9201420132764896,1.0
2007-03-08,1.9049999713897705,-0.006777899666549625,0.00019623016554211814,1.0,150.0,0.9084543827243537,1.0
2007-03-09,1.9420000314712524,0.019422604009011524,0.00019642856385972766,1.0,150.0,0.9225972065040426,1.0
2007-03-12,1.940500020980835,-0.0007724049773990549,0.00019642856385972766,1.0,150.0,0.9209222944159519,1.0
2007-03-13,1.8910000324249268,-0.025508883288178574,0.0001958333310626802,1.0,150.0,0.9184633334720418,1.0
2007-03-14,1.9040000438690183,0.006874675421036924,0.0001950396810259138,1.0,150.0,0.9255666121925236,1.0
2007-03-15,1.8890000581741333,-0.007878143565797635,0.00019424603098914736,1.0,150.0,0.9189895446774106,1.0
2007-03-16,1.892500042915344,0.0018528240515744976,0.0001938492154318189,1.0,150.0,0.9209402915512158,1.0
2007-03-19,1.9225000143051147,0.015852032078983003,0.00019424603098914736,1.0,150.0,0.9213945592071593,1.0
2007-03-20,1.9290000200271609,0.0033810172554904483,0.00019484126378619483,1.0,150.0,0.9151418995569338,1.0
2007-03-21,1.9900000095367432,0.031622596618077425,0.00019484126378619483,1.0,150.0,0.886448178807887,1.0
2007-03-22,1.9744999408721924,-0.007788979191090117,0.00019523809826563275,1.0,150.0,0.8906638943621858,1.0
2007-03-23,1.9490000009536743,-0.01291463189776243,0.00019543651550535173,1.0,150.0,0.9159948673981653,1.0
2007-03-26,1.950500011444092,0.0007696308310332078,0.00019563491382296123,1.0,150.0,0.903659294723632,1.0
2007-03-27,1.968500018119812,0.009228406342019602,0.00019523809826563275,1.0,150.0,0.884719772912742,1.0
2007-03-28,1.9670000076293943,-0.000762006846131702,0.00019484126378619483,1.0,150.0,0.8759845573559,1.0
2007-03-29,1.9904999732971191,0.011947110105020586,0.0001946428654685853,1.0,150.0,0.8576505734398092,1.0
2007-03-30,1.9895000457763672,-0.0005023499292470257,0.00019424603098914736,1.0,150.0,0.8639604679721572,1.0
2007-04-02,2.0209999084472656,0.01583305450923289,0.0001946428654685853,1.0,150.0,0.8358411814049426,1.0
2007-04-03,2.059499979019165,0.019050011042048398,0.0001946428654685853,1.0,150.0,0.8075434692874071,1.0
2007-04-04,2.076499938964844,0.008254411322584865,0.0001946428654685853,1.0,150.0,0.7853390266067238,1.0
2007-04-05,2.0840001106262207,0.003611929632473476,0.00019424603098914736,1.0,150.0,0.7810979099183798,1.0
2007-04-09,2.0829999446868896,-0.00047992604905888747,0.0001938492154318189,1.0,150.0,0.8101121547551872,1.0
2007-04-10,2.0929999351501465,0.004800763672012431,0.00019365079819209992,1.0,150.0,0.7986351082243754,1.0
2007-04-11,2.0840001106262207,-0.004299964072039142,0.0001938492154318189,1.0,150.0,0.8046108007887541,1.0
2007-04-12,2.1135001182556152,0.014155473159034537,0.0001938492154318189,1.0,150.0,0.7796366625839358,1.0
2007-04-13,2.120500087738037,0.0033120270124229467,0.000193253963712662,1.0,150.0,0.7698250002512635,1.0
2007-04-16,2.259999990463257,0.06578632254338923,0.00019305554647294302,1.0,150.0,0.6602166918794186,1.0
2007-04-17,2.253499984741211,-0.002876108738705585,0.0001928571481553335,1.0,150.0,0.6857912186255705,1.0
2007-04-18,2.249500036239624,-0.0017749938001646592,0.00019246031367589557,1.0,150.0,0.7014117981976867,1.0
2007-04-19,2.2320001125335693,-0.007779472515727748,0.00019226189643617659,1.0,150.0,0.7438836416965003,1.0
2007-04-20,2.247499942779541,0.006944368039649262,0.00019186508087884813,1.0,150.0,0.7370639470097459,1.0
2007-04-23,2.2385001182556152,-0.004004371414041308,0.00019206349811856709,1.0,150.0,0.7394106610512394,1.0
2007-04-24,2.237499952316284,-0.00044680182555023595,0.00019186508087884813,1.0,150.0,0.7369596966971022,1.0
2007-04-25,2.8405001163482666,0.269497285757593,0.00019126984808180066,1.0,150.0,0.365539828383335,1.0
2007-04-26,3.138999938964844,0.10508706579471205,0.00019047619804503425,1.0,150.0,0.36286512082154876,1.0
2007-04-27,3.130000114440918,-0.0028670992987958055,0.0001902777808053153,1.0,150.0,0.34327990128383395,1.0
2007-04-30,3.066499948501587,-0.020287592210096017,0.0001874999962155781,1.0,150.0,0.3176015785863805,1.0
2007-05-01,3.101999998092652,0.011576732492172948,0.00018869048073178246,1.0,150.0,0.31130977332233173,1.0
2007-05-02,3.059000015258789,-0.013862018974952428,0.00018869048073178246,1.0,150.0,0.296870532681919,1.0
2007-05-03,3.109499931335449,0.016508635444510755,0.0001884920634920635,1.0,150.0,0.2907812961333734,1.0
2007-05-04,3.1614999771118164,0.016722960901959016,0.0001884920634920635,1.0,150.0,0.2844292395795795,1.0
2007-05-07,3.04099988937378,-0.03811484694303835,0.00018769841345529708,1.0,150.0,0.27486475621605266,1.0
2007-05-08,3.0915000438690186,0.01660643088863689,0.00018869048073178246,1.0,150.0,0.27441951188003144,1.0
2007-05-09,3.1424999237060547,0.016496807088254073,0.00018769841345529708,1.0,150.0,0.27594752683596685,1.0
2007-05-10,3.0460000038146973,-0.030708010257499696,0.00018730157897585916,1.0,150.0,0.29944801715779784,1.0
2007-05-11,3.078000068664551,0.01050560236696585,0.00018710318065824963,1.0,150.0,0.30600860939494634,1.0
2007-05-14,3.0850000381469727,0.002274194063114132,0.00018650792893909273,1.0,150.0,0.32816603529480065,1.0
2007-05-15,3.0290000438690186,-0.018152348001781893,0.00018611111338176424,1.0,150.0,0.36877915032606046,1.0
2007-05-16,3.1610000133514404,0.04357872815142483,0.0001829365132346986,1.0,150.0,0.30617086278951994,1.0
2007-05-17,3.1085000038146973,-0.016608671089842875,0.0001849206288655599,1.0,150.0,0.3414982706772458,1.0
2007-05-18,3.164999961853028,0.018175955595623128,0.00018591269614204529,1.0,150.0,0.33055860189012953,1.0
2007-05-21,3.414999961853028,0.07898894250021771,0.00018690476341853067,1.0,150.0,0.25855757696507714,1.0
2007-05-22,3.444000005722046,0.008491960232199336,0.00018948413076854887,1.0,150.0,0.2704255602920821,1.0
2007-05-23,3.450000047683716,0.0017421724598434274,0.00018908729628911092,1.0,150.0,0.27786796404066183,1.0
2007-05-24,3.4674999713897705,0.005072441583820808,0.00018908729628911092,1.0,150.0,0.29003950559468467,1.0
2007-05-25,3.427500009536743,-0.011535677630300167,0.00018809522901262556,1.0,150.0,0.29191656592598814,1.0
2007-05-29,3.4814999103546143,0.01575489443256628,0.00018591269614204529,1.0,150.0,0.2931316103775112,1.0
2007-05-30,3.493000030517578,0.003303208519052525,0.0001867063461788117,1.0,150.0,0.3078714929889237,1.0
2007-05-31,3.4570000171661377,-0.01030633067189124,0.00018214286319793218,1.0,150.0,0.3211492710053382,1.0
2007-06-01,3.428999900817871,-0.008099541859771131,0.00018472223054795037,1.0,150.0,0.34424147844745046,1.0
2007-06-04,3.5209999084472656,0.026829982586890955,0.00018353174603174602,1.0,150.0,0.31752952778554583,1.0
2007-06-05,3.682499885559082,0.04586764592761283,0.00018611111338176424,1.0,150.0,0.2819019000863082,1.0
2007-06-06,3.614500045776367,-0.018465673291498508,0.00018472223054795037,1.0,150.0,0.2898517118550205,1.0
2007-06-07,3.601999998092652,-0.0034583061351243227,0.0001849206288655599,1.0,150.0,0.2988249504836366,1.0
2007-06-08,3.661999940872192,0.016657396671657887,0.000183730163271465,1.0,150.0,0.29491745345132564,1.0
2007-06-11,3.558500051498413,-0.028263214376002432,0.00018214286319793218,1.0,150.0,0.3462899287007866,1.0
2007-06-12,3.503499984741211,-0.01545596907720792,0.00018214286319793218,1.0,150.0,0.3988318443278984,1.0
2007-06-13,3.5445001125335693,0.011702619657749658,0.00017916666136847602,1.0,150.0,0.3841958298345149,1.0
2007-06-14,3.5969998836517334,0.014811615023659241,0.0001789682630508665,1.0,150.0,0.36875021595950935,1.0
2007-06-15,3.619999885559082,0.0063942181404794685,0.0001757936439816914,1.0,150.0,0.3748485722622,1.0
2007-06-18,3.5915000438690186,-0.007872884693658433,0.00017499999394492496,1.0,150.0,0.41038417084538925,1.0
2007-06-19,3.490499973297119,-0.028121973921263033,0.00017916666136847602,1.0,150.0,0.49350009002704365,1.0
2007-06-20,3.4549999237060547,-0.010170476969673548,0.00018253967875526066,1.0,150.0,0.5349422583735738,1.0
2007-06-21,3.4835000038146973,0.008248937984945526,0.00018095237868172783,1.0,150.0,0.5248564805284497,1.0
2007-06-22,3.443000078201294,-0.01162621661233032,0.0001819444459582132,1.0,150.0,0.5677199753452267,1.0
2007-06-25,3.433000087738037,-0.0029044409631501233,0.0001841269788287935,1.0,150.0,0.5871478290200117,1.0
2007-06-26,3.374000072479248,-0.017186138581681054,0.0001855158805847168,1.0,150.0,0.6294971089349192,1.0
2007-06-27,3.407000064849853,0.009780673284442543,0.00018392858051118397,1.0,150.0,0.6188195127548944,1.0
2007-06-28,3.444499969482422,0.011006722606041741,0.0001841269788287935,1.0,150.0,0.6038145144657917,1.0
2007-06-29,3.4205000400543213,-0.006967609127808139,0.00018531746334499784,1.0,150.0,0.6338524407692913,1.0
2007-07-02,3.4804999828338623,0.017541278198198285,0.00018769841345529708,1.0,150.0,0.6022572349346726,1.0
2007-07-03,3.4725000858306885,-0.0022984907463381443,0.0001910714308420817,1.0,150.0,0.6254915320663116,1.0
2007-07-05,3.436500072479248,-0.01036717421500899,0.00019087301360236274,1.0,150.0,0.6621143165087543,1.0
2007-07-06,3.448499917984009,0.003491879892818739,0.00019007936356559634,1.0,150.0,0.6622550377482476,1.0
2007-07-09,3.6034998893737793,0.04494707121245445,0.00018988094632587735,1.0,150.0,0.5397075717411242,1.0
2007-07-10,3.513999938964844,-0.02483695106328654,0.00019067459636264375,1.0,150.0,0.6313502750088307,1.0
2007-07-11,3.5364999771118164,0.006402970557136678,0.00019067459636264375,1.0,150.0,0.628262587117472,1.0
2007-07-12,3.63949990272522,0.029124820098973103,0.0001910714308420817,1.0,150.0,0.5485769475867817,1.0
2007-07-13,3.755000114440918,0.03173518747155679,0.00019126984808180066,1.0,150.0,0.46593337221963815,1.0
2007-07-16,3.684499979019165,-0.01877500220322892,0.00019007936356559634,1.0,150.0,0.5430221922979628,1.0
2007-07-17,3.689500093460083,0.0013570673006895184,0.00019087301360236274,1.0,150.0,0.5628044274295374,1.0
2007-07-18,3.6659998893737793,-0.006369481905681318,0.0001910714308420817,1.0,150.0,0.5969326149730305,1.0
2007-07-19,3.6675000190734863,0.00040920069421046534,0.00019166666363912917,1.0,150.0,0.6158929378094662,1.0
2007-07-20,3.5815000534057617,-0.023449206604080897,0.00019146824639941018,1.0,150.0,0.6896902739823016,1.0
2007-07-23,3.586999893188477,0.0015356246546709418,0.00019265873091561453,1.0,150.0,0.6912925062348965,1.0
2007-07-24,3.462500095367432,-0.03470861486711041,0.00019345238095238096,1.0,150.0,0.7455707124015348,1.0
2007-07-25,4.309000015258789,0.24447650442635682,0.00019186508087884813,1.0,150.0,0.24874399544832682,1.0
2007-07-26,4.200500011444092,-0.02517985691122837,0.0001892857135288299,1.0,150.0,0.2355937678667299,1.0
2007-07-27,4.202000141143799,0.00035713122143077314,0.0001867063461788117,1.0,150.0,0.23349688716042605,1.0
2007-07-30,4.135000228881836,-0.015944766780451647,0.00018730157897585916,1.0,150.0,0.2551412370207004,1.0
2007-07-31,3.927000045776367,-0.050302338958204795,0.00019087301360236274,1.0,150.0,0.38758198555395934,1.0
2007-08-01,3.865499973297119,-0.015660828052547093,0.00018809522901262556,1.0,150.0,0.4522867591836812,1.0
2007-08-02,3.98550009727478,0.031043881724646782,0.00018829364625234452,1.0,150.0,0.36635618686021065,1.0
2007-08-03,3.839999914169312,-0.03650738415612098,0.00018650792893909273,1.0,150.0,0.5125490523612867,1.0
2007-08-06,3.950000047683716,0.028645868742994463,0.00018710318065824963,1.0,150.0,0.4299202823066869,1.0
2007-08-07,3.9570000171661377,0.001772144151372057,0.00018988094632587735,1.0,150.0,0.4485115957691378,1.0
2007-08-08,3.888999938964844,-0.017184755599266466,0.00019067459636264375,1.0,150.0,0.5338875918892318,1.0
2007-08-09,3.705499887466431,-0.04718438014356363,0.00018730157897585916,1.0,150.0,0.6745147169471164,1.0
2007-08-10,3.739000082015991,0.009040668079055125,0.00017519841118464392,1.0,150.0,0.669595728555786,1.0
2007-08-13,3.743499994277954,0.0012035068636684354,0.00017976191308763294,1.0,150.0,0.6812494908377913,1.0
2007-08-14,3.672499895095825,-0.018966234617511568,0.00017857142857142857,1.0,150.0,0.7257915706646019,1.0
2007-08-15,3.61899995803833,-0.014567716429056299,0.00016388889343019517,1.0,150.0,0.7445942872437612,1.0
2007-08-16,3.63949990272522,0.005664532999332339,0.00014682539871760776,1.0,150.0,0.7551527856501611,1.0
2007-08-17,3.750999927520752,0.03063608401584017,0.00014365078910948738,1.0,150.0,0.7101281542185259,1.0
2007-08-20,3.734999895095825,-0.004265537918978879,0.00011706349395570301,1.0,150.0,0.7317192399335671,1.0
2007-08-21,3.874500036239624,0.03734943642889177,0.00013571428874182323,1.0,150.0,0.6260409513592518,1.0
2007-08-22,3.924999952316284,0.01303391808086607,0.0001414682562389071,1.0,150.0,0.6017503704170183,1.0
2007-08-23,3.865000009536743,-0.015286609811073437,0.00014722222373599096,1.0,150.0,0.6789313801733237,1.0
2007-08-24,3.962500095367432,0.025226412830559042,0.0001619047588772244,1.0,150.0,0.6038544298468512,1.0
2007-08-27,3.932499885559082,-0.007571030684244917,0.00017380952835083008,1.0,150.0,0.6568282044866443,1.0
2007-08-28,3.811000108718872,-0.0308963205024827,0.00016944444368756007,1.0,150.0,0.7579947784781201,1.0
2007-08-29,3.952500104904175,0.0371293603118974,0.00015277777399335586,1.0,150.0,0.661870782330062,1.0
2007-08-30,3.934000015258789,-0.004680604466633986,0.0001480158737727574,1.0,150.0,0.697427814490464,1.0
2007-08-31,3.995500087738037,0.015632961932055878,0.00015833333371177553,1.0,150.0,0.6613534944893431,1.0
2007-09-04,4.135000228881836,0.03491431312238413,0.000169841278166998,1.0,150.0,0.5487211456466669,1.0
2007-09-05,4.1875,0.012696437294360319,0.0001674603091345893,1.0,150.0,0.5256676991264235,1.0
2007-09-06,4.310500144958496,0.0293731689453125,0.00016507935902429006,1.0,150.0,0.4471781862386479,1.0
2007-09-07,4.22599983215332,-0.019603366190349414,0.00015634920861985947,1.0,150.0,0.5375116593194349,1.0
2007-09-10,4.166999816894531,-0.013961196782330765,0.0001535714240301223,1.0,150.0,0.6164946464018214,1.0
2007-09-11,4.314000129699707,0.03527725444315677,0.00015833333371177553,1.0,150.0,0.504265171289633,1.0
2007-09-12,4.364999771118164,0.011821891489374403,0.00015476190854632666,1.0,150.0,0.4889398781773334,1.0
2007-09-13,4.36299991607666,-0.0004581569636581406,0.0001567460336382427,1.0,150.0,0.5189529240804269,1.0
2007-09-14,4.388500213623047,0.0058446706479236,0.00015396825850956023,1.0,150.0,0.5246951832231286,1.0
2007-09-17,4.3454999923706055,-0.009798386500918355,0.00015833333371177553,1.0,150.0,0.5802538936981438,1.0
2007-09-18,4.4375,0.021171328452633587,0.0001531745990117391,1.0,150.0,0.5289488222895395,1.0
2007-09-19,4.449999809265137,0.002816858425946256,0.00015119047391982306,1.0,150.0,0.5433066264650878,1.0
2007-09-20,4.482500076293945,0.007303431106028713,0.00014563492366245813,1.0,150.0,0.5422380724208115,1.0
2007-09-21,4.565000057220459,0.018404903407101214,0.00014365078910948738,1.0,150.0,0.5044699714752982,1.0
2007-09-24,4.629499912261963,0.014129212318296558,0.00014563492366245813,1.0,150.0,0.4859570455504924,1.0
2007-09-25,4.673999786376953,0.0096122421337832,0.00014642857369922456,1.0,150.0,0.4809671256432171,1.0
2007-09-26,4.671500205993652,-0.0005347840174461105,0.00014384920634920634,1.0,150.0,0.5042906823159579,1.0
2007-09-27,4.669000148773193,-0.000535172238085635,0.00014285713907272098,1.0,150.0,0.5316159889973314,1.0
2007-09-28,4.65749979019165,-0.0024631309092086884,0.00014682539871760776,1.0,150.0,0.5558643020614658,1.0
2007-10-01,4.670499801635742,0.002791199576963832,0.00015059524112277559,1.0,150.0,0.5658029584450791,1.0
2007-10-02,4.618000030517578,-0.011240717984781212,0.00015277777399335586,1.0,150.0,0.6155670672447705,1.0
2007-10-03,4.623000144958496,0.0010827445664520763,0.0001523809489749727,1.0,150.0,0.6211688339287018,1.0
2007-10-04,4.61299991607666,-0.0021631469972462902,0.00015218254119630844,1.0,150.0,0.6347303779627796,1.0
2007-10-05,4.671500205993652,0.012681615213803621,0.0001535714240301223,1.0,150.0,0.6090764066126502,1.0
2007-10-08,4.792500019073486,0.025901703466605586,0.00015337301625145808,1.0,150.0,0.549165418240453,1.0
2007-10-09,4.765999794006348,-0.005529520075466143,0.00015515873356470987,1.0,150.0,0.5817862338316561,1.0
2007-10-10,4.732999801635742,-0.006924044019495312,0.0001561507913801405,1.0,150.0,0.6188199277217697,1.0
2007-10-11,4.4670000076293945,-0.05620109975800491,0.0001589285759698777,1.0,150.0,0.7655447575053459,1.0
2007-10-12,4.618500232696533,0.03391542977577444,0.0001619047588772244,1.0,150.0,0.6967173580864758,1.0
2007-10-15,4.526500225067139,-0.019919888057617352,0.00016507935902429006,1.0,150.0,0.7555052416935254,1.0
2007-10-16,4.476500034332275,-0.011046103667016083,0.0001636904761904762,1.0,150.0,0.7726155015120413,1.0
2007-10-17,4.527500152587891,0.01139285554886027,0.00015436508352794344,1.0,150.0,0.7590966649585742,1.0
2007-10-18,4.492499828338623,-0.007730606972870313,0.00014444444860730853,1.0,150.0,0.7756078696436371,1.0
2007-10-19,4.48799991607666,-0.0010016499574641013,0.0001484126987911406,1.0,150.0,0.7807442560840664,1.0
2007-10-22,4.564499855041504,0.017045441264561978,0.0001531745990117391,1.0,150.0,0.7478417217439478,1.0
2007-10-23,5.040999889373779,0.10439260586370258,0.0001531745990117391,1.0,150.0,0.40323360524403956,1.0
2007-10-24,4.436500072479248,-0.119916649506141,0.00014722222373599096,1.0,150.0,0.698930024194076,1.0
2007-10-25,4.4105000495910645,-0.0058604806634554585,0.00015158729893820626,1.0,150.0,0.7066567334804075,1.0
2007-10-26,4.5,0.020292472373338644,0.0001523809489749727,1.0,150.0,0.6817034643077439,1.0
2007-10-29,4.505000114440918,0.0011111365424261166,0.0001531745990117391,1.0,150.0,0.706105331405157,1.0
2007-10-30,4.412000179290772,-0.02064371427029077,0.00015277777399335586,1.0,150.0,0.7695292625041894,1.0
2007-10-31,4.457499980926514,0.010312737938976024,0.00015158729893820626,1.0,150.0,0.7586146170908078,1.0
2007-11-01,4.382500171661377,-0.016825532156154455,0.00014702380649627203,1.0,150.0,0.7925357578137152,1.0
2007-11-02,4.298999786376953,-0.01905313907900419,0.0001388888888888889,1.0,150.0,0.8076239756610673,1.0
2007-11-05,4.218500137329102,-0.01872520424470503,0.00014206348903595455,1.0,150.0,0.8188698028788236,1.0
2007-11-06,4.363500118255615,0.03437240161341304,0.0001440476235889253,1.0,150.0,0.7968194750294112,1.0
2007-11-07,4.352000236511231,-0.002635471853494775,0.00013333332917046925,1.0,150.0,0.8097049615508427,1.0
2007-11-08,4.178999900817871,-0.03975191321038285,0.0001301587290234036,1.0,150.0,0.8266413789463466,1.0
2007-11-09,3.944499969482422,-0.05611388774849102,0.00012579365382118832,1.0,150.0,0.8112461463979638,1.0
2007-11-12,3.849999904632568,-0.023957425676505606,0.00012619047883957152,1.0,150.0,0.8059052252565397,1.0
2007-11-13,3.993000030517578,0.03714289076032018,0.00013333332917046925,1.0,150.0,0.8457861585776775,1.0
2007-11-14,3.92549991607666,-0.016904611551472604,0.00013154762131827217,1.0,150.0,0.8428178464978695,1.0
2007-11-15,3.892499923706055,-0.008406570647334743,0.00012658730385795472,1.0,150.0,0.8440172496802811,1.0
2007-11-16,3.930000066757202,0.009633948307298468,0.0001305555540417868,1.0,150.0,0.8640900587424946,1.0
2007-11-19,3.9590001106262207,0.007379145897304706,0.00012996032124473937,1.0,150.0,0.875505684524439,1.0
2007-11-20,4.019499778747559,0.015281552521040132,0.00012539682880280512,1.0,150.0,0.8814679509006571,1.0
2007-11-21,3.98799991607666,-0.007836761887001109,0.0001206349191211519,1.0,150.0,0.8824021249859393,1.0
2007-11-23,4.071499824523926,0.020937790923880373,0.0001246031787660387,1.0,150.0,0.8731133830458443,1.0
2007-11-26,4.065000057220459,-0.0015964061362145898,0.00012123016137925405,1.0,150.0,0.8822617939112077,1.0
2007-11-27,4.2795000076293945,0.05276751473297758,0.00012202381141602047,1.0,150.0,0.8037906112195305,1.0
2007-11-28,4.514999866485596,0.05502976012065841,0.00011746031897408622,1.0,150.0,0.6400721939354216,1.0
2007-11-29,4.457499980926514,-0.01273530171858872,0.0001144841266056848,1.0,150.0,0.720463601564215,1.0
2007-11-30,4.527999877929688,0.015816017342645372,0.00012182539417630151,1.0,150.0,0.685258883398007,1.0
2007-12-03,4.545499801635742,0.00386482424422141,0.00011746031897408622,1.0,150.0,0.7001841720859227,1.0
2007-12-04,4.7204999923706055,0.03849965864521376,0.00011825396901085263,1.0,150.0,0.5848519193438252,1.0
2007-12-05,4.6595001220703125,-0.01292233246454455,0.00011825396901085263,1.0,150.0,0.6603484336871727,1.0
2007-12-06,4.7104997634887695,0.010945303161790099,0.00011746031897408622,1.0,150.0,0.6466302272804523,1.0
2007-12-07,4.715499877929688,0.0010614827920543135,0.00011984126908438546,1.0,150.0,0.6614948976929289,1.0
2007-12-10,4.651000022888184,-0.013678264597861256,0.00011785714399246942,1.0,150.0,0.7307151122236327,1.0
2007-12-11,4.537499904632568,-0.024403379423149074,0.00011388888434758262,1.0,150.0,0.8163362286381459,1.0
2007-12-12,4.564000129699707,0.005840270109996659,0.00011150793423728337,1.0,150.0,0.8108523027711961,1.0
2007-12-13,4.619999885559082,0.012269884808933984,0.00011031745918213374,1.0,150.0,0.7843766074955113,1.0
2007-12-14,4.453999996185303,-0.0359307128756976,0.00011091270144023593,1.0,150.0,0.8613449652810762,1.0
2007-12-17,4.254499912261963,-0.044791217802919836,0.0001162698439189366,1.0,150.0,0.87246041303831,1.0
2007-12-18,4.3445000648498535,0.021154108460197607,0.00011785714399246942,1.0,150.0,0.8821317154298255,1.0
2007-12-19,4.468999862670898,0.028656875581229313,0.00011250000151376876,1.0,150.0,0.8597067670192473,1.0
2007-12-20,4.52899980545044,0.013425809940321498,0.00011130952645861913,1.0,150.0,0.8310200782598871,1.0
2007-12-21,4.563000202178955,0.007507263896897598,0.000115079368863787,1.0,150.0,0.8223901704572618,1.0
2007-12-24,4.55049991607666,-0.0027394883954476867,0.00012698412887633795,1.0,150.0,0.8335542557662768,1.0
2007-12-26,4.642499923706055,0.02021756055952517,0.00012797618669176857,1.0,150.0,0.7920393044854223,1.0
2007-12-27,4.712500095367432,0.015078120153311003,0.00012202381141602047,1.0,150.0,0.7585344396037923,1.0
2007-12-28,4.722499847412109,0.0021219632556628287,0.0001222222191946847,1.0,150.0,0.7587146539332452,1.0
2007-12-31,4.631999969482422,-0.019163553383549803,0.0001246031787660387,1.0,150.0,0.825538597431182,1.0
2008-01-02,4.8125,0.03896805520440183,0.00012579365382118832,1.0,0.0,0.45373315688581656,0.0
2008-01-03,4.760499954223633,-0.01080520431716725,0.00012500000378442192,1.0,0.0,0.5496728703153967,1.0
2008-01-04,4.439499855041504,-0.06742991330087711,0.0001236111114895533,1.0,0.0,0.8418207145776814,1.0
2008-01-07,4.440999984741211,0.000337905112893111,0.00012559523658146936,1.0,0.0,0.8350579859729466,1.0
2008-01-08,4.394000053405762,-0.010583186556391788,0.00012539682880280512,1.0,0.0,0.8574144188768966,1.0
2008-01-09,4.261000156402588,-0.030268524211802483,0.00012341269424983434,1.0,0.0,0.8760034002104776,1.0
2008-01-10,4.2129998207092285,-0.011265039645969921,0.00012420635374765549,1.0,0.0,0.8757959677233049,1.0
2008-01-11,4.053999900817871,-0.03774031014902601,0.00011944444406600226,1.0,0.0,0.8683897764866483,1.0
2008-01-14,4.143499851226807,0.022076949333639462,0.00012242063643440367,1.0,0.0,0.8886485090281561,1.0
2008-01-15,4.01200008392334,-0.031736399668153115,0.00012242063643440367,1.0,0.0,0.8791565832283255,1.0
2008-01-16,4.017499923706055,0.0013708473747928718,0.0001206349191211519,1.0,0.0,0.8901889303167688,1.0
2008-01-17,4.00600004196167,-0.0028624472838263415,0.00011825396901085263,1.0,0.0,0.892887933649766,1.0
2008-01-18,3.98799991607666,-0.004493291486885598,0.00011071428420051697,1.0,0.0,0.8852619321875663,1.0
2008-01-22,3.924000024795532,-0.016048117509513515,8.849206424894787e-05,1.0,0.0,0.8717446754437891,1.0
2008-01-23,3.698499917984009,-0.0574668973971969,8.373015456729465e-05,1.0,0.0,0.8321717942435155,1.0
2008-01-24,3.883500099182129,0.05002032859283134,9.126983937763033e-05,1.0,0.0,0.8657727976197117,1.0
2008-01-25,3.880000114440918,-0.0009012449212884022,8.809523923056466e-05,1.0,0.0,0.8698003992612188,1.0
2008-01-28,3.7909998893737793,-0.02293820166032723,8.78968219908457e-05,1.0,0.0,0.8689899677482557,1.0
2008-01-29,3.697499990463257,-0.024663651184112068,8.749999697246248e-05,1.0,0.0,0.8603753478357352,1.0
2008-01-30,3.7105000019073486,0.003515892218423744,8.4920639083499e-05,1.0,0.0,0.877586958174237,1.0
2008-01-31,3.884999990463257,0.047028699222802395,7.420634939557031e-05,1.0,0.0,0.8353792834720213,1.0
2008-02-01,3.7314999103546143,-0.03951096022791467,8.13492044569954e-05,1.0,0.0,0.8578696806386414,1.0
2008-02-04,3.697499990463257,-0.009111596062754912,8.611111413864862e-05,1.0,0.0,0.8640562512388051,1.0
2008-02-05,3.6045000553131104,-0.025152112343479582,8.511904686216325e-05,1.0,0.0,0.8594318673532486,1.0
2008-02-06,3.424499988555908,-0.04993759578166135,8.095237943861221e-05,1.0,0.0,0.8327166555991596,1.0
2008-02-07,3.5455000400543213,0.035333640503073305,8.333332954891144e-05,1.0,0.0,0.8668498981726543,1.0
2008-02-08,3.674999952316284,0.03652514759525394,8.571428912026542e-05,1.0,0.0,0.8732004403927636,1.0
2008-02-11,3.759500026702881,0.022993217818503053,8.690476417541504e-05,1.0,0.0,0.8638875500678088,1.0
2008-02-12,3.722500085830689,-0.009841718475698813,8.928571428571429e-05,1.0,0.0,0.8754125939986911,1.0
2008-02-13,3.8864998817443848,0.04405635785958584,8.769841421218145e-05,1.0,0.0,0.7970863566188628,1.0
2008-02-14,3.7899999618530273,-0.024829518288328134,8.809523923056466e-05,1.0,0.0,0.8660634522348714,1.0
2008-02-15,3.6480000019073486,-0.03746700827834604,8.452381406511579e-05,1.0,0.0,0.8938638126970571,1.0
2008-02-19,3.6040000915527344,-0.012061378928620914,8.611111413864862e-05,1.0,0.0,0.8927365195058282,1.0
2008-02-20,3.681999921798706,0.021642571660525745,8.630952191731287e-05,1.0,0.0,0.8998846095505926,1.0
2008-02-21,3.494999885559082,-0.05078762634744216,8.4920639083499e-05,1.0,0.0,0.8898388794067754,1.0
2008-02-22,3.6040000915527344,0.031187470547288987,8.4920639083499e-05,1.0,0.0,0.9030640520418258,1.0
2008-02-25,3.6635000705718994,0.01650942772133246,8.373015456729465e-05,1.0,0.0,0.8934827258347686,1.0
2008-02-26,3.5845000743865967,-0.02156407661075066,8.234127173348079e-05,1.0,0.0,0.9050655151468393,1.0
2008-02-27,3.5434999465942383,-0.0114381718347083,7.658729950586954e-05,1.0,0.0,0.9010255834420322,1.0
2008-02-28,3.3924999237060547,-0.04261324260306931,7.361111186799548e-05,1.0,0.0,0.8839199366810947,1.0
2008-02-29,3.2235000133514404,-0.049815744776788184,7.083333200878568e-05,1.0,0.0,0.8509711958661688,1.0
2008-03-03,3.121500015258789,-0.03164262375373872,6.488095200251019e-05,1.0,0.0,0.8304330866928562,1.0
2008-03-04,3.2669999599456787,0.046612187722455234,6.329365192897736e-05,1.0,0.0,0.8766032407721958,1.0
2008-03-05,3.249500036239624,-0.005356572978453822,5.873015948704311e-05,1.0,0.0,0.8727468996570767,1.0
2008-03-06,3.13700008392334,-0.03462069581832383,5.4166667045108856e-05,1.0,0.0,0.8553429739037999,1.0
2008-03-07,3.2044999599456787,0.02151733318984128,5.555555460945008e-05,1.0,0.0,0.8803732644597454,1.0
2008-03-10,3.173500061035156,-0.009673864658449993,5.1587299695090636e-05,1.0,0.0,0.8751604136223001,1.0
2008-03-11,3.3575000762939453,0.05798015179453664,5.714285941351028e-05,1.0,0.0,0.8782668453837256,1.0
2008-03-12,3.325500011444092,-0.009530920066329718,5.714285941351028e-05,1.0,0.0,0.8859956589922554,1.0
2008-03-13,3.41599988937378,0.0272139159880469,5.1587299695090636e-05,1.0,0.0,0.8648474605594535,1.0
2008-03-14,3.4110000133514404,-0.0014636639883662816,4.444444463366554e-05,1.0,0.0,0.8633399198210041,1.0
2008-03-17,3.326499938964844,-0.024772815612970844,3.9285714664156475e-05,1.0,0.0,0.8824539871606859,1.0
2008-03-18,3.5850000381469727,0.07770933531493451,3.5714284768180245e-05,1.0,0.0,0.7303605618816299,1.0
2008-03-19,3.508500099182129,-0.021338894881681836,2.5793649847545318e-05,1.0,0.0,0.8165207339653174,1.0
2008-03-20,3.659499883651733,0.04303827282342221,1.984126984126984e-05,1.0,0.0,0.6921882857922446,1.0
2008-03-24,3.797499895095825,0.037710074007813565,4.027777721011449e-05,1.0,0.0,0.5661018659807016,1.0
2008-03-25,3.758500099182129,-0.010269860958801225,4.9801587112366204e-05,1.0,0.0,0.6482017743546139,1.0
2008-03-26,3.690000057220459,-0.018225366543578314,5.039682463994102e-05,1.0,0.0,0.7579631272791695,1.0
2008-03-27,3.539999961853028,-0.04065043171853522,4.96031746031746e-05,1.0,0.0,0.8829684232075603,1.0
2008-03-28,3.48799991607666,-0.014689278626191848,5.357142951753405e-05,1.0,0.0,0.9000704676098129,1.0
2008-03-31,3.565000057220459,0.022075729070088146,5.059523714913262e-05,1.0,0.0,0.8803429061861608,1.0
2008-04-01,3.8350000381469727,0.07573631881987275,5.376984202672565e-05,1.0,0.0,0.6062964111912211,1.0
2008-04-02,3.868499994277954,0.008735320938136892,5.4166667045108856e-05,1.0,0.0,0.6018343052691804,1.0
2008-04-03,3.746999979019165,-0.031407526286287846,5.3968254535917255e-05,1.0,0.0,0.7779089788928051,1.0
2008-04-04,3.8434998989105225,0.02575391524731674,5.238095446238442e-05,1.0,0.0,0.6748160464537988,1.0
2008-04-07,3.8450000286102295,0.00039030304128084836,5.3968254535917255e-05,1.0,0.0,0.7057080466915875,1.0
2008-04-08,3.865000009536743,0.005201555468841601,5.357142951753405e-05,1.0,0.0,0.6949958584227132,1.0
2008-04-09,3.7195000648498535,-0.03764552246516795,5.059523714913262e-05,1.0,0.0,0.870625708183392,1.0
2008-04-10,3.741499900817871,0.00591472928739023,4.900793707559979e-05,1.0,0.0,0.8498063062871676,1.0
2008-04-11,3.5994999408721924,-0.03795268307093591,4.6031744707198374e-05,1.0,0.0,0.9298945226590922,1.0
2008-04-14,3.630500078201294,0.008612345558641765,4.26587320509411e-05,1.0,0.0,0.9234219765085843,1.0
2008-04-15,3.625,-0.0015149643527948564,4.3650794596899126e-05,1.0,0.0,0.9213928464113831,1.0
2008-04-16,3.7295000553131104,0.028827601465685637,4.4246032124473935e-05,1.0,0.0,0.8537544606824121,1.0
2008-04-17,3.70199990272522,-0.007373683383839369,4.801587452964178e-05,1.0,0.0,0.8846197947853425,1.0
2008-04-18,4.005000114440918,0.0818477092591614,5.238095446238442e-05,1.0,0.0,0.5132852975070243,1.0
2008-04-21,4.008999824523926,0.0009986791432503583,5.039682463994102e-05,1.0,0.0,0.5424364946661431,1.0
2008-04-22,3.9800000190734863,-0.007233675909148585,4.9801587112366204e-05,1.0,0.0,0.6093463659432647,1.0
2008-04-23,4.050000190734863,0.017587982745204123,4.7619049511258563e-05,1.0,0.0,0.5325481755606271,1.0
2008-04-24,3.884500026702881,-0.04086423610808587,4.841269954802498e-05,1.0,0.0,0.7776545004999333,1.0
2008-04-25,4.043000221252441,0.0408032419770874,5.099206216751583e-05,1.0,0.0,0.5747628274548161,1.0
2008-04-28,4.098499774932861,0.013727318981750392,5.277777948076763e-05,1.0,0.0,0.5213820617622376,1.0
2008-04-29,4.037000179290772,-0.015005391977384264,5.714285941351028e-05,1.0,0.0,0.6407826037535284,1.0
2008-04-30,3.93149995803833,-0.026133320923205083,5.317460449915084e-05,1.0,0.0,0.7972246032287982,1.0
2008-05-01,3.9679999351501465,0.009283982576977712,5.4365079554300456e-05,1.0,0.0,0.761868694191612,1.0
2008-05-02,3.865499973297119,-0.02583164403432603,5.81349219594683e-05,1.0,0.0,0.8681311720644399,1.0
2008-05-05,3.796000003814697,-0.017979555028464156,6.150793461572556e-05,1.0,0.0,0.9053170538451463,1.0
2008-05-06,3.785500049591065,-0.0027660574850053576,6.329365192897736e-05,1.0,0.0,0.9064929585240905,1.0
2008-05-07,3.658999919891357,-0.033417019691592165,6.468253949331859e-05,1.0,0.0,0.9144931364556235,1.0
2008-05-08,3.63949990272522,-0.005329329760334067,6.428571447493539e-05,1.0,0.0,0.9150555686242963,1.0
2008-05-09,3.620500087738037,-0.005220446625910369,6.547618953008501e-05,1.0,0.0,0.9184833290479731,1.0
2008-05-12,3.7265000343322754,0.02927770861081891,6.944444444444444e-05,1.0,0.0,0.9160899473845048,1.0
2008-05-13,3.7279999256134033,0.0004024932959370009,7.083333200878568e-05,1.0,0.0,0.9158351645480279,1.0
2008-05-14,3.7100000381469727,-0.004828296090555573,7.083333200878568e-05,1.0,0.0,0.9199306001905406,1.0
2008-05-15,3.805999994277954,0.025875998691075486,7.103174451797728e-05,1.0,0.0,0.8687785138937965,1.0
2008-05-16,3.822999954223633,0.004466621116982816,7.142856953636049e-05,1.0,0.0,0.8493029544673761,1.0
2008-05-19,4.114500045776367,0.0762490439558301,7.16269820455521e-05,1.0,0.0,0.4912378574459688,0.0
2008-05-20,4.035999774932861,-0.019078933034424983,7.242063681284586e-05,1.0,0.0,0.6393433049717125,1.0
2008-05-21,3.9149999618530273,-0.02998013375306663,7.182539455474369e-05,1.0,0.0,0.8181568075569304,1.0
2008-05-22,3.963000059127808,0.012260561364619171,7.242063681284586e-05,1.0,0.0,0.7724788139630964,1.0
2008-05-23,3.9175000190734863,-0.011481211046041606,7.142856953636049e-05,1.0,0.0,0.8284861043939918,1.0
2008-05-27,4.031000137329102,0.02897258907543243,7.341269935880388e-05,1.0,0.0,0.691795846593979,1.0
2008-05-28,4.004000186920166,-0.006698077273404768,7.361111186799548e-05,1.0,0.0,0.7421671766860114,1.0
2008-05-29,4.017499923706055,0.0033715624764425467,7.40079368863787e-05,1.0,0.0,0.7554733693948417,1.0
2008-05-30,4.080999851226807,0.015805831668112225,7.341269935880388e-05,1.0,0.0,0.6801274394441076,1.0
2008-06-02,4.011499881744385,-0.017030132814518262,7.103174451797728e-05,1.0,0.0,0.7940500677117568,1.0
2008-06-03,4.005499839782715,-0.0014957103673304273,7.182539455474369e-05,1.0,0.0,0.8110865005173064,1.0
2008-06-04,4.074999809265137,0.01735113525461829,7.16269820455521e-05,1.0,0.0,0.736144916101891,1.0
2008-06-05,4.225500106811523,0.03693259008361216,7.182539455474369e-05,1.0,0.0,0.5534446917918721,1.0
2008-06-06,4.031499862670898,-0.04591178304028343,7.142856953636049e-05,1.0,0.0,0.830644213618402,1.0
2008-06-09,3.971499919891357,-0.014882784279643069,7.341269935880388e-05,1.0,0.0,0.882428941621795,1.0
2008-06-10,3.9809999465942383,0.002392050080449515,7.817460430992973e-05,1.0,0.0,0.8754753449864032,1.0
2008-06-11,3.864000082015991,-0.029389566980110304,7.559523695991153e-05,1.0,0.0,0.9272528894941627,1.0
2008-06-12,3.807499885559082,-0.014622203741629036,7.738095427316333e-05,1.0,0.0,0.932097624952493,1.0
2008-06-13,3.9584999084472656,0.039658575817924424,7.658729950586954e-05,1.0,0.0,0.8815432329182724,1.0
2008-06-16,4.085000038146973,0.03195658270188706,7.698412925478012e-05,1.0,0.0,0.7597768069533604,1.0
2008-06-17,4.148499965667725,0.015544657754656077,7.757936678235492e-05,1.0,0.0,0.70136934336305,1.0
2008-06-18,4.125999927520752,-0.0054236563416124595,7.46031744139535e-05,1.0,0.0,0.7495399540690464,1.0
2008-06-19,4.2129998207092285,0.02108577186542826,7.380952437718708e-05,1.0,0.0,0.6460282335004468,1.0
2008-06-20,4.054999828338623,-0.0375029667919633,7.142856953636049e-05,1.0,0.0,0.8515940637355978,1.0
2008-06-23,4.033999919891357,-0.005178769256784288,7.341269935880388e-05,1.0,0.0,0.8709102130556867,1.0
2008-06-24,3.982000112533569,-0.012890383835007402,7.123015702716889e-05,1.0,0.0,0.8985931318444368,1.0
2008-06-25,4.0254998207092285,0.01092408511962173,6.984126946282765e-05,1.0,0.0,0.8738723285824782,1.0
2008-06-26,3.815000057220459,-0.052291584365710575,6.666666458523462e-05,1.0,0.0,0.9358727007427521,1.0
2008-06-27,3.733000040054321,-0.021494106405304247,6.468253949331859e-05,1.0,0.0,0.9286899777635659,1.0
2008-06-30,3.6665000915527344,-0.01781407655720757,6.765873186172e-05,1.0,0.0,0.9173667454109286,1.0
2008-07-01,3.680999994277954,0.003954698585342031,7.242063681284586e-05,1.0,0.0,0.9347525701023325,1.0
2008-07-02,3.572000026702881,-0.029611509846376394,7.103174451797728e-05,1.0,0.0,0.9141820159577135,1.0
2008-07-03,3.5999999046325684,0.007838711567853096,7.182539455474369e-05,1.0,0.0,0.929316406412621,1.0
2008-07-07,3.624500036239624,0.006805592293357643,7.043650699040247e-05,1.0,0.0,0.937669708081788,1.0
2008-07-08,3.752000093460083,0.035177281265180715,7.222222430365428e-05,1.0,0.0,0.939338846369341,1.0
2008-07-09,3.5304999351501465,-0.05903522195962152,7.103174451797728e-05,1.0,0.0,0.9365789728884141,1.0
2008-07-10,3.531500101089477,0.0002832930060054917,6.468253949331859e-05,1.0,0.0,0.9441979252051128,1.0
2008-07-11,3.427000045776367,-0.029590840244028693,6.230158938301934e-05,1.0,0.0,0.9264555503727226,1.0
2008-07-14,3.313999891281128,-0.03297349080415313,5.65476171554081e-05,1.0,0.0,0.8995262793613658,1.0
2008-07-15,3.3515000343322754,0.011315674194741998,5.4563492063492063e-05,1.0,0.0,0.9226580584966071,1.0
2008-07-16,3.5920000076293945,0.07175890521661121,5.337301700834244e-05,1.0,0.0,0.9358013743286991,1.0
2008-07-17,3.6054999828338623,0.003758344982125239,5.515872959106687e-05,1.0,0.0,0.9181579796965895,1.0
2008-07-18,3.4560000896453857,-0.0414643999168659,5.6349204646216496e-05,1.0,0.0,0.9508008122067199,1.0
2008-07-21,3.424000024795532,-0.009259277783507658,5.4761904572683664e-05,1.0,0.0,0.9487477642514252,1.0
2008-07-22,3.3984999656677246,-0.007447447121245232,5.9523809523809524e-05,1.0,0.0,0.9439377733619927,1.0
2008-07-23,3.5269999504089355,0.03781079477397142,6.130952210653396e-05,1.0,0.0,0.927400904359838,1.0
2008-07-24,3.936000108718872,0.11596262094149323,6.388888945655218e-05,1.0,0.0,0.4862293378355631,0.0
2008-07-25,3.9154999256134033,-0.005208379710167632,6.70634943341452e-05,1.0,0.0,0.5640122403507936,1.0
2008-07-28,3.799000024795532,-0.029753518843349425,6.607142705765981e-05,1.0,0.0,0.7515124066610916,1.0
2008-07-29,3.910500049591065,0.029349835237638455,6.666666458523462e-05,1.0,0.0,0.6319544350989422,1.0
2008-07-30,3.910500049591065,0.0,6.626983956685142e-05,1.0,0.0,0.675394087487896,1.0
2008-07-31,3.816999912261963,-0.023910020750128824,6.488095200251019e-05,1.0,0.0,0.825918174152198,1.0
2008-08-01,3.787499904632568,-0.007728584832980334,6.468253949331859e-05,1.0,0.0,0.8687695932190596,1.0
2008-08-04,3.785500049591065,-0.0005280145457051688,6.587301454846822e-05,1.0,0.0,0.8802034253793695,1.0
2008-08-05,3.955499887466431,0.04490815893496847,6.785714437091161e-05,1.0,0.0,0.6870898846662491,1.0
2008-08-06,3.9045000076293945,-0.012893409502712116,6.349206443816897e-05,1.0,0.0,0.7760776585095022,1.0
2008-08-07,3.847500085830689,-0.014598520088955791,6.468253949331859e-05,1.0,0.0,0.8543799330964824,1.0
2008-08-08,4.0254998207092285,0.04626373772779502,6.607142705765981e-05,1.0,0.0,0.6328394756275602,1.0
2008-08-11,4.4045000076293945,0.09414984568385654,7.023809448121085e-05,1.0,0.0,0.2660059498692332,0.0
2008-08-12,4.362500190734863,-0.009535660533949386,7.242063681284586e-05,1.0,0.0,0.30859982076625603,0.0
2008-08-13,4.334499835968018,-0.006418419150172938,7.202381179446265e-05,0.0,0.0,0.3649577945558026,0.0
2008-08-14,4.401500225067139,0.015457467212975029,7.261904932203745e-05,0.0,0.0,0.33337752997584,0.0
2008-08-15,4.320000171661377,-0.01851642604528514,7.142856953636049e-05,0.0,0.0,0.4682188138249735,0.0
2008-08-18,4.1554999351501465,-0.03807875693855989,6.904761942606123e-05,0.0,0.0,0.7376308463649097,1.0
2008-08-19,4.064499855041504,-0.021898708104625353,7.003968197201925e-05,1.0,0.0,0.8412735957966734,1.0
2008-08-20,4.106500148773193,0.010333446974931881,6.626983956685142e-05,1.0,0.0,0.8103656452034795,1.0
2008-08-21,4.163000106811523,0.013758664554099465,6.686507709442624e-05,1.0,0.0,0.7570551894071794,1.0
2008-08-22,4.263000011444092,0.024021115077308863,6.607142705765981e-05,1.0,0.0,0.6323719047281054,1.0
2008-08-25,4.142499923706055,-0.028266499510802845,6.52777770208934e-05,1.0,0.0,0.8109999386768478,1.0
2008-08-26,4.0879998207092285,-0.01315633168390451,6.646825207604302e-05,1.0,0.0,0.8650788353473343,1.0
2008-08-27,4.08650016784668,-0.00036684269283771,6.50793645117018e-05,1.0,0.0,0.867802882325397,1.0
2008-08-28,4.171000003814697,0.020677800684526515,6.74603193525284e-05,1.0,0.0,0.7896588396789492,1.0
2008-08-29,4.040500164031982,-0.03128742259970341,6.70634943341452e-05,1.0,0.0,0.9027920262159336,1.0
2008-09-02,4.070499897003174,0.007424757270954929,6.547618953008501e-05,1.0,0.0,0.8764742758189569,1.0
2008-09-03,4.03849983215332,-0.007861458213870187,6.607142705765981e-05,1.0,0.0,0.8937024245117317,1.0
2008-09-04,3.90149998664856,-0.03392344959730065,6.547618953008501e-05,1.0,0.0,0.917242343734596,1.0
2008-09-05,3.9595000743865967,0.014866099688971124,6.50793645117018e-05,1.0,0.0,0.9147797549528526,1.0
2008-09-08,4.058000087738037,0.024876881298379505,6.626983956685142e-05,1.0,0.0,0.8656081228827051,1.0
2008-09-09,3.95199990272522,-0.02612128701847871,6.50793645117018e-05,1.0,0.0,0.9021262528310711,1.0
2008-09-10,3.836999893188477,-0.029099193412793767,6.428571447493539e-05,1.0,0.0,0.9096805447040478,1.0
2008-09-11,3.975500106811523,0.03609596494097245,6.269841440140256e-05,1.0,0.0,0.9040935724887652,1.0
2008-09-12,3.9149999618530273,-0.015218247599801615,5.7936509450276706e-05,1.0,0.0,0.9309110079594927,1.0
2008-09-15,3.867000102996826,-0.012260500465875346,3.2142857237467695e-05,1.0,0.0,0.9324328390307804,1.0
2008-09-16,3.936500072479248,0.01797258019945769,3.412698469464741e-05,1.0,0.0,0.9192185840572359,1.0
2008-09-17,3.57699990272522,-0.0913248223383395,7.936507759113135e-07,1.0,0.0,0.9036384185518873,1.0
2008-09-18,3.825000047683716,0.06933188473657803,2.777777789604095e-06,1.0,0.0,0.9372164491332324,1.0
2008-09-19,4.050000190734863,0.058823566077443434,3.650793717021033e-05,1.0,0.0,0.7580507577133561,1.0
2008-09-22,3.746500015258789,-0.07493831140314211,3.472222222222222e-05,1.0,0.0,0.929883701507238,1.0
2008-09-23,3.588000059127808,-0.042306140527276215,3.174603221908449e-05,1.0,0.0,0.9141265032596257,1.0
2008-09-24,3.497999906539917,-0.025083654154055113,1.746031736570691e-05,1.0,0.0,0.897770740588993,1.0
2008-09-25,3.6040000915527344,0.030303084003701075,2.8174602323108248e-05,1.0,0.0,0.936903326852324,1.0
2008-09-26,3.5350000858306885,-0.019145395108000174,3.293650727423411e-05,1.0,0.0,0.9412014111693717,1.0
2008-09-29,3.1675000190734863,-0.10396041240005893,1.785714238409012e-05,1.0,0.0,0.8407067461221024,1.0
2008-09-30,3.638000011444092,0.14853985462902375,3.5714284768180245e-05,1.0,0.0,0.8820464741369248,1.0
2008-10-01,3.4790000915527344,-0.043705310442877954,3.174603221908449e-05,1.0,0.0,0.9195018575899385,1.0
2008-10-02,3.368000030517578,-0.031905736738746415,2.3412697371982395e-05,1.0,0.0,0.9118208902448465,1.0
2008-10-03,3.3499999046325684,-0.005344455380614566,1.8650793603488375e-05,1.0,0.0,0.9062138778802706,1.0
2008-10-06,3.2614998817443848,-0.026417918032117238,1.626984112792545e-05,1.0,0.0,0.8904266490111996,1.0
2008-10-07,2.9260001182556152,-0.10286671030303096,3.115079469150967e-05,1.0,0.0,0.807929057503045,1.0
2008-10-08,3.0510001182556152,0.042720435730713824,2.539682482916211e-05,1.0,0.0,0.8629020196318106,1.0
2008-10-09,2.799999952316284,-0.08226816001660409,2.3015872353599187e-05,1.0,0.0,0.8000558938846942,1.0
2008-10-10,2.8125,0.00446430282021093,8.333333073154326e-06,1.0,0.0,0.821278830666725,1.0
2008-10-13,3.1010000705718994,0.10257780287000862,8.333333073154326e-06,1.0,0.0,0.8921779157543577,1.0
2008-10-14,2.7929999828338623,-0.09932282513016344,9.325396801744186e-06,1.0,0.0,0.8294724863806207,1.0
2008-10-15,2.436000108718872,-0.12781950458616453,7.93650805477112e-06,1.0,0.0,0.7488879007396271,1.0
2008-10-16,2.51449990272522,0.032224872948643846,1.7261904856515307e-05,1.0,0.0,0.784182143650166,1.0
2008-10-17,2.532500028610229,0.007158531151860492,3.0952379817054386e-05,1.0,0.0,0.8015273403017277,1.0
2008-10-20,2.6484999656677246,0.04580451559605847,4.04761897193061e-05,1.0,0.0,0.842217737696952,1.0
2008-10-21,2.5114998817443848,-0.051727425221544276,4.345238208770752e-05,1.0,0.0,0.8164247445948445,1.0
2008-10-22,2.499500036239624,-0.0047779598127737355,4.007936470092289e-05,1.0,0.0,0.8162941772038863,1.0
2008-10-23,2.5160000324249268,0.00660131864215785,3.6111112151827125e-05,1.0,0.0,0.8225856514374479,1.0
2008-10-24,2.447999954223633,-0.027027057760311446,3.25396822558509e-05,1.0,0.0,0.8088931299073198,1.0
2008-10-27,2.4790000915527344,0.012663455028099957,2.8968254725138346e-05,1.0,0.0,0.8253740265711101,1.0
2008-10-28,2.802000045776367,0.13029445030045173,2.9761904761904762e-05,1.0,0.0,0.7724897793877419,1.0
2008-10-29,2.844500064849853,0.015167743889779262,2.2420634826024375e-05,1.0,0.0,0.7608267269120678,1.0
2008-10-30,2.8355000019073486,-0.003164022758768814,1.4880952380952381e-05,1.0,0.0,0.7885867931251519,1.0
2008-10-31,2.861999988555908,0.009345789677564387,1.7261904856515307e-05,1.0,0.0,0.7846619522816715,1.0
2008-11-03,2.7885000705718994,-0.02568131316488753,1.6666666146308656e-05,1.0,0.0,0.8437431484490896,1.0
2008-11-04,2.922499895095825,0.04805444544831716,1.845238109429677e-05,1.0,0.0,0.7641722393010348,1.0
2008-11-05,2.5989999771118164,-0.11069287582417575,1.5079364890143985e-05,1.0,0.0,0.8630654735658192,1.0
2008-11-06,2.361000061035156,-0.09157365070127554,1.2499999905389453e-05,1.0,0.0,0.8087774448884726,1.0
2008-11-07,2.4605000019073486,0.04214313354509969,1.150793617679959e-05,1.0,0.0,0.8453152939938319,1.0
2008-11-10,2.4230000972747803,-0.015240765943303813,7.93650805477112e-06,1.0,0.0,0.8427581127292613,1.0
2008-11-11,2.315000057220459,-0.04457285832377478,7.738094954263595e-06,1.0,0.0,0.8200252541517947,1.0
2008-11-12,2.078000068664551,-0.10237580246130362,5.55555557920819e-06,1.0,0.0,0.7606313602947048,1.0
2008-11-13,2.246500015258789,0.08108755583561011,7.5396824450719925e-06,1.0,0.0,0.817501524365171,1.0
2008-11-14,2.087500095367432,-0.07077672771484078,5.158729969509063e-06,1.0,0.0,0.7821965726068987,1.0
2008-11-17,1.9845000505447388,-0.0493413365830595,3.571428713344389e-06,1.0,0.0,0.7629955971617062,1.0
2008-11-18,1.9220000505447388,-0.03149407831098017,4.365079341426725e-06,1.0,0.0,0.754289118205694,1.0
2008-11-19,1.7920000553131104,-0.06763787295155554,2.5793649847545313e-06,1.0,0.0,0.7300721279114389,1.0
2008-11-20,1.7515000104904177,-0.022600470743633028,1.9841269397782539e-07,1.0,0.0,0.7272593855785234,1.0
2008-11-21,1.893499970436096,0.08107334233239216,3.9682538795565474e-07,1.0,0.0,0.7731989577727904,1.0
2008-11-24,2.125,0.12226038192680133,3.9682538795565474e-07,1.0,0.0,0.7902743516336167,1.0
2008-11-25,2.109499931335449,-0.0072941499597886095,3.96825402738556e-06,1.0,0.0,0.7941158693700072,1.0
2008-11-26,2.197999954223633,0.04195308166336709,1.1904761638669722e-06,1.0,0.0,0.7755667638666673,1.0
2008-11-28,2.134999990463257,-0.02866240449155444,7.936507759113135e-07,1.0,0.0,0.8083960244466981,1.0
2008-12-01,2.0234999656677246,-0.05222483620308527,3.9682538795565474e-07,1.0,0.0,0.8135779598813357,1.0
2008-12-02,2.059499979019165,0.017790963163945905,1.984127013692778e-06,1.0,0.0,0.8215745050741283,1.0
2008-12-03,2.260499954223633,0.09759649296048734,5.952380819334841e-07,1.0,0.0,0.7435281155241674,1.0
2008-12-04,2.365999937057495,0.046671083817869885,1.9841269397782539e-07,1.0,0.0,0.6705888657764812,1.0
2008-12-05,2.4130001068115234,0.01986482290970848,3.9682538795565474e-07,1.0,0.0,0.6445788615118495,1.0
2008-12-08,2.570499897003174,0.06527135649395666,1.9841269397782539e-07,1.0,0.0,0.5118474140726513,1.0
2008-12-09,2.5625,-0.0031121950296518763,3.9682538795565474e-07,1.0,0.0,0.5560231486968169,1.0
2008-12-10,2.484999895095825,-0.030243943377238902,1.9841269397782539e-07,1.0,0.0,0.6780488851961743,1.0
2008-12-11,2.4124999046325684,-0.029175047695710665,3.9682538795565474e-07,1.0,0.0,0.7831260916114992,1.0
2008-12-12,2.5625,0.06217620779150956,3.9682538795565474e-07,1.0,0.0,0.6264402302050428,1.0
2008-12-15,2.442500114440918,-0.0468292236328125,1.9841269397782539e-07,1.0,0.0,0.7918290241092479,1.0
2008-12-16,2.631500005722046,0.07737968574236476,9.92063506846389e-07,1.0,0.0,0.5715179954186778,1.0
2008-12-17,2.6589999198913574,0.010450280870041517,1.9841269397782539e-07,1.0,0.0,0.5705821705456048,1.0
2008-12-18,2.6040000915527344,-0.02068440390959858,1.9841269397782539e-07,1.0,0.0,0.6874926878891168,1.0
2008-12-19,2.578000068664551,-0.009984647455476892,1.9841269397782539e-07,1.0,0.0,0.7509983519849026,1.0
2008-12-22,2.492000102996826,-0.03335917896707974,1.9841269397782539e-07,1.0,0.0,0.8499976358414417,1.0
2008-12-23,2.553999900817871,0.02487953260775755,1.9841269397782539e-07,1.0,0.0,0.8061806857713876,1.0
2008-12-24,2.572000026702881,0.007047817769783693,1.9841269397782539e-07,1.0,0.0,0.8070955946397612,1.0
2008-12-26,2.58899998664856,0.006609626659868972,1.9841269397782539e-07,1.0,0.0,0.8050438455177437,1.0
2008-12-29,2.470000028610229,-0.045963676574743983,3.9682538795565474e-07,1.0,0.0,0.899468507103929,1.0
2008-12-30,2.5380001068115234,0.0275303957140256,3.571428713344389e-06,1.0,0.0,0.8690925352157864,1.0
2008-12-31,2.563999891281128,0.010244201487551452,4.563492146276289e-06,1.0,0.0,0.8522448171736257,1.0
2009-01-02,2.7179999351501465,0.060062422152471706,3.3730159084948255e-06,1.0,10.0,0.8405670047966938,1.0
2009-01-05,2.703000068664551,-0.005518714806285296,3.3730159084948255e-06,1.0,10.0,0.8766535868803165,1.0
2009-01-06,2.868000030517578,0.06104326957510864,5.158729969509063e-06,1.0,10.0,0.7220165622764397,1.0
2009-01-07,2.809999942779541,-0.020223182399189188,3.96825402738556e-06,1.0,10.0,0.8185280889934808,1.0
2009-01-08,2.8580000400543213,0.017081885499008465,3.1746031036452616e-06,1.0,10.0,0.7865180159072862,1.0
2009-01-09,2.775500059127808,-0.02886633301969621,2.5793649847545313e-06,1.0,10.0,0.8901106522551826,1.0
2009-01-12,2.595999956130981,-0.06467306761767266,2.5793649847545313e-06,1.0,10.0,0.9388692060975151,1.0
2009-01-13,2.572499990463257,-0.009052375217582065,4.166666536577163e-06,1.0,10.0,0.9373612845434454,1.0
2009-01-14,2.424499988555908,-0.057531585016914466,4.365079341426725e-06,1.0,10.0,0.8898501249092874,1.0
2009-01-15,2.572000026702881,0.06083730205947635,3.96825402738556e-06,1.0,10.0,0.9397978729719675,1.0
2009-01-16,2.5794999599456787,0.00291599267687892,4.563492146276289e-06,1.0,10.0,0.9439401513654853,1.0
2009-01-20,2.421999931335449,-0.061058356679930426,3.96825402738556e-06,1.0,10.0,0.9066489693862455,1.0
2009-01-21,2.5269999504089355,0.04335261026022863,4.365079341426725e-06,1.0,10.0,0.9426526678405478,1.0
2009-01-22,2.496999979019165,-0.011871773636131566,3.96825402738556e-06,1.0,10.0,0.9382166364616249,1.0
2009-01-23,2.531500101089477,0.013816628898757122,3.571428713344389e-06,1.0,10.0,0.9448417181202415,1.0
2009-01-26,2.4814999103546143,-0.019751210246187423,3.96825402738556e-06,1.0,10.0,0.9394483184245747,1.0
2009-01-27,2.421999931335449,-0.023977425415527165,5.158729969509063e-06,1.0,10.0,0.9257684688196959,1.0
2009-01-28,2.5179998874664307,0.03963664692510904,7.142857426688782e-06,1.0,10.0,0.9526751343636336,1.0
2009-01-29,2.5,-0.007148486207655069,8.730158682853456e-06,1.0,10.0,0.942408406860619,1.0
2009-01-30,2.940999984741211,0.17639999389648442,8.730158682853456e-06,1.0,10.0,0.5627129834638765,1.0
2009-02-02,3.057499885559082,0.03961234322417795,9.722222411443313e-06,1.0,10.0,0.49554684664953463,1.0
2009-02-03,3.179500102996826,0.039901953231123555,1.2301587396197849e-05,1.0,10.0,0.44353002959644205,1.0
2009-02-04,3.052999973297119,-0.039786169398288385,1.150793617679959e-05,1.0,10.0,0.5645228536544987,1.0
2009-02-05,3.1589999198913574,0.0347199304033281,1.0714286140033176e-05,1.0,10.0,0.4974609141394932,1.0
2009-02-06,3.327500104904175,0.05333972437030399,1.0714286140033176e-05,1.0,10.0,0.41055177808320537,1.0
2009-02-09,3.3355000019073486,0.0024041763338740196,1.0912698649224782e-05,1.0,10.0,0.4261804313150949,1.0
2009-02-10,3.165499925613404,-0.05096689437767432,1.2103174887006245e-05,1.0,10.0,0.6119575075596446,1.0
2009-02-11,3.2174999713897705,0.016427119569838444,1.190476237781464e-05,1.0,10.0,0.5827318800971735,1.0
2009-02-12,3.197999954223633,-0.006060611449738351,1.130952366760799e-05,1.0,10.0,0.6386236936839655,1.0
2009-02-13,3.1630001068115234,-0.010944292655753363,1.150793617679959e-05,1.0,10.0,0.7283102999107368,1.0
2009-02-17,3.0834999084472656,-0.025134427973319995,1.130952366760799e-05,1.0,10.0,0.8400284961127963,1.0
2009-02-18,3.117500066757202,0.011026482672106708,1.190476237781464e-05,1.0,10.0,0.817549459849843,1.0
2009-02-19,3.0975000858306885,-0.006415390697109946,1.190476237781464e-05,1.0,10.0,0.8607667357279876,1.0
2009-02-20,3.193000078201294,0.030831312259671506,1.0515872448209729e-05,1.0,10.0,0.7694610047861253,1.0
2009-02-23,3.0855000019073486,-0.03366742050144367,1.0714286140033176e-05,1.0,10.0,0.8906763803680798,1.0
2009-02-24,3.2799999713897705,0.06303677503230887,1.1706348685991194e-05,1.0,10.0,0.6870612576426572,1.0
2009-02-25,3.185499906539917,-0.02881099563236056,1.1706348685991194e-05,1.0,10.0,0.8260088419845025,1.0
2009-02-26,3.117000102996826,-0.021503627547581727,1.0515872448209729e-05,1.0,10.0,0.8904784844559513,1.0
2009-02-27,3.239500045776367,0.03930058990430063,9.92063492063492e-06,1.0,10.0,0.7916548119945618,1.0
2009-03-02,3.0994999408721924,-0.043216577535384104,9.126984292552583e-06,1.0,10.0,0.9074364458018765,1.0
2009-03-03,3.0850000381469727,-0.004678142604235491,1.0515872448209729e-05,1.0,10.0,0.9097064965249283,1.0
2009-03-04,3.240499973297119,0.050405164741439856,9.92063492063492e-06,1.0,10.0,0.8092191595241405,1.0
2009-03-05,3.2385001182556152,-0.0006171439771589515,7.93650805477112e-06,1.0,10.0,0.8237332382992544,1.0
2009-03-06,3.0845000743865967,-0.04755289122915618,7.3412699358803885e-06,1.0,10.0,0.9041056058835207,1.0
2009-03-09,3.024499893188477,-0.019452157481322674,7.93650805477112e-06,1.0,10.0,0.8954093894570779,1.0
2009-03-10,3.2855000495910645,0.08629531017355618,9.325396801744186e-06,1.0,10.0,0.7457570785312653,1.0
2009-03-11,3.427000045776367,0.043068024364484314,8.730158682853456e-06,1.0,10.0,0.5970228014919746,1.0
2009-03-12,3.4790000915527344,0.015173634397949609,7.93650805477112e-06,1.0,10.0,0.5672667540881606,1.0
2009-03-13,3.43149995803833,-0.013653386681345081,7.5396824450719925e-06,1.0,10.0,0.6638750157690261,1.0
2009-03-16,3.3489999771118164,-0.024041958891258708,8.730158682853456e-06,1.0,10.0,0.7912650560187385,1.0
2009-03-17,3.567500114440918,0.06524339767763654,8.92857119204506e-06,1.0,10.0,0.5393254162719135,1.0
2009-03-18,3.5625,-0.001401573729648331,8.134920563962722e-06,1.0,10.0,0.584526080592242,1.0
2009-03-19,3.505000114440918,-0.016140318753426586,7.5396824450719925e-06,1.0,10.0,0.6890249782685105,1.0
2009-03-20,3.497999906539917,-0.001997206183292133,7.93650805477112e-06,1.0,10.0,0.7217503884823532,1.0
2009-03-23,3.7790000438690186,0.08033165947310028,7.5396824450719925e-06,1.0,10.0,0.4313586002013532,1.0
2009-03-24,3.640500068664551,-0.03664990039604987,8.134920563962722e-06,1.0,10.0,0.60901957787687,1.0
2009-03-25,3.619999885559082,-0.005631144820439138,7.3412699358803885e-06,1.0,10.0,0.6635890819489716,1.0
2009-03-26,3.684499979019165,0.0178177059389939,5.55555557920819e-06,1.0,10.0,0.6215057187197673,1.0
2009-03-27,3.526000022888184,-0.043018036920487224,4.96031746031746e-06,1.0,10.0,0.8091791469853361,1.0
2009-03-30,3.572000026702881,0.013045945410124382,4.761904655467893e-06,1.0,10.0,0.7861152001097426,1.0
2009-03-31,3.671999931335449,0.027995493808792737,7.93650805477112e-06,1.0,10.0,0.6960702751020785,1.0
2009-04-01,3.674999952316284,0.0008169991930648823,8.333333073154326e-06,1.0,10.0,0.7207090406078481,1.0
2009-04-02,3.816999912261963,0.0386394453845309,7.5396824450719925e-06,1.0,10.0,0.5685920834889315,1.0
2009-04-03,3.908499956130981,0.023971717571980466,7.93650805477112e-06,1.0,10.0,0.5021845910683674,1.0
2009-04-06,3.899499893188477,-0.0023026897898223986,7.3412699358803885e-06,1.0,10.0,0.5452270925716689,1.0
2009-04-07,3.775500059127808,-0.031798906900156076,7.5396824450719925e-06,1.0,10.0,0.7178299006517684,1.0
2009-04-08,3.848999977111816,0.019467598154663257,7.142857426688782e-06,1.0,10.0,0.6494246916022832,1.0
2009-04-09,3.9885001182556152,0.0362432169325384,6.944444326181258e-06,1.0,10.0,0.5245646252028665,1.0
2009-04-13,3.947000026702881,-0.010404936773797724,6.746031816989654e-06,1.0,10.0,0.5994149305632078,1.0
2009-04-14,3.861000061035156,-0.021788691432962803,6.547619307798051e-06,1.0,10.0,0.7289746667774363,1.0
2009-04-15,3.73550009727478,-0.03250452260462511,5.55555557920819e-06,1.0,10.0,0.8368960563230213,1.0
2009-04-16,3.862499952316284,0.033998086396559435,4.96031746031746e-06,1.0,10.0,0.7362352222450289,1.0
2009-04-17,3.902499914169312,0.010355977306625075,5.158729969509063e-06,1.0,10.0,0.7084213400124573,1.0
2009-04-20,3.878499984741211,-0.006149885959244039,4.761904655467893e-06,1.0,10.0,0.7615183202476222,1.0
2009-04-21,3.937000036239624,0.015083164039851438,5.55555557920819e-06,1.0,10.0,0.7143110582829194,1.0
2009-04-22,3.9600000381469727,0.0058420121147158,5.357143070016588e-06,1.0,10.0,0.7189112842703039,1.0
2009-04-23,4.0304999351501465,0.017803004122233013,3.7698412225359962e-06,1.0,10.0,0.6603567872775619,1.0
2009-04-24,4.2230000495910645,0.04776085288133047,3.7698412225359962e-06,1.0,10.0,0.472673945473264,1.0
2009-04-27,4.156000137329102,-0.015865477498265945,3.571428713344389e-06,1.0,10.0,0.5734596675388778,1.0
2009-04-28,4.119999885559082,-0.008662235462089107,4.761904655467893e-06,1.0,10.0,0.6528988327597974,1.0
2009-04-29,3.989500045776367,-0.031674719273689034,3.7698412225359962e-06,1.0,10.0,0.7973875376304679,1.0
2009-04-30,4.026000022888184,0.009149010325355977,4.96031746031746e-06,1.0,10.0,0.7770279760034933,1.0
2009-05-01,3.947999954223633,-0.019374085499531346,5.753968088399794e-06,1.0,10.0,0.8428163425476014,1.0
2009-05-04,3.9885001182556152,0.010258400329679507,6.944444326181258e-06,1.0,10.0,0.8254824057087401,1.0
2009-05-05,4.09499979019165,0.02670168453764843,6.944444326181258e-06,1.0,10.0,0.7579930986794271,1.0
2009-05-06,4.099500179290772,0.001098996173308997,7.142857426688782e-06,1.0,10.0,0.7664343315486658,1.0
2009-05-07,3.96399998664856,-0.033052856864529856,7.142857426688782e-06,1.0,10.0,0.8721016338877102,1.0
2009-05-08,3.8975000381469727,-0.016775970919669758,6.547619307798051e-06,1.0,10.0,0.8974940959975745,1.0
2009-05-11,3.930500030517578,0.008466963963468022,6.150793698098924e-06,1.0,10.0,0.8937350320270587,1.0
2009-05-12,3.8965001106262207,-0.008650278495705876,7.142857426688782e-06,1.0,10.0,0.9059939986635427,1.0
2009-05-13,3.7095000743865967,-0.0479917954396184,6.746031816989654e-06,1.0,10.0,0.9077248911445271,1.0
2009-05-14,3.755500078201294,0.01240059385153236,6.150793698098924e-06,1.0,10.0,0.9256446273118855,1.0
2009-05-15,3.680000066757202,-0.020103850318717753,6.150793698098924e-06,1.0,10.0,0.9155750805430982,1.0
2009-05-18,3.797499895095825,0.031929300599758736,6.3492062072905275e-06,1.0,10.0,0.9429186057854075,1.0
2009-05-19,3.8935000896453857,0.0252798412643902,6.944444326181258e-06,1.0,10.0,0.9216549340097318,1.0
2009-05-20,3.8984999656677246,0.0012841597296058271,6.746031816989654e-06,1.0,10.0,0.9205143588065198,1.0
2009-05-21,3.79800009727478,-0.02577911229395935,6.944444326181258e-06,1.0,10.0,0.9424183110943664,1.0
2009-05-22,3.7820000648498535,-0.0042127519787077405,6.944444326181258e-06,1.0,10.0,0.9413287414930819,1.0
2009-05-26,3.919500112533569,0.03635643715653236,6.547619307798051e-06,1.0,10.0,0.9195089499295843,1.0
2009-05-27,3.8550000190734863,-0.016456204007706865,6.3492062072905275e-06,1.0,10.0,0.9413015224893874,1.0
2009-05-28,3.882499933242798,0.007133570436640646,5.357143070016588e-06,1.0,10.0,0.9347700552976025,1.0
2009-05-29,3.899499893188477,0.004378611780549324,5.158729969509063e-06,1.0,10.0,0.9283903187322071,1.0
2009-06-01,4.152500152587891,0.06488018113331573,3.3730159084948255e-06,1.0,10.0,0.7421304683819943,1.0
2009-06-02,4.246500015258789,0.02263693178007875,5.158729969509063e-06,1.0,10.0,0.6685029614131431,1.0
2009-06-03,4.283999919891357,0.008830779347185125,5.158729969509063e-06,1.0,10.0,0.6522023247892542,1.0
2009-06-04,4.276000022888184,-0.00186738962482913,5.357143070016588e-06,1.0,10.0,0.6941312592038925,1.0
2009-06-05,4.377999782562256,0.023854012892445597,7.142857426688782e-06,1.0,10.0,0.6218798080719595,1.0
2009-06-08,4.317999839782715,-0.013704875687413964,6.746031816989654e-06,1.0,10.0,0.7035959131414227,1.0
2009-06-09,4.354000091552734,0.00833725176141531,6.944444326181258e-06,1.0,10.0,0.6952282357747841,1.0
2009-06-10,4.329500198364258,-0.005626984996166873,6.944444326181258e-06,1.0,10.0,0.7426347797979287,1.0
2009-06-11,4.2845001220703125,-0.010393827054436144,6.746031816989654e-06,1.0,10.0,0.8048059402713873,1.0
2009-06-12,4.203999996185303,-0.018788685632271873,6.547619307798051e-06,1.0,10.0,0.8602805024401159,1.0
2009-06-15,4.158999919891357,-0.010704109499233616,6.150793698098924e-06,1.0,10.0,0.8641157031805495,1.0
2009-06-16,4.107500076293945,-0.012382746955849289,6.547619307798051e-06,1.0,10.0,0.8918689121659679,1.0
2009-06-17,4.132500171661377,0.006086450372019936,6.547619307798051e-06,1.0,10.0,0.8871064851879691,1.0
2009-06-18,4.079999923706055,-0.012704233702237389,6.746031816989654e-06,1.0,10.0,0.907125456081513,1.0
2009-06-19,4.1479997634887695,0.016666627709381876,6.746031816989654e-06,1.0,10.0,0.8869897893351213,1.0
2009-06-22,3.9574999809265137,-0.04592569754681752,7.3412699358803885e-06,1.0,10.0,0.9250122473430975,1.0
2009-06-23,3.884000062942505,-0.018572310382374613,7.738094954263595e-06,1.0,10.0,0.9192134460108287,1.0
2009-06-24,3.963500022888184,0.020468578439066798,7.142857426688782e-06,1.0,10.0,0.9372584294812255,1.0
2009-06-25,4.110000133514404,0.03696230851021065,6.547619307798051e-06,1.0,10.0,0.9106327828872298,1.0
2009-06-26,4.193999767303467,0.02043786643803225,6.944444326181258e-06,1.0,10.0,0.859364600797785,1.0
2009-06-29,4.151500225067139,-0.010133415496981102,6.3492062072905275e-06,1.0,10.0,0.8961205235450742,1.0
2009-06-30,4.183000087738037,0.007587585442173195,7.142857426688782e-06,1.0,10.0,0.8867829295371423,1.0
2009-07-01,4.079999923706055,-0.02462351467166235,6.547619307798051e-06,1.0,10.0,0.9346038467573194,1.0
2009-07-02,3.9660000801086426,-0.027941138659105857,6.150793698098924e-06,1.0,10.0,0.9415120321445559,1.0
2009-07-06,3.9049999713897705,-0.015380763360247074,6.150793698098924e-06,1.0,10.0,0.9352584267340766,1.0
2009-07-07,3.7815001010894775,-0.03162608737647188,7.142857426688782e-06,1.0,10.0,0.9160215662482903,1.0
2009-07-08,3.868000030517578,0.022874501418941984,6.944444326181258e-06,1.0,10.0,0.946157948026299,1.0
2009-07-09,3.9049999713897705,0.009565651649501516,6.944444326181258e-06,1.0,10.0,0.9504831164922938,1.0
2009-07-10,3.881500005722046,-0.006017916988450334,6.547619307798051e-06,1.0,10.0,0.9478155099468165,1.0
2009-07-13,4.073500156402588,0.049465451603116994,6.746031816989654e-06,1.0,10.0,0.919774711172607,1.0
2009-07-14,4.097499847412109,0.00589166321051926,6.944444326181258e-06,1.0,10.0,0.9034310742887408,1.0
2009-07-15,4.227499961853027,0.031726691710073585,6.944444326181258e-06,1.0,10.0,0.8205627557529585,1.0
2009-07-16,4.305500030517578,0.01845063734320207,6.547619307798051e-06,1.0,10.0,0.7648648747688379,1.0
2009-07-17,4.292500019073486,-0.0030193964352449587,6.547619307798051e-06,1.0,10.0,0.7979404249425738,1.0
2009-07-20,4.411499977111816,0.027722762378464827,6.3492062072905275e-06,1.0,10.0,0.7258626581187664,1.0
2009-07-21,4.450500011444092,0.008840538260142639,7.142857426688782e-06,1.0,10.0,0.7015049569304017,1.0
2009-07-22,4.439499855041504,-0.0024716675371985186,7.142857426688782e-06,1.0,10.0,0.7263803264556434,1.0
2009-07-23,4.69350004196167,0.05721369415785049,7.142857426688782e-06,1.0,10.0,0.5652464404896642,1.0
2009-07-24,4.32450008392334,-0.07861935756670513,7.142857426688782e-06,1.0,10.0,0.8237776722894616,1.0
2009-07-27,4.211999893188477,-0.026014611758961803,7.142857426688782e-06,1.0,10.0,0.887334171799498,1.0
2009-07-28,4.249000072479248,0.008784468240516041,7.3412699358803885e-06,1.0,10.0,0.8714437157088587,1.0
2009-07-29,4.2170000076293945,-0.007531198941868156,6.944444326181258e-06,1.0,10.0,0.8933624467294893,1.0
2009-07-30,4.304500102996826,0.02074937045509273,6.944444326181258e-06,1.0,10.0,0.8794324358993539,1.0
2009-07-31,4.288000106811523,-0.0038331968383077397,6.944444326181258e-06,1.0,10.0,0.8912691832363165,1.0
2009-08-03,4.372000217437744,0.019589577549866677,6.944444326181258e-06,1.0,10.0,0.8625813256012174,1.0
2009-08-04,4.289999961853027,-0.018755775733417912,6.944444326181258e-06,1.0,10.0,0.9074045889689167,1.0
2009-08-05,4.214499950408936,-0.017599070423179985,6.944444326181258e-06,1.0,10.0,0.923560172589111,1.0
2009-08-06,4.223499774932861,0.0021354430252280565,6.746031816989654e-06,1.0,10.0,0.9149756293301076,1.0
2009-08-07,4.265999794006348,0.010062749221801948,6.746031816989654e-06,1.0,10.0,0.9037460884169484,1.0
2009-08-10,4.2220001220703125,-0.010314035175963632,6.3492062072905275e-06,1.0,10.0,0.912637585331816,1.0
2009-08-11,4.177999973297119,-0.010421636073193019,7.142857426688782e-06,1.0,10.0,0.9154132100443491,1.0
2009-08-12,4.297999858856201,0.02872184928818533,6.746031816989654e-06,1.0,10.0,0.8878721114997008,1.0
2009-08-13,4.230000019073486,-0.01582127548063983,6.547619307798051e-06,1.0,10.0,0.9176532119223231,1.0
2009-08-14,4.178999900817871,-0.012056765490697563,6.746031816989654e-06,1.0,10.0,0.9202697349063544,1.0
2009-08-17,4.052999973297119,-0.030150737140743344,6.746031816989654e-06,1.0,10.0,0.9170897949927815,1.0
2009-08-18,4.105999946594238,0.013076726781718673,6.944444326181258e-06,1.0,10.0,0.9203430499158054,1.0
2009-08-19,4.150000095367432,0.010716061701289137,6.547619307798051e-06,1.0,10.0,0.9013098383083934,1.0
2009-08-20,4.204500198364258,0.01313255463720675,6.3492062072905275e-06,1.0,10.0,0.8809154040329846,1.0
2009-08-21,4.25,0.010821690923797256,6.3492062072905275e-06,1.0,10.0,0.850479467544614,1.0
2009-08-24,4.224999904632568,-0.005882375380572125,6.150793698098924e-06,1.0,10.0,0.881865967103685,1.0
2009-08-25,4.209499835968018,-0.00366865538802863,6.150793698098924e-06,1.0,10.0,0.9042362120222245,1.0
2009-08-26,4.199999809265137,-0.0022568065264447768,5.753968088399794e-06,1.0,10.0,0.9062180642474917,1.0
2009-08-27,4.215499877929688,0.003690492706775572,5.55555557920819e-06,1.0,10.0,0.89666814101123,1.0
2009-08-28,4.138000011444092,-0.01838450213018583,5.158729969509063e-06,1.0,10.0,0.9158723525841225,1.0
2009-08-31,4.059500217437744,-0.018970467324612827,5.158729969509063e-06,1.0,10.0,0.9145381119288669,1.0
2009-09-01,3.9579999446868896,-0.025003145045997544,5.158729969509063e-06,1.0,10.0,0.9085874674961343,1.0
2009-09-02,3.9070000648498535,-0.012885265424396275,5.158729969509063e-06,1.0,10.0,0.9018979120947257,1.0
2009-09-03,3.92300009727478,0.004095221950179528,4.96031746031746e-06,1.0,10.0,0.9103788431658786,1.0
2009-09-04,3.94350004196167,0.0052255784294095164,4.96031746031746e-06,1.0,10.0,0.9155720669566951,1.0
2009-09-08,4.045000076293945,0.025738565551475245,4.96031746031746e-06,1.0,10.0,0.9305776333787481,1.0
2009-09-09,4.111999988555908,0.016563636835168705,5.357143070016588e-06,1.0,10.0,0.9181518411060523,1.0
2009-09-10,4.192500114440918,0.019576878917570317,5.357143070016588e-06,1.0,10.0,0.8902903601324913,1.0
2009-09-11,4.227000236511231,0.008229009213733596,5.357143070016588e-06,1.0,10.0,0.8750313813597919,1.0
2009-09-14,4.192999839782715,-0.008043623095838504,5.158729969509063e-06,1.0,10.0,0.8949698949408273,1.0
2009-09-15,4.177499771118164,-0.003696653769811209,4.96031746031746e-06,1.0,10.0,0.9007906182641781,1.0
2009-09-16,4.534999847412109,0.08557752145567576,3.7698412225359962e-06,1.0,10.0,0.7213648585720513,1.0
2009-09-17,4.521999835968018,-0.00286659578423365,3.7698412225359962e-06,1.0,10.0,0.7530327475895082,1.0
2009-09-18,4.513999938964844,-0.001769105991455966,3.1746031036452616e-06,1.0,10.0,0.7796570296535804,1.0
2009-09-21,4.527999877929688,0.00310144863848949,3.571428713344389e-06,1.0,10.0,0.772732810089292,1.0
2009-09-22,4.6875,0.03522529292629728,3.7698412225359962e-06,1.0,10.0,0.6827124152142308,1.0
2009-09-23,4.61899995803833,-0.014613342285156206,3.7698412225359962e-06,1.0,10.0,0.7690288846381633,1.0
2009-09-24,4.605500221252441,-0.0029226535848729807,3.571428713344389e-06,1.0,10.0,0.7866864460692319,1.0
2009-09-25,4.526000022888184,-0.017262011626315354,3.571428713344389e-06,1.0,10.0,0.8501998557112376,1.0
2009-09-28,4.610499858856201,0.01866987086626115,3.571428713344389e-06,1.0,10.0,0.809829731525087,1.0
2009-09-29,4.585999965667725,-0.005313934267108911,4.761904655467893e-06,1.0,10.0,0.8224488468716354,1.0
2009-09-30,4.668000221252441,0.017880561752855906,4.563492146276289e-06,1.0,10.0,0.7841726111619516,1.0
2009-10-01,4.552000045776367,-0.024850079258340485,3.7698412225359962e-06,1.0,10.0,0.8621289092196245,1.0
2009-10-02,4.492499828338623,-0.013071225140463771,3.571428713344389e-06,1.0,10.0,0.8916733474551222,1.0
2009-10-05,4.433499813079834,-0.013133003341840532,3.571428713344389e-06,1.0,10.0,0.9071353703462602,1.0
2009-10-06,4.545499801635742,0.025262206671461396,2.777777789604095e-06,1.0,10.0,0.8787276994737537,1.0
2009-10-07,4.698500156402588,0.03365974292019258,2.3809523277339444e-06,1.0,10.0,0.8083404953798193,1.0
2009-10-08,4.761000156402588,0.013302117254339496,2.3809523277339444e-06,1.0,10.0,0.7879301033606018,1.0
2009-10-09,4.7855000495910645,0.005145955132038527,2.5793649847545313e-06,1.0,10.0,0.7754829210200024,1.0
2009-10-12,4.679999828338623,-0.022045809248598114,2.3809523277339444e-06,1.0,10.0,0.8530252044051057,1.0
2009-10-13,4.741499900817871,0.013141041610055026,2.3809523277339444e-06,1.0,10.0,0.8241298412662328,1.0
2009-10-14,4.873000144958496,0.027733891572568004,2.5793649847545313e-06,1.0,10.0,0.7572092657147845,1.0
2009-10-15,4.80049991607666,-0.014877945151888228,2.182539670713361e-06,1.0,10.0,0.8123625662155343,1.0
2009-10-16,4.765999794006348,-0.0071867769343716414,2.3809523277339444e-06,1.0,10.0,0.8292645062947868,1.0
2009-10-19,4.734000205993652,-0.006714139613043568,2.3809523277339444e-06,1.0,10.0,0.8546830533516341,1.0
2009-10-20,4.749000072479248,0.0031685394661800093,2.9761905944536585e-06,1.0,10.0,0.8533470653126426,1.0
2009-10-21,4.671000003814697,-0.01642452463131472,2.5793649847545313e-06,1.0,10.0,0.8838018899044106,1.0
2009-10-22,4.672500133514404,0.00032115814568234313,1.984127013692778e-06,1.0,10.0,0.8775328816833639,1.0
2009-10-23,5.924499988555908,0.2679507371356278,1.984127013692778e-06,1.0,10.0,0.33292469677240943,1.0
2009-10-26,6.23199987411499,0.05190309497055723,1.984127013692778e-06,1.0,10.0,0.32018694254482355,1.0
2009-10-27,6.103499889373779,-0.02061938179346634,2.777777789604095e-06,1.0,10.0,0.2944116816398268,1.0
2009-10-28,6.081999778747559,-0.0035225872066700914,2.3809523277339444e-06,1.0,10.0,0.2802134510768938,1.0
2009-10-29,6.129000186920166,0.007727788537060132,1.984127013692778e-06,1.0,10.0,0.2754846737832464,1.0
2009-10-30,5.940499782562256,-0.0307554900651148,1.7857143566721944e-06,1.0,10.0,0.29598253842427724,1.0
2009-11-02,5.941999912261963,0.0002525258403527353,1.5873015518226308e-06,1.0,10.0,0.3135284148830683,1.0
2009-11-03,5.918499946594238,-0.003954891621460677,1.984127013692778e-06,1.0,10.0,0.3465135862003191,1.0
2009-11-04,5.855000019073486,-0.010729057716270196,1.7857143566721944e-06,1.0,10.0,0.40982782996279365,1.0
2009-11-05,6.0304999351501465,0.02997436643978557,1.3888888948020476e-06,1.0,10.0,0.345882109335529,1.0
2009-11-06,6.309999942779541,0.04634773412404258,1.7857143566721944e-06,1.0,10.0,0.2778452505353848,1.0
2009-11-09,6.333499908447266,0.0037242418194656235,1.7857143566721944e-06,1.0,10.0,0.28905476904020705,1.0
2009-11-10,6.507500171661377,0.02747300319402224,2.3809523277339444e-06,1.0,10.0,0.2730848502117656,1.0
2009-11-11,6.495500087738037,-0.0018440389714621253,2.3809523277339444e-06,1.0,10.0,0.28951169734912335,1.0
2009-11-12,6.526500225067139,0.0047725559095321834,2.182539670713361e-06,1.0,10.0,0.30122416664565344,1.0
2009-11-13,6.648499965667725,0.0186929803713185,2.182539670713361e-06,1.0,10.0,0.2968793296938656,1.0
2009-11-16,6.579500198364258,-0.010378245868959302,2.182539670713361e-06,1.0,10.0,0.32854155959524994,1.0
2009-11-17,6.5625,-0.002583813033166904,2.182539670713361e-06,1.0,10.0,0.3619282703995351,1.0
2009-11-18,6.564499855041504,0.00030473981584822063,1.1904761638669722e-06,1.0,10.0,0.39248477089488365,1.0
2009-11-19,6.44950008392334,-0.01751843608159198,1.9841269397782539e-07,1.0,10.0,0.4679599836198744,1.0
2009-11-20,6.482999801635742,0.005194157264360122,3.9682538795565474e-07,1.0,10.0,0.47124357010243845,1.0
2009-11-23,6.650000095367432,0.02575972525705672,7.936507759113135e-07,1.0,10.0,0.4147353798986754,1.0
2009-11-24,6.646999835968018,-0.0004511668205093855,1.5873015518226308e-06,1.0,10.0,0.4383422345923778,1.0
2009-11-25,6.701499938964844,0.008199203301001656,1.5873015518226308e-06,1.0,10.0,0.4403718535189396,1.0
2009-11-27,6.586999893188477,-0.017085734062403546,9.92063506846389e-07,1.0,10.0,0.5110393359267186,1.0
2009-11-30,6.795499801635742,0.0316532430284191,1.984127013692778e-06,1.0,10.0,0.43382028264239225,1.0
2009-12-01,6.925000190734863,0.01905678653216203,1.984127013692778e-06,1.0,10.0,0.40595673650765096,1.0
2009-12-02,7.112500190734863,0.027075811528620708,1.5873015518226308e-06,1.0,10.0,0.3669738397403756,1.0
2009-12-03,7.058499813079834,-0.007592320029090938,1.5873015518226308e-06,1.0,10.0,0.38382050420101804,1.0
2009-12-04,6.879000186920166,-0.02543027993385283,1.5873015518226308e-06,1.0,10.0,0.46664993785963294,1.0
2009-12-07,6.7104997634887695,-0.024494900254805274,5.952380819334841e-07,1.0,10.0,0.5755268742872258,1.0
2009-12-08,6.70550012588501,-0.0007450469830819761,9.92063506846389e-07,1.0,10.0,0.595512589370218,1.0
2009-12-09,6.565499782562256,-0.020878434224811282,9.92063506846389e-07,1.0,10.0,0.6672229890511496,1.0
2009-12-10,6.769000053405762,0.03099539678365315,9.92063506846389e-07,1.0,10.0,0.5762041175040837,1.0
2009-12-11,6.707499980926514,-0.00908554764278735,7.936507759113135e-07,1.0,10.0,0.6260794626859052,1.0
2009-12-14,6.568999767303467,-0.020648559674526612,7.936507759113135e-07,1.0,10.0,0.6923075770219262,1.0
2009-12-15,6.511499881744385,-0.00875321777986382,1.5873015518226308e-06,1.0,10.0,0.723295331082797,1.0
2009-12-16,6.418000221252441,-0.014359158748367462,1.3888888948020476e-06,1.0,10.0,0.7528573766719369,1.0
2009-12-17,6.3454999923706055,-0.01129638927742005,1.5873015518226308e-06,1.0,10.0,0.7692724066612371,1.0
2009-12-18,6.423999786376953,0.012370939106568501,1.5873015518226308e-06,1.0,10.0,0.768514231129375,1.0
2009-12-21,6.639500141143799,0.03354613355122549,1.7857143566721944e-06,1.0,10.0,0.6963194412110678,1.0
2009-12-22,6.6875,0.007229438637820662,2.777777789604095e-06,1.0,10.0,0.6889635154559062,1.0
2009-12-23,6.947000026702881,0.038803742310711264,2.182539670713361e-06,1.0,10.0,0.5533149937677037,1.0
2009-12-24,6.923500061035156,-0.0033827501910745905,1.5873015518226308e-06,1.0,10.0,0.5946085848395728,1.0
2009-12-28,6.965499877929688,0.006066269448151473,2.182539670713361e-06,1.0,10.0,0.5956388645801454,1.0
2009-12-29,6.9704999923706055,0.000717840001226655,3.7698412225359962e-06,1.0,10.0,0.6137572066645671,1.0
2009-12-30,6.82450008392334,-0.02094539969974407,1.5873015518226308e-06,1.0,10.0,0.7054497090770881,1.0
2009-12-31,6.72599983215332,-0.014433328530841338,1.984127013692778e-06,1.0,10.0,0.7532507170912074,1.0
2010-01-04,6.695000171661377,-0.004608929715363752,2.182539670713361e-06,1.0,10.0,0.7857709435757723,1.0
2010-01-05,6.734499931335449,0.0058998892697967875,2.3809523277339444e-06,1.0,10.0,0.7862563917309592,1.0
2010-01-06,6.612500190734863,-0.018115634693665172,1.7857143566721944e-06,1.0,10.0,0.819280712111426,1.0
2010-01-07,6.5,-0.0170132608680289,1.7857143566721944e-06,1.0,10.0,0.8350703143338506,1.0
2010-01-08,6.676000118255615,0.027076941270094634,1.5873015518226308e-06,1.0,10.0,0.8201006347406101,1.0
2010-01-11,6.515500068664551,-0.024041349123433142,9.92063506846389e-07,1.0,10.0,0.853664950625515,1.0
2010-01-12,6.367499828338623,-0.022715100723843973,1.5873015518226308e-06,1.0,10.0,0.8615676839416689,1.0
2010-01-13,6.45550012588501,0.013820227706130561,1.984127013692778e-06,1.0,10.0,0.8701105870658515,1.0
2010-01-14,6.367499828338623,-0.013631832674516842,1.7857143566721944e-06,1.0,10.0,0.871595137481742,1.0
2010-01-15,6.35699987411499,-0.001648991677534517,2.182539670713361e-06,1.0,10.0,0.8536369578644997,1.0
2010-01-19,6.380499839782715,0.0036967069581697043,1.984127013692778e-06,1.0,10.0,0.8694557246653661,1.0
2010-01-20,6.289000034332275,-0.014340538789756496,1.984127013692778e-06,1.0,10.0,0.8666050833199976,1.0
2010-01-21,6.330999851226807,0.006678298086381096,1.5873015518226308e-06,1.0,10.0,0.8733827672531692,1.0
2010-01-22,6.071499824523926,-0.040988790522968555,1.7857143566721944e-06,1.0,10.0,0.8642654111405033,1.0
2010-01-25,6.015500068664551,-0.009223380956577043,1.7857143566721944e-06,1.0,10.0,0.8609374591857977,1.0
2010-01-26,5.973999977111816,-0.006898859792041745,2.5793649847545313e-06,1.0,10.0,0.8521382041738027,1.0
2010-01-27,6.137499809265137,0.02736856926343112,2.777777789604095e-06,1.0,10.0,0.8899803611618994,1.0
2010-01-28,6.301499843597412,0.02672098402100187,2.777777789604095e-06,1.0,10.0,0.8833466296149476,1.0
2010-01-29,6.270500183105469,-0.004919409864532542,2.777777789604095e-06,1.0,10.0,0.8391512168317009,1.0
2010-02-01,5.94350004196167,-0.05214897242564975,3.3730159084948255e-06,1.0,10.0,0.7976564911461869,1.0
2010-02-02,5.906000137329102,-0.006309397554944973,3.571428713344389e-06,1.0,10.0,0.7787324499163636,1.0
2010-02-03,5.954999923706055,0.008296611113712604,3.571428713344389e-06,1.0,10.0,0.8031859508372949,1.0
2010-02-04,5.796999931335449,-0.026532324835409127,3.3730159084948255e-06,1.0,10.0,0.8008858900908294,1.0
2010-02-05,5.869500160217285,0.01250650849415047,3.3730159084948255e-06,1.0,10.0,0.8252040537875008,1.0
2010-02-08,5.84149980545044,-0.004770483687286942,3.571428713344389e-06,1.0,10.0,0.82566326337624,1.0
2010-02-09,5.901500225067139,0.010271406593340027,3.96825402738556e-06,1.0,10.0,0.8441014847507076,1.0
2010-02-10,5.868000030517578,-0.005676555667534444,3.96825402738556e-06,1.0,10.0,0.84933260318344,1.0
2010-02-11,6.004499912261963,0.023261738417602817,3.7698412225359962e-06,1.0,10.0,0.8625076439922331,1.0
2010-02-12,5.982999801635742,-0.003580666323654169,3.571428713344389e-06,1.0,10.0,0.8583367777649056,1.0
2010-02-16,5.876500129699707,-0.017800380322078313,3.3730159084948255e-06,1.0,10.0,0.8629396022859327,1.0
2010-02-17,5.815499782562256,-0.010380387269823488,3.571428713344389e-06,1.0,10.0,0.8591495771117577,1.0
2010-02-18,5.90399980545044,0.015217956529471666,3.3730159084948255e-06,1.0,10.0,0.8695853200626146,1.0
2010-02-19,5.875999927520752,-0.004742526905884947,3.7698412225359962e-06,1.0,10.0,0.8704074601167554,1.0
2010-02-22,5.9004998207092285,0.004169484937147416,3.3730159084948255e-06,1.0,10.0,0.8768483377241315,1.0
2010-02-23,5.861999988555908,-0.006524842525746033,4.563492146276289e-06,1.0,10.0,0.8754000247847963,1.0
2010-02-24,5.986000061035156,0.021153202443078722,4.365079341426725e-06,1.0,10.0,0.8772255318053421,1.0
2010-02-25,5.909999847412109,-0.012696326904130362,4.563492146276289e-06,1.0,10.0,0.8696638622583569,1.0
2010-02-26,5.920000076293945,0.0016920861489049255,4.563492146276289e-06,1.0,10.0,0.8740864365958078,1.0
2010-03-01,6.227000236511231,0.05185813450351762,4.761904655467893e-06,1.0,10.0,0.8198108581608935,1.0
2010-03-02,6.276500225067139,0.00794925111222411,4.96031746031746e-06,1.0,10.0,0.8242802381276141,1.0
2010-03-03,6.29449987411499,0.002867784338788759,5.357143070016588e-06,1.0,10.0,0.8288382550552342,1.0
2010-03-04,6.426499843597412,0.020970684267585415,5.357143070016588e-06,1.0,10.0,0.7832735249576701,1.0
2010-03-05,6.445499897003174,0.002956516590394198,5.753968088399794e-06,1.0,10.0,0.7824425811284922,1.0
2010-03-08,6.505499839782715,0.00930881137822026,5.753968088399794e-06,1.0,10.0,0.7671355269069419,1.0
2010-03-09,6.440999984741211,-0.009914665533779843,5.952381188907317e-06,1.0,10.0,0.8107895287778838,1.0
2010-03-10,6.5254998207092285,0.013119055452289752,5.753968088399794e-06,1.0,10.0,0.7847933706186486,1.0
2010-03-11,6.678999900817871,0.023523114600585426,5.753968088399794e-06,1.0,10.0,0.7266647566663003,1.0
2010-03-12,6.591000080108643,-0.013175598445278047,5.55555557920819e-06,1.0,10.0,0.7917000044016537,1.0
2010-03-15,6.55649995803833,-0.005234429016991227,5.753968088399794e-06,1.0,10.0,0.804250477986913,1.0
2010-03-16,6.589499950408936,0.005033172055487922,6.150793698098924e-06,1.0,10.0,0.7927632741933969,1.0
2010-03-17,6.566999912261963,-0.0034145289196909623,5.952381188907317e-06,1.0,10.0,0.8198335261719261,1.0
2010-03-18,6.638000011444092,0.010811649174771176,5.753968088399794e-06,1.0,10.0,0.7929432428194418,1.0
2010-03-19,6.517499923706055,-0.01815307133628985,5.753968088399794e-06,1.0,10.0,0.845097887892705,1.0
2010-03-22,6.523499965667725,0.0009206048380370202,5.55555557920819e-06,1.0,10.0,0.836862617997952,1.0
2010-03-23,6.4629998207092285,-0.009274184912531624,5.158729969509063e-06,1.0,10.0,0.8513176679601551,1.0
2010-03-24,6.401999950408936,-0.009438321521351711,5.357143070016588e-06,1.0,10.0,0.8611014075721567,1.0
2010-03-25,6.736499786376953,0.052249271877399917,5.158729969509063e-06,1.0,10.0,0.7942825468241006,1.0
2010-03-26,6.752999782562256,0.0024493426421048348,5.158729969509063e-06,1.0,10.0,0.798850156832477,1.0
2010-03-29,6.75600004196167,0.0004442854281088149,4.96031746031746e-06,1.0,10.0,0.8058054376614171,1.0
2010-03-30,6.828999996185303,0.010805203340767955,5.952381188907317e-06,1.0,10.0,0.7886751843612209,1.0
2010-03-31,6.78849983215332,-0.005930614153551894,5.952381188907317e-06,1.0,10.0,0.8076541477626555,1.0
2010-04-01,6.590499877929688,-0.029166967536158328,5.952381188907317e-06,1.0,10.0,0.8709448285672583,1.0
2010-04-05,6.57450008392334,-0.0024277056828312382,6.3492062072905275e-06,1.0,10.0,0.8708962011296116,1.0
2010-04-06,6.777999877929688,0.030952892449414904,6.547619307798051e-06,1.0,10.0,0.836464817850878,1.0
2010-04-07,6.743500232696533,-0.005089944800012791,6.3492062072905275e-06,1.0,10.0,0.8475352486078451,1.0
2010-04-08,7.047999858856201,0.04515453631680333,6.150793698098924e-06,1.0,10.0,0.7500561162683715,1.0
2010-04-09,7.002999782562256,-0.006384800964120418,5.952381188907317e-06,1.0,10.0,0.7828188758351567,1.0
2010-04-12,7.059999942779541,0.008139391973025267,5.357143070016588e-06,1.0,10.0,0.7730137487132619,1.0
2010-04-13,7.007999897003174,-0.007365445637085188,5.952381188907317e-06,1.0,10.0,0.8023065630455252,1.0
2010-04-14,7.214000225067139,0.02939502441374997,6.150793698098924e-06,1.0,10.0,0.7333658063139599,1.0
2010-04-15,7.290999889373779,0.010673643180531434,5.952381188907317e-06,1.0,10.0,0.7171189795874339,1.0
2010-04-16,7.108500003814697,-0.025030844647942585,5.952381188907317e-06,1.0,10.0,0.8106908853050913,1.0
2010-04-19,7.121500015258789,0.0018287981201541292,5.952381188907317e-06,1.0,10.0,0.8080538642407221,1.0
2010-04-20,7.210000038146973,0.012427160387356695,5.753968088399794e-06,1.0,10.0,0.7804806845575363,1.0
2010-04-21,7.321499824523926,0.015464602744386324,5.753968088399794e-06,1.0,10.0,0.7508902703773134,1.0
2010-04-22,7.504499912261963,0.024994890681423465,5.952381188907317e-06,1.0,10.0,0.6861922118214144,1.0
2010-04-23,7.18149995803833,-0.04304083656472135,6.150793698098924e-06,1.0,10.0,0.8282798035789353,1.0
2010-04-26,7.355500221252441,0.02422895832775862,5.952381188907317e-06,1.0,10.0,0.7707706900722932,1.0
2010-04-27,7.10099983215332,-0.034600011072501435,5.753968088399794e-06,1.0,10.0,0.8562907604510198,1.0
2010-04-28,6.96750020980835,-0.018800116251303733,6.150793698098924e-06,1.0,10.0,0.8758185213339663,1.0
2010-04-29,7.08650016784668,0.017079290198055652,6.3492062072905275e-06,1.0,10.0,0.8644477290175496,1.0
2010-04-30,6.855000019073486,-0.0326677687560879,6.150793698098924e-06,1.0,10.0,0.8860522567303409,1.0
2010-05-03,6.874499797821045,0.002844606665689531,6.3492062072905275e-06,1.0,10.0,0.8883158581657118,1.0
2010-05-04,6.491499900817871,-0.05571312943009621,6.150793698098924e-06,1.0,10.0,0.8680684055137118,1.0
2010-05-05,6.546500205993652,0.008472665180022876,5.753968088399794e-06,1.0,10.0,0.8862157513667197,1.0
2010-05-06,6.435500144958496,-0.016955633933002923,3.96825402738556e-06,1.0,10.0,0.8788402522211257,1.0
2010-05-07,6.249000072479248,-0.028979887853059938,4.761904655467893e-06,1.0,10.0,0.8597550774182446,1.0
2010-05-10,6.564499855041504,0.05048804271130103,5.753968088399794e-06,1.0,10.0,0.9115725816114859,1.0
2010-05-11,6.5229997634887695,-0.006321896940992722,5.952381188907317e-06,1.0,10.0,0.9105081785309938,1.0
2010-05-12,6.69350004196167,0.026138323571195388,5.952381188907317e-06,1.0,10.0,0.9131515235253278,1.0
2010-05-13,6.573500156402588,-0.0179278232325093,6.150793698098924e-06,1.0,10.0,0.9170384494853465,1.0
2010-05-14,6.426499843597412,-0.02236256321710095,5.753968088399794e-06,1.0,10.0,0.9096407271173601,1.0
2010-05-17,6.445499897003174,0.002956516590394198,5.952381188907317e-06,1.0,10.0,0.9153506943188435,1.0
2010-05-18,6.314000129699707,-0.02040179495846517,6.547619307798051e-06,1.0,10.0,0.904973003318929,1.0
2010-05-19,6.229499816894531,-0.013383007771524125,6.547619307798051e-06,1.0,10.0,0.8955053475687678,1.0
2010-05-20,5.985499858856201,-0.03916846700542431,6.150793698098924e-06,1.0,10.0,0.8648816431763651,1.0
2010-05-21,6.136000156402588,0.02514414854153002,5.952381188907317e-06,1.0,10.0,0.9018352095244015,1.0
2010-05-24,6.105999946594238,-0.00488921268638598,5.952381188907317e-06,1.0,10.0,0.900691759590934,1.0
2010-05-25,6.243000030517578,0.02243696120563432,6.3492062072905275e-06,1.0,10.0,0.9242200645279884,1.0
2010-05-26,6.1605000495910645,-0.013214797456868488,6.3492062072905275e-06,1.0,10.0,0.9154954804124602,1.0
2010-05-27,6.335000038146973,0.028325620834544374,6.3492062072905275e-06,1.0,10.0,0.9287846494090845,1.0
2010-05-28,6.2729997634887695,-0.009786941481430333,5.952381188907317e-06,1.0,10.0,0.9266409466777087,1.0
2010-06-01,6.162000179290772,-0.017694817213935954,5.753968088399794e-06,1.0,10.0,0.9179887676916396,1.0
2010-06-02,6.315499782562256,0.0249106781572912,5.753968088399794e-06,1.0,10.0,0.9280564167785577,1.0
2010-06-03,6.438000202178955,0.019396789459946717,5.158729969509063e-06,1.0,10.0,0.9177199865621022,1.0
2010-06-04,6.138500213623047,-0.0465206553511045,4.761904655467893e-06,1.0,10.0,0.9227020766274611,1.0
2010-06-07,6.100500106811523,-0.006190454588107741,4.166666536577163e-06,1.0,10.0,0.9177467786224862,1.0
2010-06-08,5.941999912261963,-0.025981508363976058,4.365079341426725e-06,1.0,10.0,0.8997197253627419,1.0
2010-06-09,5.895500183105469,-0.007825602464338166,3.7698412225359962e-06,1.0,10.0,0.8924072893097863,1.0
2010-06-10,6.1605000495910645,0.044949513740156766,3.3730159084948255e-06,1.0,10.0,0.9313769209444924,1.0
2010-06-11,6.151500225067139,-0.0014608918840156582,2.777777789604095e-06,1.0,10.0,0.9291786071018234,1.0
2010-06-14,6.191500186920166,0.006502472630989908,2.182539670713361e-06,1.0,10.0,0.930990738034679,1.0
2010-06-15,6.3420000076293945,0.024307488680556988,3.1746031036452616e-06,1.0,10.0,0.9242824385292573,1.0
2010-06-16,6.34499979019165,0.0004730026109502905,3.571428713344389e-06,1.0,10.0,0.9237165504088507,1.0
2010-06-17,6.29449987411499,-0.007959009889129565,3.571428713344389e-06,1.0,10.0,0.9273414393663417,1.0
2010-06-18,6.291500091552734,-0.00047657202672957144,3.7698412225359962e-06,1.0,10.0,0.925756008231655,1.0
2010-06-21,6.127500057220459,-0.026066920757494616,4.166666536577163e-06,1.0,10.0,0.9228321571393973,1.0
2010-06-22,6.115499973297119,-0.0019583980108167642,4.96031746031746e-06,1.0,10.0,0.9168071950889021,1.0
2010-06-23,6.072500228881836,-0.007031272112343778,4.761904655467893e-06,1.0,10.0,0.9122624630814026,1.0
2010-06-24,5.916500091552734,-0.025689605837664442,4.96031746031746e-06,1.0,10.0,0.8978518055342084,1.0
2010-06-25,6.050000190734863,0.02256403230226156,4.96031746031746e-06,1.0,10.0,0.9201315138801587,1.0
2010-06-28,5.889999866485596,-0.02644633375289751,5.357143070016588e-06,1.0,10.0,0.9043668028545814,1.0
2010-06-29,5.430500030517578,-0.07801355626213091,6.3492062072905275e-06,1.0,10.0,0.8410396438122185,1.0
2010-06-30,5.4629998207092285,0.005984677287360851,6.746031816989654e-06,1.0,10.0,0.8579594818111864,1.0
2010-07-01,5.547999858856201,0.015559224041112651,6.547619307798051e-06,1.0,10.0,0.8873395486025133,1.0
2010-07-02,5.456999778747559,-0.016402321994183233,6.3492062072905275e-06,1.0,10.0,0.8756677262977637,1.0
2010-07-06,5.502999782562256,0.008429541081135028,6.3492062072905275e-06,1.0,10.0,0.8878396193288068,1.0
2010-07-07,5.671500205993652,0.030619740157965314,6.150793698098924e-06,1.0,10.0,0.9233648293573637,1.0
2010-07-08,5.810999870300293,0.024596607465378728,5.753968088399794e-06,1.0,10.0,0.9353994484270511,1.0
2010-07-09,5.86299991607666,0.00894855393856342,5.753968088399794e-06,1.0,10.0,0.933966204107113,1.0
2010-07-12,5.975500106811523,0.019188161750843813,5.55555557920819e-06,1.0,10.0,0.9237481697966184,1.0
2010-07-13,6.182499885559082,0.034641414952298,5.753968088399794e-06,1.0,10.0,0.8926750828450033,1.0
2010-07-14,6.164999961853027,-0.0028305578697915834,5.753968088399794e-06,1.0,10.0,0.9001753925229808,1.0
2010-07-15,6.103000164031982,-0.010056739368155543,5.753968088399794e-06,1.0,10.0,0.905840705221649,1.0
2010-07-16,5.924499988555908,-0.029247938829834008,5.753968088399794e-06,1.0,10.0,0.9323833435099976,1.0
2010-07-19,5.997000217437744,0.0122373582617743,5.753968088399794e-06,1.0,10.0,0.9260650414567411,1.0
2010-07-20,6.005000114440918,0.001333983110407777,5.952381188907317e-06,1.0,10.0,0.9175740888378093,1.0
2010-07-21,5.871500015258789,-0.02223148986476886,5.952381188907317e-06,1.0,10.0,0.9303880839244377,1.0
2010-07-22,6.003499984741211,0.022481473071511937,5.753968088399794e-06,1.0,10.0,0.9299660648945444,1.0
2010-07-23,5.94350004196167,-0.00999416056167901,5.753968088399794e-06,1.0,10.0,0.8973958103530302,1.0
2010-07-26,5.920000076293945,-0.003953893413277121,5.753968088399794e-06,1.0,10.0,0.8790213569262404,1.0
2010-07-27,5.856500148773193,-0.010726338969999527,5.952381188907317e-06,1.0,10.0,0.8780829148740256,1.0
2010-07-28,5.856500148773193,0.0,5.753968088399794e-06,1.0,10.0,0.8923310472318873,1.0
2010-07-29,5.8429999351501465,-0.0023051674686416224,5.753968088399794e-06,1.0,10.0,0.8948430483687616,1.0
2010-07-30,5.894499778747559,0.008813938759026918,5.55555557920819e-06,1.0,10.0,0.8958543660297942,1.0
2010-08-02,6.003499984741211,0.018491850044112246,5.55555557920819e-06,1.0,10.0,0.8875636732922031,1.0
2010-08-03,6.120999813079834,0.019571887838305324,5.952381188907317e-06,1.0,10.0,0.87018767411185,1.0
2010-08-04,6.379000186920166,0.042150037856399925,5.753968088399794e-06,1.0,10.0,0.8132169565632292,1.0
2010-08-05,6.391499996185303,0.001959524831299797,5.55555557920819e-06,1.0,10.0,0.8086391892875079,1.0
2010-08-06,6.415999889373779,0.003833199280778965,5.55555557920819e-06,1.0,10.0,0.7965766446890052,1.0
2010-08-09,6.441500186920166,0.0039744853469558805,5.55555557920819e-06,1.0,10.0,0.8087757123010761,1.0
2010-08-10,6.5,0.009081706338939677,5.753968088399794e-06,1.0,10.0,0.7847588607795893,1.0
2010-08-11,6.29449987411499,-0.03161540398230922,5.753968088399794e-06,1.0,10.0,0.8621095643407941,1.0
2010-08-12,6.328000068664551,0.0053221376153052,5.952381188907317e-06,1.0,10.0,0.8458051431425769,1.0
2010-08-13,6.234499931335449,-0.014775622047177639,5.753968088399794e-06,1.0,10.0,0.8814060922213948,1.0
2010-08-16,6.303500175476074,0.011067486550736971,5.952381188907317e-06,1.0,10.0,0.8703422786107934,1.0
2010-08-17,6.442999839782715,0.022130508514835556,6.150793698098924e-06,1.0,10.0,0.8495079980506897,1.0
2010-08-18,6.482500076293945,0.0061307213244572445,5.952381188907317e-06,1.0,10.0,0.8453482490905386,1.0
2010-08-19,6.378499984741211,-0.016043207146738903,5.753968088399794e-06,1.0,10.0,0.8805893098840533,1.0
2010-08-20,6.388000011444092,0.0014893825704487273,5.753968088399794e-06,1.0,10.0,0.8675277386392707,1.0
2010-08-23,6.329999923706055,-0.009079537826257034,5.952381188907317e-06,1.0,10.0,0.8894548287329545,1.0
2010-08-24,6.226500034332275,-0.016350693621048684,6.150793698098924e-06,1.0,10.0,0.8938851629394281,1.0
2010-08-25,6.34250020980835,0.018630077063592987,5.952381188907317e-06,1.0,10.0,0.8811332755845452,1.0
2010-08-26,6.243000030517578,-0.0156878480093543,5.753968088399794e-06,1.0,10.0,0.8995596877521099,1.0
2010-08-27,6.331999778747559,0.014255926284626685,5.55555557920819e-06,1.0,10.0,0.88439975421954,1.0
2010-08-30,6.189499855041504,-0.022504726576955236,5.158729969509063e-06,1.0,10.0,0.9016045554349681,1.0
2010-08-31,6.241499900817871,0.008401332416869245,5.357143070016588e-06,1.0,10.0,0.8969406703591168,1.0
2010-09-01,6.624499797821045,0.06136343877102135,5.158729969509063e-06,1.0,10.0,0.8386974551596399,1.0
2010-09-02,6.760499954223633,0.020529875545821863,4.96031746031746e-06,1.0,10.0,0.7933080763218074,1.0
2010-09-03,6.939499855041504,0.026477317066771144,4.96031746031746e-06,1.0,10.0,0.7425406371973979,1.0
2010-09-07,6.861000061035156,-0.011312024734652648,4.761904655467893e-06,1.0,10.0,0.8010819107406552,1.0
2010-09-08,6.956999778747559,0.013992088158926164,5.158729969509063e-06,1.0,10.0,0.772721097020256,1.0
2010-09-09,7.019000053405762,0.008911927070574865,5.357143070016588e-06,1.0,10.0,0.7669699689757371,1.0
2010-09-10,7.122000217437744,0.014674478308631,5.357143070016588e-06,1.0,10.0,0.7355131164532913,1.0
2010-09-13,7.253499984741211,0.01846388139409183,5.357143070016588e-06,1.0,10.0,0.7061825629171165,1.0
2010-09-14,7.287499904632568,0.004687381259099954,5.753968088399794e-06,1.0,10.0,0.7094370087512493,1.0
2010-09-15,7.272500038146973,-0.0020583007453709445,5.952381188907317e-06,1.0,10.0,0.7207214338701646,1.0
2010-09-16,7.406499862670898,0.018425551573880705,5.952381188907317e-06,1.0,10.0,0.6828485873204418,1.0
2010-09-17,7.415999889373779,0.0012826607546112534,5.753968088399794e-06,1.0,10.0,0.6891080774341841,1.0
2010-09-20,7.565000057220459,0.020091716568143347,5.952381188907317e-06,1.0,10.0,0.6548521171801238,1.0
2010-09-21,7.536499977111816,-0.0037673601973657878,6.150793698098924e-06,1.0,10.0,0.6896914436470054,1.0
2010-09-22,7.591499805450439,0.007297794534021795,6.150793698098924e-06,1.0,10.0,0.6814527999716162,1.0
2010-09-23,7.642499923706055,0.006718055662597866,5.952381188907317e-06,1.0,10.0,0.6851975768123281,1.0
2010-09-24,8.036499977111816,0.05155381842839457,5.55555557920819e-06,1.0,10.0,0.5791840396600175,1.0
2010-09-27,7.968500137329102,-0.008461374973729896,5.158729969509063e-06,1.0,10.0,0.6236177401048449,1.0
2010-09-28,7.985000133514404,0.0020706526825553517,5.952381188907317e-06,1.0,10.0,0.6293449471318912,1.0
2010-09-29,7.94950008392334,-0.0044458420785824515,6.150793698098924e-06,1.0,10.0,0.6642607245021325,1.0
2010-09-30,7.853000164031982,-0.012139118041713526,6.150793698098924e-06,1.0,10.0,0.7187263433322427,1.0
2010-10-01,7.685500144958496,-0.021329430227273294,5.952381188907317e-06,1.0,10.0,0.7856301562965227,1.0
2010-10-04,7.769499778747559,0.010929624904654212,5.753968088399794e-06,1.0,10.0,0.7627349093967393,1.0
2010-10-05,8.043499946594238,0.03526612724749301,4.563492146276289e-06,1.0,10.0,0.6832925829331811,1.0
2010-10-06,7.769999980926514,-0.03400260676119349,4.563492146276289e-06,1.0,10.0,0.7892163832502214,1.0
2010-10-07,7.813499927520752,0.005598448738870054,4.563492146276289e-06,1.0,10.0,0.7785169670101961,1.0
2010-10-08,7.777500152587891,-0.004607381489319828,4.563492146276289e-06,1.0,10.0,0.7844552438333949,1.0
2010-10-11,7.651500225067139,-0.01620056895515798,4.563492146276289e-06,1.0,10.0,0.8238602339847519,1.0
2010-10-12,7.823999881744385,0.022544553565079672,4.563492146276289e-06,1.0,10.0,0.7845734600795448,1.0
2010-10-13,7.758500099182129,-0.008371649227025824,5.158729969509063e-06,1.0,10.0,0.8057031099392957,1.0
2010-10-14,7.776500225067139,0.0023200522852229177,5.357143070016588e-06,1.0,10.0,0.8067243639329518,1.0
2010-10-15,8.232000350952148,0.05857392306332465,5.357143070016588e-06,1.0,10.0,0.6804637623422495,1.0
2010-10-18,8.178000450134277,-0.006559754435825016,5.357143070016588e-06,1.0,10.0,0.7151725008791137,1.0
2010-10-19,7.933499813079834,-0.029897361652802212,5.357143070016588e-06,1.0,10.0,0.8019978701075539,1.0
2010-10-20,7.933499813079834,0.0,5.357143070016588e-06,1.0,10.0,0.8038419037373409,1.0
2010-10-21,8.248499870300293,0.039705056361269975,4.761904655467893e-06,1.0,10.0,0.7186477822153565,1.0
2010-10-22,8.456500053405762,0.02521672866291702,4.761904655467893e-06,1.0,10.0,0.6542514921878805,1.0
2010-10-25,8.449999809265137,-0.00076866837339018,4.563492146276289e-06,1.0,10.0,0.6863910968498395,1.0
2010-10-26,8.4975004196167,0.005621374132988688,5.158729969509063e-06,1.0,10.0,0.684278803166014,1.0
2010-10-27,8.375499725341797,-0.01435724486617973,5.158729969509063e-06,1.0,10.0,0.7435856822734919,1.0
2010-10-28,8.342000007629395,-0.003999727635479733,4.96031746031746e-06,1.0,10.0,0.7630925158773725,1.0
2010-10-29,8.261500358581543,-0.009649921958071017,4.365079341426725e-06,1.0,10.0,0.7976185938251787,1.0
2010-11-01,8.128999710083008,-0.016038327512859274,4.166666536577163e-06,1.0,10.0,0.8292900489580347,1.0
2010-11-02,8.230500221252441,0.012486223986886813,4.96031746031746e-06,1.0,10.0,0.8148090698410224,1.0
2010-11-03,8.423500061035156,0.023449345069496363,4.761904655467893e-06,1.0,10.0,0.7680112909108674,1.0
2010-11-04,8.446499824523926,0.0027304283637581417,4.563492146276289e-06,1.0,10.0,0.7730581956004986,1.0
2010-11-05,8.53849983215332,0.01089208660873675,4.761904655467893e-06,1.0,10.0,0.7531056870777919,1.0
2010-11-08,8.599499702453613,0.007144096913908271,4.365079341426725e-06,1.0,10.0,0.7409441623895757,1.0
2010-11-09,8.513500213623047,-0.010000522333413087,4.96031746031746e-06,1.0,10.0,0.7764650809082145,1.0
2010-11-10,8.666500091552734,0.017971442308166274,4.96031746031746e-06,1.0,10.0,0.7367186048731931,1.0
2010-11-11,8.518500328063965,-0.017077224014919845,4.96031746031746e-06,1.0,10.0,0.7879260115429237,1.0
2010-11-12,8.284000396728516,-0.02752831159293323,4.96031746031746e-06,1.0,10.0,0.8420205569044928,1.0
2010-11-15,7.945000171661377,-0.04092228498697503,5.158729969509063e-06,1.0,10.0,0.8657463059226179,1.0
2010-11-16,7.888999938964844,-0.00704848728591323,5.357143070016588e-06,1.0,10.0,0.8674305064566191,1.0
2010-11-17,7.917500019073486,0.0036126353567169645,5.357143070016588e-06,1.0,10.0,0.8701022762969806,1.0
2010-11-18,8.208499908447266,0.03675401183110227,5.357143070016588e-06,1.0,10.0,0.8690186575688512,1.0
2010-11-19,8.241000175476074,0.003959343045781383,5.158729969509063e-06,1.0,10.0,0.8631104508088128,1.0
2010-11-22,8.519499778747559,0.033794393561628056,4.96031746031746e-06,1.0,10.0,0.8043821626940264,1.0
2010-11-23,8.40999984741211,-0.012852859226383684,5.55555557920819e-06,1.0,10.0,0.8267384054076713,1.0
2010-11-24,8.862500190734863,0.0538050358540727,5.952381188907317e-06,1.0,10.0,0.7029638654004688,1.0
2010-11-26,8.859999656677246,-0.0002821477014163243,6.150793698098924e-06,1.0,10.0,0.7260567540426041,1.0
2010-11-29,8.974499702453613,0.012923256231739844,6.150793698098924e-06,1.0,10.0,0.7081334939902142,1.0
2010-11-30,8.770000457763672,-0.022786701372783158,6.3492062072905275e-06,1.0,10.0,0.7947767533566418,1.0
2010-12-01,8.827500343322754,0.00655642902597342,6.150793698098924e-06,1.0,10.0,0.7914572096393044,1.0
2010-12-02,8.826499938964844,-0.00011332815848219546,5.753968088399794e-06,1.0,10.0,0.7979479053444317,1.0
2010-12-03,8.784000396728516,-0.004814993772187415,5.158729969509063e-06,1.0,10.0,0.8107636246641401,1.0
2010-12-06,8.90250015258789,0.013490408755389982,4.96031746031746e-06,1.0,10.0,0.7787554878252005,1.0
2010-12-07,8.838500022888184,-0.007189006301909773,5.55555557920819e-06,1.0,10.0,0.8110258842627098,1.0
2010-12-08,8.814499855041504,-0.0027154118667792604,5.357143070016588e-06,1.0,10.0,0.8205905079106338,1.0
2010-12-09,8.742500305175781,-0.008168308020850668,5.357143070016588e-06,1.0,10.0,0.8363491300164526,1.0
2010-12-10,8.781000137329102,0.004403755311341184,4.563492146276289e-06,1.0,10.0,0.8275789205343291,1.0
2010-12-13,8.712499618530273,-0.007800992794388395,4.761904655467893e-06,1.0,10.0,0.8410518854161997,1.0
2010-12-14,8.696999549865723,-0.0017790610436968501,5.357143070016588e-06,1.0,10.0,0.8417405003026032,1.0
2010-12-15,8.778499603271484,0.009371054113371802,5.357143070016588e-06,1.0,10.0,0.8309145383093237,1.0
2010-12-16,8.902000427246094,0.014068557220026978,4.96031746031746e-06,1.0,10.0,0.8119137374585904,1.0
2010-12-17,8.878999710083008,-0.00258376949665029,4.166666536577163e-06,1.0,10.0,0.8179990772433443,1.0
2010-12-20,9.16450023651123,0.032154582244665164,3.96825402738556e-06,1.0,10.0,0.7659385890845197,1.0
2010-12-21,9.237500190734863,0.007965513922167045,5.158729969509063e-06,1.0,10.0,0.753377053289811,1.0
2010-12-22,9.23799991607666,5.409746484197342e-05,5.158729969509063e-06,1.0,10.0,0.7603184180822817,1.0
2010-12-23,9.12950038909912,-0.01174491534566069,5.158729969509063e-06,1.0,10.0,0.7979808824601844,1.0
2010-12-27,9.107000350952148,-0.002464542109427703,4.761904655467893e-06,1.0,10.0,0.802842330299477,1.0
2010-12-28,9.054499626159668,-0.005764875674677206,5.55555557920819e-06,1.0,10.0,0.8143573705248738,1.0
2010-12-29,9.168499946594238,0.012590460560096384,4.96031746031746e-06,1.0,10.0,0.7967848468358838,1.0
2010-12-30,9.137499809265137,-0.003381156951483333,4.365079341426725e-06,1.0,10.0,0.802160276509552,1.0
2010-12-31,9.0,-0.015047859057213508,4.563492146276289e-06,1.0,10.0,0.8260824972236404,1.0
2011-01-03,9.211000442504885,0.023444493611653794,4.761904655467893e-06,1.0,5.0,0.7047170178512273,1.0
2011-01-04,9.250499725341797,0.004288272819382266,5.357143070016588e-06,1.0,5.0,0.6964919398399277,1.0
2011-01-05,9.371000289916992,0.013026384320090623,5.357143070016588e-06,1.0,5.0,0.6688158460408554,1.0
2011-01-06,9.29300022125244,-0.008323558451756696,5.55555557920819e-06,1.0,5.0,0.7038738580182478,1.0
2011-01-07,9.274499893188477,-0.001990780977455975,5.357143070016588e-06,1.0,5.0,0.7157041912519106,1.0
2011-01-10,9.234000205993652,-0.004366778549921402,5.357143070016588e-06,1.0,5.0,0.7304607070252931,1.0
2011-01-11,9.217000007629396,-0.0018410437497305976,5.753968088399794e-06,1.0,5.0,0.7363895751902336,1.0
2011-01-12,9.20400047302246,-0.0014103867414752003,5.753968088399794e-06,1.0,5.0,0.7398905777044247,1.0
2011-01-13,9.27649974822998,0.007876930843280672,5.55555557920819e-06,1.0,5.0,0.7236240549449448,1.0
2011-01-14,9.4375,0.017355711328590262,5.753968088399794e-06,1.0,5.0,0.6838266130014081,1.0
2011-01-18,9.5625,0.013245033112582849,5.753968088399794e-06,1.0,5.0,0.6519841277934458,1.0
2011-01-19,9.343500137329102,-0.022901946423100505,6.150793698098924e-06,1.0,5.0,0.7407154149764684,1.0
2011-01-20,9.097999572753906,-0.02627501053854253,6.150793698098924e-06,1.0,5.0,0.8023895303301376,1.0
2011-01-21,8.871000289916992,-0.02495046092513753,5.952381188907317e-06,1.0,5.0,0.8283844653730629,1.0
2011-01-24,8.842499732971191,-0.003212778267879801,5.952381188907317e-06,1.0,5.0,0.8318027728501811,1.0
2011-01-25,8.835000038146973,-0.0008481419339210206,5.952381188907317e-06,1.0,5.0,0.8301028814283954,1.0
2011-01-26,8.769499778747559,-0.007413724857566861,6.150793698098924e-06,1.0,5.0,0.8338707614655458,1.0
2011-01-27,9.22249984741211,0.051656317930741436,5.55555557920819e-06,1.0,5.0,0.7773284506693329,1.0
2011-01-28,8.557000160217285,-0.07216044437035884,5.357143070016588e-06,1.0,5.0,0.8657618633780895,1.0
2011-01-31,8.482000350952148,-0.008764731548542182,5.753968088399794e-06,1.0,5.0,0.867101446803795,1.0
2011-02-01,8.605500221252441,0.014560229331566754,5.952381188907317e-06,1.0,5.0,0.8755885008490923,1.0
2011-02-02,8.67650032043457,0.008250548760289966,5.952381188907317e-06,1.0,5.0,0.875978603657897,1.0
2011-02-03,8.685500144958496,0.0010372643567742035,5.753968088399794e-06,1.0,5.0,0.8734403292653404,1.0
2011-02-04,8.796500205993652,0.012779927371204591,5.753968088399794e-06,1.0,5.0,0.8594919884286081,1.0
2011-02-07,8.821499824523926,0.0028419960148742263,5.55555557920819e-06,1.0,5.0,0.8528375701349181,1.0
2011-02-08,9.152999877929688,0.03757864988946502,5.753968088399794e-06,1.0,5.0,0.7552146576010131,1.0
2011-02-09,9.265000343322754,0.012236476224929183,5.158729969509063e-06,1.0,5.0,0.7193320617317635,1.0
2011-02-10,9.310500144958496,0.004910933615726698,4.365079341426725e-06,1.0,5.0,0.7097185526114418,1.0
2011-02-11,9.462499618530272,0.016325597036167983,4.365079341426725e-06,1.0,5.0,0.6583918123496844,1.0
2011-02-14,9.520999908447266,0.006182329434649025,4.365079341426725e-06,1.0,5.0,0.6521393936113408,1.0
2011-02-15,9.451499938964844,-0.007299650262653556,4.96031746031746e-06,1.0,5.0,0.7013382896408038,1.0
2011-02-16,9.331000328063965,-0.012749257967415994,4.365079341426725e-06,1.0,5.0,0.7681343793753215,1.0
2011-02-17,9.387999534606934,0.006108584775368353,3.571428713344389e-06,1.0,5.0,0.752169940469879,1.0
2011-02-18,9.324999809265137,-0.006710665579984454,3.571428713344389e-06,1.0,5.0,0.7802176085391629,1.0
2011-02-22,9.020999908447266,-0.03260052622369203,3.96825402738556e-06,1.0,5.0,0.8487796523131481,1.0
2011-02-23,8.833999633789062,-0.020729439813328865,4.563492146276289e-06,1.0,5.0,0.8633761403872394,1.0
2011-02-24,8.887499809265137,0.00605616682068244,4.761904655467893e-06,1.0,5.0,0.8594221942645228,1.0
2011-02-25,8.862000465393066,-0.0028691245478832395,4.96031746031746e-06,1.0,5.0,0.8620147694117192,1.0
2011-02-28,8.66450023651123,-0.022286190308056564,5.357143070016588e-06,1.0,5.0,0.8667473972808962,1.0
2011-03-01,8.472000122070312,-0.022217105336294396,5.158729969509063e-06,1.0,5.0,0.8596618944343133,1.0
2011-03-02,8.60099983215332,0.01522659445518082,4.761904655467893e-06,1.0,5.0,0.8763485486349616,1.0
2011-03-03,8.63949966430664,0.004476204267484851,4.96031746031746e-06,1.0,5.0,0.8739386612744764,1.0
2011-03-04,8.583499908447266,-0.0064818285821265365,4.365079341426725e-06,1.0,5.0,0.8762063385247303,1.0
2011-03-07,8.454000473022461,-0.015087020074102897,3.96825402738556e-06,1.0,5.0,0.8749027029178692,1.0
2011-03-08,8.344499588012695,-0.012952552505667958,4.166666536577163e-06,1.0,5.0,0.8671446777112851,1.0
2011-03-09,8.452500343322754,0.012942747994763693,3.7698412225359962e-06,1.0,5.0,0.8811061544656691,1.0
2011-03-10,8.307000160217285,-0.01721386302224881,2.5793649847545313e-06,1.0,5.0,0.8772637097574543,1.0
2011-03-11,8.403499603271484,0.011616641530397542,2.777777789604095e-06,1.0,5.0,0.8836516542823811,1.0
2011-03-14,8.33650016784668,-0.007972801640726224,2.9761905944536585e-06,1.0,5.0,0.8804531630405741,1.0
2011-03-15,8.253999710083008,-0.009896294140540052,3.7698412225359962e-06,1.0,5.0,0.8754939102911297,1.0
2011-03-16,8.234999656677246,-0.002301920774549049,3.3730159084948255e-06,1.0,5.0,0.8744787052691758,1.0
2011-03-17,8.048500061035156,-0.022647189243155452,2.777777789604095e-06,1.0,5.0,0.8671305489951029,1.0
2011-03-18,8.090999603271484,0.005280430131581859,2.5793649847545313e-06,1.0,5.0,0.8732028707349255,1.0
2011-03-21,8.22599983215332,0.016685234890785328,2.777777789604095e-06,1.0,5.0,0.8860864918784117,1.0
2011-03-22,8.130000114440918,-0.011670279561295849,3.571428713344389e-06,1.0,5.0,0.8806230475259065,1.0
2011-03-23,8.265999794006348,0.016728127632355205,3.3730159084948255e-06,1.0,5.0,0.8863292785528276,1.0
2011-03-24,8.555000305175781,0.03496255968684969,3.1746031036452616e-06,1.0,5.0,0.8623376070011246,1.0
2011-03-25,8.548999786376953,-0.0007014048608738888,3.1746031036452616e-06,1.0,5.0,0.8661410712620501,1.0
2011-03-28,8.467499732971191,-0.009533285231289157,3.1746031036452616e-06,1.0,5.0,0.8735252336786118,1.0
2011-03-29,8.730999946594238,0.031119010561879934,3.7698412225359962e-06,1.0,5.0,0.832942122783416,1.0
2011-03-30,8.970999717712402,0.027488234175488957,3.7698412225359962e-06,1.0,5.0,0.7694993945621473,1.0
2011-03-31,9.006500244140625,0.003957254213053929,3.571428713344389e-06,1.0,5.0,0.7689419129154165,1.0
2011-04-01,9.006500244140625,0.0,2.182539670713361e-06,1.0,5.0,0.7787732785684738,1.0
2011-04-04,9.147000312805176,0.015599851757729821,1.3888888948020476e-06,1.0,5.0,0.7434158504015206,1.0
2011-04-05,9.26449966430664,0.012845670436566481,2.5793649847545313e-06,1.0,5.0,0.7141335646251343,1.0
2011-04-06,9.137999534606934,-0.013654286176626895,1.984127013692778e-06,1.0,5.0,0.7780383526104034,1.0
2011-04-07,9.24549961090088,0.011764071106244778,1.3888888948020476e-06,1.0,5.0,0.7475224511089333,1.0
2011-04-08,9.23550033569336,-0.001081528919835928,1.3888888948020476e-06,1.0,5.0,0.7605863936234161,1.0
2011-04-11,9.20199966430664,-0.0036273802359407803,1.3888888948020476e-06,1.0,5.0,0.777705298067997,1.0
2011-04-12,9.02400016784668,-0.019343566936912415,1.7857143566721944e-06,1.0,5.0,0.834806193225991,1.0
2011-04-13,9.114500045776367,0.010028798342906375,1.984127013692778e-06,1.0,5.0,0.8127098376965874,1.0
2011-04-14,9.090999603271484,-0.002578357824000732,2.5793649847545313e-06,1.0,5.0,0.8102258601425669,1.0
2011-04-15,9.000499725341797,-0.009954887457823691,2.3809523277339444e-06,1.0,5.0,0.8311114135238913,1.0
2011-04-18,8.916999816894531,-0.00927725248545519,2.182539670713361e-06,1.0,5.0,0.8340404130507311,1.0
2011-04-19,8.940999984741211,0.002691507047158259,2.182539670713361e-06,1.0,5.0,0.8214984825735235,1.0
2011-04-20,9.193499565124512,0.02824064207742083,2.182539670713361e-06,1.0,5.0,0.7803786754856434,1.0
2011-04-21,9.294500350952148,0.010986108729561739,1.7857143566721944e-06,1.0,5.0,0.7461968224794812,1.0
2011-04-25,9.270999908447266,-0.0025284245110039905,1.7857143566721944e-06,1.0,5.0,0.7552780982565838,1.0
2011-04-26,9.114999771118164,-0.0168266787692406,2.182539670713361e-06,1.0,5.0,0.8088939264539835,1.0
2011-04-27,9.831500053405762,0.07860672520891376,1.984127013692778e-06,1.0,5.0,0.592944557393905,1.0
2011-04-28,9.753499984741213,-0.007933689492024998,1.3888888948020476e-06,1.0,5.0,0.6418499825165238,1.0
2011-04-29,9.790499687194824,0.0037934795213507844,1.5873015518226308e-06,1.0,5.0,0.6422004307979706,1.0
2011-05-02,10.059499740600586,0.027475620448422333,1.1904761638669722e-06,1.0,5.0,0.5696428323484344,1.0
2011-05-03,9.922499656677246,-0.013618975839365222,9.92063506846389e-07,1.0,5.0,0.6453931905994365,1.0
2011-05-04,9.998499870300291,0.00765938183448589,7.936507759113135e-07,1.0,5.0,0.6313877342395348,1.0
2011-05-05,9.85550022125244,-0.014302110406844148,3.9682538795565474e-07,1.0,5.0,0.7087646736073261,1.0
2011-05-06,9.880000114440918,0.0024859106730723557,1.9841269397782539e-07,1.0,5.0,0.7144669018403674,1.0
2011-05-09,10.039999961853027,0.016194316352106997,1.9841269397782539e-07,1.0,5.0,0.6671800099398378,1.0
2011-05-10,10.196999549865724,0.015637409224025678,9.92063506846389e-07,1.0,5.0,0.6278624473921195,1.0
2011-05-11,10.218999862670898,0.0021575280745662617,7.936507759113135e-07,1.0,5.0,0.6334914180963229,1.0
2011-05-12,10.303500175476074,0.008268941573612132,7.936507759113135e-07,1.0,5.0,0.6136910346828152,1.0
2011-05-13,10.128000259399414,-0.017033038587642046,7.936507759113135e-07,1.0,5.0,0.6983642485770034,1.0
2011-05-16,9.625499725341797,-0.04961498037001588,7.936507759113135e-07,1.0,5.0,0.8398990266578673,1.0
2011-05-17,9.740500450134276,0.011947506942388442,1.3888888948020476e-06,1.0,5.0,0.8186548226353985,1.0
2011-05-18,9.854499816894531,0.011703645756587777,1.5873015518226308e-06,1.0,5.0,0.7895313675374441,1.0
2011-05-19,9.9399995803833,0.008676215442430468,1.5873015518226308e-06,1.0,5.0,0.7711633269402947,1.0
2011-05-20,9.932499885559082,-0.0007544964930400466,1.5873015518226308e-06,1.0,5.0,0.7790916575394469,1.0
2011-05-23,9.810999870300291,-0.012232571523654423,1.7857143566721944e-06,1.0,5.0,0.8006915421639208,1.0
2011-05-24,9.66349983215332,-0.015034149433992061,1.984127013692778e-06,1.0,5.0,0.8353301998134582,1.0
2011-05-25,9.61299991607666,-0.005225841253562402,1.7857143566721944e-06,1.0,5.0,0.843115444457085,1.0
2011-05-26,9.75,0.014251543235137554,1.7857143566721944e-06,1.0,5.0,0.822234843600679,1.0
2011-05-27,9.706500053405762,-0.004461532984024408,1.3888888948020476e-06,1.0,5.0,0.8308525675005213,1.0
2011-05-31,9.834500312805176,0.01318706626437427,1.5873015518226308e-06,1.0,5.0,0.8092891331074069,1.0
2011-06-01,9.619999885559082,-0.02181101432950283,1.5873015518226308e-06,1.0,5.0,0.8432330447079225,1.0
2011-06-02,9.682499885559082,0.006496881574169278,1.3888888948020476e-06,1.0,5.0,0.8339171428379488,1.0
2011-06-03,9.416000366210938,-0.027523833978620904,1.1904761638669722e-06,1.0,5.0,0.8580554947262254,1.0
2011-06-06,9.284500122070312,-0.013965615869399262,1.1904761638669722e-06,1.0,5.0,0.8564474469330511,1.0
2011-06-07,9.3774995803833,0.010016636015967917,1.5873015518226308e-06,1.0,5.0,0.8556494250540335,1.0
2011-06-08,9.40250015258789,0.0026660168833159137,1.3888888948020476e-06,1.0,5.0,0.8526182464603247,1.0
2011-06-09,9.484000205993652,0.00866791301070391,1.5873015518226308e-06,1.0,5.0,0.8472645596249153,1.0
2011-06-10,9.326499938964844,-0.016606944707705962,1.3888888948020476e-06,1.0,5.0,0.8521278047350672,1.0
2011-06-13,9.314499855041504,-0.0012866653087301172,1.5873015518226308e-06,1.0,5.0,0.8496756284685802,1.0
2011-06-14,9.498000144958496,0.01970049844572941,1.984127013692778e-06,1.0,5.0,0.8476088288342136,1.0
2011-06-15,9.298999786376951,-0.020951816755569674,1.7857143566721944e-06,1.0,5.0,0.8604816561831606,1.0
2011-06-16,9.182499885559082,-0.01252821846372576,1.3888888948020476e-06,1.0,5.0,0.8631667562852967,1.0
2011-06-17,9.318499565124512,0.014810746665982588,9.92063506846389e-07,1.0,5.0,0.8648808447634326,1.0
2011-06-20,9.38599967956543,0.0072436677137963645,5.952380819334841e-07,1.0,5.0,0.8591036344399323,1.0
2011-06-21,9.71150016784668,0.034679362816292025,7.936507759113135e-07,1.0,5.0,0.8148503588286348,1.0
2011-06-22,9.581500053405762,-0.013386203181185996,3.9682538795565474e-07,1.0,5.0,0.8435362798617527,1.0
2011-06-23,9.708000183105469,0.013202539163452043,1.9841269397782539e-07,1.0,5.0,0.819987934199273,1.0
2011-06-24,9.6274995803833,-0.008292192130595621,3.9682538795565474e-07,1.0,5.0,0.8385274214472835,1.0
2011-06-27,10.0625,0.04518311488717619,5.952380819334841e-07,1.0,5.0,0.7327163038366727,1.0
2011-06-28,10.11750030517578,0.005465868837344567,9.92063506846389e-07,1.0,5.0,0.7236797496265978,1.0
2011-06-29,10.208999633789062,0.009043669469075866,7.936507759113135e-07,1.0,5.0,0.7061269003224436,1.0
2011-06-30,10.224499702453612,0.0015182749750766167,5.952380819334841e-07,1.0,5.0,0.7059970212096323,1.0
2011-07-01,10.474499702453612,0.02445107411368075,3.9682538795565474e-07,1.0,5.0,0.6410803717361253,1.0
2011-07-05,10.659500122070312,0.01766198146660547,3.9682538795565474e-07,1.0,5.0,0.6036746012960044,1.0
2011-07-06,10.709500312805176,0.004690669371196776,1.9841269397782539e-07,1.0,5.0,0.6019551495742136,1.0
2011-07-07,10.836999893188477,0.011905278179118461,7.936507759113135e-07,1.0,5.0,0.5878632116317893,1.0
2011-07-08,10.913999557495115,0.007105256534609472,7.936507759113135e-07,1.0,5.0,0.5795460384641224,1.0
2011-07-11,10.6274995803833,-0.026250686157950454,5.952380819334841e-07,1.0,5.0,0.681294502917213,1.0
2011-07-12,10.56149959564209,-0.006210302267434242,1.1904761638669722e-06,1.0,5.0,0.7247025763006757,1.0
2011-07-13,10.675000190734863,0.010746636314752811,1.9841269397782539e-07,1.0,5.0,0.7058383999418073,1.0
2011-07-14,10.519000053405762,-0.01461359574161869,1.9841269397782539e-07,1.0,5.0,0.757664803681289,1.0
2011-07-15,10.643500328063965,0.011835751880036716,1.9841269397782539e-07,1.0,5.0,0.7298352376691036,1.0
2011-07-18,10.576499938964844,-0.0062949581466597015,1.9841269397782539e-07,1.0,5.0,0.7494890505319701,1.0
2011-07-19,10.902999877929688,0.030870320129439577,9.92063506846389e-07,1.0,5.0,0.6678192406392203,1.0
2011-07-20,10.77750015258789,-0.011510568352462225,7.936507759113135e-07,1.0,5.0,0.7183478365132242,1.0
2011-07-21,10.660499572753906,-0.010856003542332626,1.3888888948020476e-06,1.0,5.0,0.7553416881651034,1.0
2011-07-22,10.826000213623049,0.015524660897893394,1.1904761638669722e-06,1.0,5.0,0.7170636009534481,1.0
2011-07-25,10.674500465393066,-0.013994064773741655,1.3888888948020476e-06,1.0,5.0,0.7623330755876386,1.0
2011-07-26,10.708999633789062,0.003231923452328589,2.5793649847545313e-06,1.0,5.0,0.7513801992208788,1.0
2011-07-27,11.12600040435791,0.038939283297118266,2.777777789604095e-06,1.0,5.0,0.6500439927433406,1.0
2011-07-28,11.19499969482422,0.006201625737788374,2.5793649847545313e-06,1.0,5.0,0.6414048736461311,1.0
2011-07-29,11.12600040435791,-0.006163402621458869,3.571428713344389e-06,1.0,5.0,0.6763298566772246,1.0
2011-08-01,11.065999984741213,-0.005392811202235448,2.9761905944536585e-06,1.0,5.0,0.7046040325985311,1.0
2011-08-02,10.585000038146973,-0.04346646911779195,1.984127013692778e-06,1.0,5.0,0.8161966919557834,1.0
2011-08-03,10.498000144958496,-0.00821916796173261,3.9682538795565474e-07,1.0,5.0,0.8280174400747774,1.0
2011-08-04,10.074000358581545,-0.04038862454965486,3.9682538795565474e-07,1.0,5.0,0.839866194156973,1.0
2011-08-05,10.135000228881836,0.006055178492060387,3.9682538795565474e-07,1.0,5.0,0.8487092775852865,1.0
2011-08-08,9.6850004196167,-0.04440057218575755,5.952380819334841e-07,1.0,5.0,0.8387409561365872,1.0
2011-08-09,10.25450038909912,0.05880226585524073,1.1904761638669722e-06,1.0,5.0,0.8665595531152457,1.0
2011-08-10,9.706500053405762,-0.05343998389974225,5.952380819334841e-07,1.0,5.0,0.8647994124195866,1.0
2011-08-11,9.91800022125244,0.021789539657238954,3.9682538795565474e-07,1.0,5.0,0.8849453505309872,1.0
2011-08-12,10.114999771118164,0.01986282975106124,1.9841269397782539e-07,1.0,5.0,0.8821204796747399,1.0
2011-08-15,10.147500038146973,0.00321307639784707,1.9841269397782539e-07,1.0,5.0,0.8774622348203456,1.0
2011-08-16,9.883999824523926,-0.025967007896771088,7.936507759113135e-07,1.0,5.0,0.8917030882945639,1.0
2011-08-17,9.796500205993652,-0.008852652780625525,1.9841269397782539e-07,1.0,5.0,0.8940851622794344,1.0
2011-08-18,9.12600040435791,-0.06844278952043714,3.9682538795565474e-07,1.0,5.0,0.8462819679169172,1.0
2011-08-19,8.946499824523926,-0.01966914002636555,3.9682538795565474e-07,1.0,5.0,0.8373094615878185,1.0
2011-08-22,8.876999855041504,-0.0077683977919398295,1.9841269397782539e-07,1.0,5.0,0.8379709619378429,1.0
2011-08-23,9.677499771118164,0.09017685357086425,1.9841269397782539e-07,1.0,5.0,0.9073838323314519,1.0
2011-08-24,9.68649959564209,0.0009299741396828765,3.9682538795565474e-07,1.0,5.0,0.9122496666181381,1.0
2011-08-25,9.601499557495115,-0.008775103669566575,3.9682538795565474e-07,1.0,5.0,0.9122480152927883,1.0
2011-08-26,9.963500022888184,0.03770249253518787,3.9682538795565474e-07,1.0,5.0,0.8773710273819332,1.0
2011-08-29,10.326499938964844,0.03643297187160899,1.9841269397782539e-07,1.0,5.0,0.7728063461631542,1.0
2011-08-30,10.54599952697754,0.021255952095100783,5.952380819334841e-07,1.0,5.0,0.7051243567441581,1.0
2011-08-31,10.761500358581545,0.02043436765313089,5.952380819334841e-07,1.0,5.0,0.6411686073804381,1.0
2011-09-01,10.626999855041504,-0.012498304052258491,3.9682538795565474e-07,1.0,5.0,0.7335346757294865,1.0
2011-09-02,10.5,-0.011950678156945171,5.952380819334841e-07,1.0,5.0,0.7944253227386044,1.0
2011-09-06,10.809000015258787,0.02942857288178935,5.952380819334841e-07,1.0,5.0,0.6834365770161741,1.0
2011-09-07,10.994999885559082,0.017207870296764183,5.952380819334841e-07,1.0,5.0,0.6275194143987192,1.0
2011-09-08,10.86299991607666,-0.012005454375292102,3.9682538795565474e-07,1.0,5.0,0.7134547617061421,1.0
2011-09-09,10.569499969482422,-0.02701831435714863,1.9841269397782539e-07,1.0,5.0,0.8332751763344216,1.0
2011-09-12,10.82800006866455,0.02445717393713065,1.9841269397782539e-07,1.0,5.0,0.7457928876331344,1.0
2011-09-13,10.976499557495115,0.013714396738905732,1.9841269397782539e-07,1.0,5.0,0.6957474061710743,1.0
2011-09-14,11.128499984741213,0.013847805163195837,1.9841269397782539e-07,1.0,5.0,0.6562599476198384,1.0
2011-09-15,11.33899974822998,0.0189153761762495,1.9841269397782539e-07,1.0,5.0,0.5983291919946535,1.0
2011-09-16,11.96500015258789,0.05520772715914646,1.9841269397782539e-07,1.0,5.0,0.4439179058598936,1.0
2011-09-19,12.084500312805176,0.009987476698146036,1.9841269397782539e-07,1.0,5.0,0.43966623776057756,1.0
2011-09-20,11.662500381469728,-0.034920759684889946,1.9841269397782539e-07,1.0,5.0,0.5704167056206119,1.0
2011-09-21,11.593500137329102,-0.005916419454121469,1.9841269397782539e-07,1.0,5.0,0.6358283834162509,1.0
2011-09-22,11.161499977111816,-0.037262272402647234,1.9841269397782539e-07,1.0,5.0,0.7947286821788617,1.0
2011-09-23,11.180500030517578,0.0017022849477870139,1.9841269397782539e-07,1.0,5.0,0.7802315054289249,1.0
2011-09-26,11.49250030517578,0.027905753213772755,1.9841269397782539e-07,1.0,5.0,0.6773873433855526,1.0
2011-09-27,11.21049976348877,-0.02453778848802879,3.9682538795565474e-07,1.0,5.0,0.7909590291666773,1.0
2011-09-28,11.48550033569336,0.024530625574805676,3.9682538795565474e-07,1.0,5.0,0.7091774750635835,1.0
2011-09-29,11.121999740600586,-0.03164865129672467,3.9682538795565474e-07,1.0,5.0,0.8243305452597354,1.0
2011-09-30,10.81149959564209,-0.027917654396720004,3.9682538795565474e-07,1.0,5.0,0.8693466989835276,1.0
2011-10-03,10.598999977111816,-0.019654962445351032,7.936507759113135e-07,1.0,5.0,0.8752403346303874,1.0
2011-10-04,10.625,0.0024530637743493955,1.9841269397782539e-07,1.0,5.0,0.8824109710672994,1.0
2011-10-05,10.975000381469728,0.032941212373621465,1.9841269397782539e-07,1.0,5.0,0.8508216834944189,1.0
2011-10-06,11.075499534606934,0.009157097917453338,1.9841269397782539e-07,1.0,5.0,0.8261162256393431,1.0
2011-10-07,11.237000465393066,0.014581819111770145,1.9841269397782539e-07,1.0,5.0,0.7817851618738267,1.0
2011-10-10,11.565999984741213,0.029278233133599674,1.9841269397782539e-07,1.0,5.0,0.67509310093721,1.0
2011-10-11,11.77400016784668,0.01798376131591528,1.9841269397782539e-07,1.0,5.0,0.6138581848683657,1.0
2011-10-12,11.840499877929688,0.005648013345932457,5.952380819334841e-07,1.0,5.0,0.6162027212748594,1.0
2011-10-13,11.807499885559082,-0.0027870438504135064,5.952380819334841e-07,1.0,5.0,0.6618218570645605,1.0
2011-10-14,12.33549976348877,0.04471733076834039,5.952380819334841e-07,1.0,5.0,0.4957609477107817,1.0
2011-10-17,12.116499900817873,-0.017753627081985246,7.936507759113135e-07,1.0,5.0,0.5985646030346363,1.0
2011-10-18,12.194000244140623,0.006396264924453776,9.92063506846389e-07,1.0,5.0,0.5870145392978671,1.0
2011-10-19,11.576499938964844,-0.05063968286145448,7.936507759113135e-07,1.0,5.0,0.7995556308068773,1.0
2011-10-20,11.680500030517578,0.008983724968777862,5.952380819334841e-07,1.0,5.0,0.7699363252333127,1.0
2011-10-21,11.73900032043457,0.005008372052921484,5.952380819334841e-07,1.0,5.0,0.7546336103144903,1.0
2011-10-24,11.880499839782717,0.012053796361333413,1.9841269397782539e-07,1.0,5.0,0.7209296260942625,1.0
2011-10-25,11.357500076293944,-0.04402169694388369,5.952380819334841e-07,1.0,5.0,0.8492916697043805,1.0
2011-10-26,9.920000076293944,-0.12656834605710776,5.952380819334841e-07,1.0,5.0,0.7827472229382024,1.0
2011-10-27,10.33899974822998,0.042237869829994334,3.9682538795565474e-07,1.0,5.0,0.8393976869780477,1.0
2011-10-28,10.866000175476074,0.050972090151788274,3.9682538795565474e-07,1.0,5.0,0.8527588707836905,1.0
2011-10-31,10.67549991607666,-0.01753177400358985,1.9841269397782539e-07,1.0,5.0,0.8744714809552406,1.0
2011-11-01,10.604999542236328,-0.0066039412106746465,1.9841269397782539e-07,1.0,5.0,0.8776728390395788,1.0
2011-11-02,10.781000137329102,0.016596002139539934,1.9841269397782539e-07,1.0,5.0,0.8828199226576202,1.0
2011-11-03,10.91450023651123,0.012382904877246581,1.9841269397782539e-07,1.0,5.0,0.8636298036384179,1.0
2011-11-04,10.824000358581545,-0.008291710657254425,1.9841269397782539e-07,1.0,5.0,0.8791627612946966,1.0
2011-11-07,10.850000381469728,0.002402071510240633,1.9841269397782539e-07,1.0,5.0,0.8848945943628874,1.0
2011-11-08,10.899499893188477,0.004562166818287583,1.9841269397782539e-07,1.0,5.0,0.8773260530563805,1.0
2011-11-09,10.560999870300291,-0.031056472884570363,1.9841269397782539e-07,1.0,5.0,0.9060330312074534,1.0
2011-11-10,10.53950023651123,-0.0020357574143640145,1.9841269397782539e-07,1.0,5.0,0.9109070536914925,1.0
2011-11-11,10.869500160217283,0.03131077530250037,1.9841269397782539e-07,1.0,5.0,0.8879427743668623,1.0
2011-11-14,10.946499824523926,0.00708401151586191,1.9841269397782539e-07,1.0,5.0,0.8751286316622471,1.0
2011-11-15,10.89150047302246,-0.0050243778726647426,3.9682538795565474e-07,1.0,5.0,0.8862253672967745,1.0
2011-11-16,10.599499702453612,-0.026809967211782637,1.9841269397782539e-07,1.0,5.0,0.9153736227833703,1.0
2011-11-17,10.22599983215332,-0.035237499956137786,1.9841269397782539e-07,1.0,5.0,0.8997887605660353,1.0
2011-11-18,9.857000350952148,-0.036084440373344906,1.9841269397782539e-07,1.0,5.0,0.865843286292038,1.0
2011-11-21,9.462499618530272,-0.040022392043819854,1.9841269397782539e-07,1.0,5.0,0.8306529254506653,1.0
2011-11-22,9.616999626159668,0.016327610447332663,5.952380819334841e-07,1.0,5.0,0.8690203006092273,1.0
2011-11-23,9.44950008392334,-0.017417027009204,5.952380819334841e-07,1.0,5.0,0.8571380818129374,1.0
2011-11-25,9.119999885559082,-0.034869590500860914,1.9841269397782539e-07,1.0,5.0,0.8292430032563703,1.0
2011-11-28,9.707500457763672,0.06441892319920517,3.9682538795565474e-07,1.0,5.0,0.920411826001712,1.0
2011-11-29,9.419500350952148,-0.02966779224627203,5.952380819334841e-07,1.0,5.0,0.8908494729510321,1.0
2011-11-30,9.614500045776367,0.020701702591317206,5.952380819334841e-07,1.0,5.0,0.9225284537976131,1.0
2011-12-01,9.856499671936035,0.02517027666622962,5.952380819334841e-07,1.0,5.0,0.9419060857764249,1.0
2011-12-02,9.80150032043457,-0.005580008454528995,5.952380819334841e-07,1.0,5.0,0.9381703297512743,1.0
2011-12-05,9.812000274658203,0.0010712598969917497,5.952380819334841e-07,1.0,5.0,0.9421647601808639,1.0
2011-12-06,9.599499702453612,-0.02165721221527317,1.9841269397782539e-07,1.0,5.0,0.9290669372866782,1.0
2011-12-07,9.765999794006348,0.017344663442218744,1.9841269397782539e-07,1.0,5.0,0.9453014957006611,1.0
2011-12-08,9.52400016784668,-0.02477981069671842,1.9841269397782539e-07,1.0,5.0,0.9276310510792999,1.0
2011-12-09,9.65149974822998,0.013387187960552938,1.9841269397782539e-07,1.0,5.0,0.9438799138452788,1.0
2011-12-12,9.47599983215332,-0.018183693794204925,1.9841269397782539e-07,1.0,5.0,0.9336997522789319,1.0
2011-12-13,9.025500297546388,-0.04754110833543146,1.9841269397782539e-07,1.0,5.0,0.8822907054550331,1.0
2011-12-14,9.010499954223633,-0.0016619957706758282,1.9841269397782539e-07,1.0,5.0,0.884260529087228,1.0
2011-12-15,9.062999725341797,0.005826510336261137,1.9841269397782539e-07,1.0,5.0,0.9017723691881082,1.0
2011-12-16,9.062999725341797,0.0,1.9841269397782539e-07,1.0,5.0,0.908002042933792,1.0
2011-12-19,8.966500282287598,-0.010647627273381643,1.9841269397782539e-07,1.0,5.0,0.8954452918495506,1.0
2011-12-20,9.12600040435791,0.017788447783288364,1.9841269397782539e-07,1.0,5.0,0.9232828274140715,1.0
2011-12-21,8.717499732971191,-0.044762289424362556,1.9841269397782539e-07,1.0,5.0,0.8777357729693734,1.0
2011-12-22,8.951499938964844,0.02684258252496652,1.9841269397782539e-07,1.0,5.0,0.9203894709987321,1.0
2011-12-23,8.86400032043457,-0.009774855513252856,1.9841269397782539e-07,1.0,5.0,0.9133258639171193,1.0
2011-12-27,8.81350040435791,-0.005697192492225001,1.9841269397782539e-07,1.0,5.0,0.9047122248927172,1.0
2011-12-28,8.694499969482422,-0.013502062678370952,1.9841269397782539e-07,1.0,5.0,0.8940094099197456,1.0
2011-12-29,8.692999839782715,-0.00017253777732728626,1.9841269397782539e-07,1.0,5.0,0.9003284925769549,1.0
2011-12-30,8.654999732971191,-0.004371345624282541,1.9841269397782539e-07,1.0,5.0,0.8956229470500902,1.0
2012-01-03,8.951499938964844,0.03425767939242519,1.9841269397782539e-07,1.0,5.0,0.9356855265587481,1.0
2012-01-04,8.875499725341797,-0.008490221096045247,3.9682538795565474e-07,1.0,5.0,0.9294030082562941,1.0
2012-01-05,8.880499839782715,0.0005633614552025268,3.9682538795565474e-07,1.0,5.0,0.933710735524585,1.0
2012-01-06,9.130499839782717,0.028151568550235817,5.952380819334841e-07,1.0,5.0,0.9395111064760314,1.0
2012-01-09,8.928000450134277,-0.02217834655295914,1.9841269397782539e-07,1.0,5.0,0.9410749990536683,1.0
2012-01-10,8.967000007629395,0.004368229785934874,3.9682538795565474e-07,1.0,5.0,0.9425446081042052,1.0
2012-01-11,8.944999694824219,-0.002453475274501793,5.952380819334841e-07,1.0,5.0,0.9380857166564718,1.0
2012-01-12,8.796500205993652,-0.016601396746440567,7.936507759113135e-07,1.0,5.0,0.9214850210192328,1.0
2012-01-13,8.920999526977539,0.014153278925527424,7.936507759113135e-07,1.0,5.0,0.9384069894409403,1.0
2012-01-17,9.083000183105469,0.01815947368207249,7.936507759113135e-07,1.0,5.0,0.9412772974850938,1.0
2012-01-18,9.472000122070312,0.04282725213287897,9.92063506846389e-07,1.0,5.0,0.8940109738043038,1.0
2012-01-19,9.72249984741211,0.026446338905562028,1.5873015518226308e-06,1.0,5.0,0.8341843463840127,1.0
2012-01-20,9.546500205993652,-0.018102303335628678,1.5873015518226308e-06,1.0,5.0,0.9092428968270673,1.0
2012-01-23,9.304499626159668,-0.025349664757986057,1.3888888948020476e-06,1.0,5.0,0.9572210980202548,1.0
2012-01-24,9.350000381469728,0.004890188310839871,1.3888888948020476e-06,1.0,5.0,0.9525521990318133,1.0
2012-01-25,9.390000343322754,0.004278070611879237,1.3888888948020476e-06,1.0,5.0,0.9416820833982789,1.0
2012-01-26,9.666000366210938,0.029392972608829337,1.7857143566721944e-06,1.0,5.0,0.8901637103707919,1.0
2012-01-27,9.768500328063965,0.010604175250327197,1.984127013692778e-06,1.0,5.0,0.866304443293399,1.0
2012-01-30,9.607500076293944,-0.01648157305246567,1.7857143566721944e-06,1.0,5.0,0.9239792996545325,1.0
2012-01-31,9.722000122070312,0.011917777243519723,2.182539670713361e-06,1.0,5.0,0.88884097446927,1.0
2012-02-01,8.972999572753906,-0.07704181648959962,2.182539670713361e-06,1.0,5.0,0.90272288736039,1.0
2012-02-02,9.086000442504885,0.012593433091660833,2.9761905944536585e-06,1.0,5.0,0.8993476179704281,1.0
2012-02-03,9.383999824523926,0.03279764115187378,2.777777789604095e-06,1.0,5.0,0.8749800555772941,1.0
2012-02-06,9.156999588012695,-0.024190136482951874,2.5793649847545313e-06,1.0,5.0,0.9230655554718494,1.0
2012-02-07,9.209500312805176,0.0057333981822176305,3.1746031036452616e-06,1.0,5.0,0.9183717798532116,1.0
2012-02-08,9.27400016784668,0.007003621570197627,2.9761905944536585e-06,1.0,5.0,0.9108689735778868,1.0
2012-02-09,9.24899959564209,-0.002695770083255722,3.3730159084948255e-06,1.0,5.0,0.9031840873447706,1.0
2012-02-10,9.277000427246094,0.00302744435378699,3.1746031036452616e-06,1.0,5.0,0.9039712382003163,1.0
2012-02-13,9.579500198364258,0.032607497810362984,3.7698412225359962e-06,1.0,5.0,0.8549335989349419,1.0
2012-02-14,9.5649995803833,-0.001513713417265028,4.365079341426725e-06,1.0,5.0,0.8623158087306866,1.0
2012-02-15,9.22350025177002,-0.035703015535270555,4.166666536577163e-06,1.0,5.0,0.9196816188387458,1.0
2012-02-16,8.996500015258789,-0.024611072837306902,3.7698412225359962e-06,1.0,5.0,0.8954020266292251,1.0
2012-02-17,9.125,0.014283330686740925,2.9761905944536585e-06,1.0,5.0,0.8979613986089354,1.0
2012-02-21,9.11299991607666,-0.001315077690228983,2.777777789604095e-06,1.0,5.0,0.9040379831571732,1.0
2012-02-22,9.029000282287598,-0.009217561128347485,3.1746031036452616e-06,1.0,5.0,0.9170487718228073,1.0
2012-02-23,8.944499969482422,-0.009358767323436878,3.3730159084948255e-06,1.0,5.0,0.9127920951632451,1.0
2012-02-24,8.956500053405762,0.0013416159611250311,3.571428713344389e-06,1.0,5.0,0.9241169771908949,1.0
2012-02-27,8.92650032043457,-0.003349492859075487,3.96825402738556e-06,1.0,5.0,0.9176036155474193,1.0
2012-02-28,9.1899995803833,0.02951876440821133,3.7698412225359962e-06,1.0,5.0,0.9151141566607274,1.0
2012-02-29,8.98449993133545,-0.022361225074101765,2.9761905944536585e-06,1.0,5.0,0.9305531722113966,1.0
2012-03-01,9.001999855041504,0.0019477905103009174,2.777777789604095e-06,1.0,5.0,0.9228996299298905,1.0
2012-03-02,8.96500015258789,-0.0041101647466581515,2.3809523277339444e-06,1.0,5.0,0.9313700828049701,1.0
2012-03-05,9.012999534606934,0.005354086023655835,2.3809523277339444e-06,1.0,5.0,0.9311588286396425,1.0
2012-03-06,9.054499626159668,0.004604470619729684,2.777777789604095e-06,1.0,5.0,0.9281373218594127,1.0
2012-03-07,9.18850040435791,0.014799357637731436,2.9761905944536585e-06,1.0,5.0,0.9225447892141082,1.0
2012-03-08,9.381999969482422,0.021058884106130993,2.9761905944536585e-06,1.0,5.0,0.8916234126442119,1.0
2012-03-09,9.215999603271484,-0.017693494644095087,3.1746031036452616e-06,1.0,5.0,0.9273145794013696,1.0
2012-03-12,9.169500350952148,-0.005045492005319674,2.9761905944536585e-06,1.0,5.0,0.930450234263692,1.0
2012-03-13,9.229499816894531,0.0065433735368309875,3.1746031036452616e-06,1.0,5.0,0.9150698755453034,1.0
2012-03-14,9.11299991607666,-0.012622558440774756,3.1746031036452616e-06,1.0,5.0,0.9254302493852853,1.0
2012-03-15,9.221500396728516,0.011906121107325474,2.9761905944536585e-06,1.0,5.0,0.9049392529005794,1.0
2012-03-16,9.2524995803833,0.0033616203785864496,3.1746031036452616e-06,1.0,5.0,0.8884885391258253,1.0
2012-03-19,9.276000022888184,0.0025399020341170253,2.9761905944536585e-06,1.0,5.0,0.8780222435613486,1.0
2012-03-20,9.616499900817873,0.036707619349883425,3.7698412225359962e-06,1.0,5.0,0.812789710227292,1.0
2012-03-21,9.58650016784668,-0.003119610386377869,3.3730159084948255e-06,1.0,5.0,0.8514609286488578,1.0
2012-03-22,9.619999885559082,0.003494467962850578,2.777777789604095e-06,1.0,5.0,0.846505838601538,1.0
2012-03-23,9.751999855041504,0.013721410712340232,2.777777789604095e-06,1.0,5.0,0.8113456979474536,1.0
2012-03-26,10.143500328063965,0.040145660258605,2.777777789604095e-06,1.0,5.0,0.6910806887351214,1.0
2012-03-27,10.272000312805176,0.012668209255703555,3.1746031036452616e-06,1.0,5.0,0.6730310022026624,1.0
2012-03-28,10.05799961090088,-0.020833401030714516,2.9761905944536585e-06,1.0,5.0,0.796146093122597,1.0
2012-03-29,10.23050022125244,0.017150588290399504,2.182539670713361e-06,1.0,5.0,0.7405308748113985,1.0
2012-03-30,10.125499725341797,-0.010263476236725855,2.5793649847545313e-06,1.0,5.0,0.8109314520667384,1.0
2012-04-02,9.90250015258789,-0.022023562174989686,2.3809523277339444e-06,1.0,5.0,0.8899532429279862,1.0
2012-04-03,9.982999801635742,0.008129224721780348,2.9761905944536585e-06,1.0,5.0,0.8736280086434627,1.0
2012-04-04,9.69950008392334,-0.028398249358469352,2.777777789604095e-06,1.0,5.0,0.9241159092367487,1.0
2012-04-05,9.719499588012695,0.002061910811517409,2.777777789604095e-06,1.0,5.0,0.9197389041378248,1.0
2012-04-09,9.593500137329102,-0.012963573848903898,2.9761905944536585e-06,1.0,5.0,0.9247712811565835,1.0
2012-04-10,9.348999977111816,-0.025486022485778137,3.3730159084948255e-06,1.0,5.0,0.915947292346547,1.0
2012-04-11,9.398500442504885,0.005294733716360467,3.3730159084948255e-06,1.0,5.0,0.9145311102775806,1.0
2012-04-12,9.534500122070312,0.014470359436316693,3.3730159084948255e-06,1.0,5.0,0.9241575028213153,1.0
2012-04-13,9.42300033569336,-0.011694350511240237,3.1746031036452616e-06,1.0,5.0,0.926652906402121,1.0
2012-04-16,9.274999618530272,-0.015706326211459065,2.9761905944536585e-06,1.0,5.0,0.9206998362353649,1.0
2012-04-17,9.419500350952148,0.015579594432886257,2.9761905944536585e-06,1.0,5.0,0.9271986068627259,1.0
2012-04-18,9.553500175476074,0.014225789004868039,2.5793649847545313e-06,1.0,5.0,0.9216148982301343,1.0
2012-04-19,9.55500030517578,0.00015702409296602937,2.5793649847545313e-06,1.0,5.0,0.9128994955508584,1.0
2012-04-20,9.49899959564209,-0.0058608799314590065,2.5793649847545313e-06,1.0,5.0,0.9047630063520122,1.0
2012-04-23,9.411999702453612,-0.009158847972621453,2.777777789604095e-06,1.0,5.0,0.9162333424367194,1.0
2012-04-24,9.51650047302246,0.011102929650710136,3.1746031036452616e-06,1.0,5.0,0.914546524651697,1.0
2012-04-25,9.720999717712402,0.02148891236538697,3.3730159084948255e-06,1.0,5.0,0.8919723741139485,1.0
2012-04-26,9.799500465393066,0.008075378043436165,3.3730159084948255e-06,1.0,5.0,0.8656663522297036,1.0
2012-04-27,11.342499732971191,0.157456930894307,3.3730159084948255e-06,1.0,5.0,0.4054326825761034,1.0
2012-04-30,11.595000267028809,0.02226145382429512,3.571428713344389e-06,1.0,5.0,0.3874199651176866,1.0
2012-05-01,11.501999855041504,-0.00802073392372038,3.3730159084948255e-06,1.0,5.0,0.4071843812332857,1.0
2012-05-02,11.512499809265137,0.0009128807473450795,3.1746031036452616e-06,1.0,5.0,0.4258144360377374,1.0
2012-05-03,11.47249984741211,-0.0034744810002806936,2.9761905944536585e-06,1.0,5.0,0.46084055956588227,1.0
2012-05-04,11.19950008392334,-0.023796013695336904,2.777777789604095e-06,1.0,5.0,0.587210767498266,1.0
2012-05-07,11.258000373840332,0.00522347332279316,2.9761905944536585e-06,1.0,5.0,0.5938934532666746,1.0
2012-05-08,11.19499969482422,-0.0055960807358386155,3.571428713344389e-06,1.0,5.0,0.6480564153188287,1.0
2012-05-09,11.14900016784668,-0.004108935080972653,3.571428713344389e-06,1.0,5.0,0.6944588094159265,1.0
2012-05-10,11.334500312805176,0.016638276272833208,3.571428713344389e-06,1.0,5.0,0.6371166002259632,1.0
2012-05-11,11.383999824523926,0.004367154294647513,3.571428713344389e-06,1.0,5.0,0.6426152672624278,1.0
2012-05-14,11.146499633789062,-0.020862631271587828,3.3730159084948255e-06,1.0,5.0,0.7650751792374816,1.0
2012-05-15,11.219499588012695,0.006549137094334467,3.571428713344389e-06,1.0,5.0,0.746581984305155,1.0
2012-05-16,11.20300006866455,-0.0014706109856961191,3.7698412225359962e-06,1.0,5.0,0.7673766835163035,1.0
2012-05-17,10.91800022125244,-0.025439600612810143,3.571428713344389e-06,1.0,5.0,0.8457077582856712,1.0
2012-05-18,10.692500114440918,-0.02065397529234103,2.9761905944536585e-06,1.0,5.0,0.8701023108844095,1.0
2012-05-21,10.905500411987305,0.019920532641259037,2.3809523277339444e-06,1.0,5.0,0.8605704833487423,1.0
2012-05-22,10.76650047302246,-0.012745856101390562,3.3730159084948255e-06,1.0,5.0,0.878906212484074,1.0
2012-05-23,10.86400032043457,0.00905585316755575,3.1746031036452616e-06,1.0,5.0,0.8823445976641067,1.0
2012-05-24,10.76200008392334,-0.009388828562474694,3.571428713344389e-06,1.0,5.0,0.8982377292411989,1.0
2012-05-25,10.64449977874756,-0.010918073244703397,3.1746031036452616e-06,1.0,5.0,0.9016133172622962,1.0
2012-05-29,10.737500190734863,0.008736945269423035,2.9761905944536585e-06,1.0,5.0,0.8955198898568676,1.0
2012-05-30,10.46150016784668,-0.025704309009124682,2.5793649847545313e-06,1.0,5.0,0.9112313327967031,1.0
2012-05-31,10.645500183105469,0.01758830113336063,2.3809523277339444e-06,1.0,5.0,0.9138254380759109,1.0
2012-06-01,10.41100025177002,-0.02202808015612112,2.5793649847545313e-06,1.0,5.0,0.9207682396321836,1.0
2012-06-04,10.728500366210938,0.030496600399845253,2.5793649847545313e-06,1.0,5.0,0.9088529103641886,1.0
2012-06-05,10.660499572753906,-0.006338331652688156,3.1746031036452616e-06,1.0,5.0,0.9167577647000807,1.0
2012-06-06,10.881999969482422,0.020777675118962113,3.1746031036452616e-06,1.0,5.0,0.8800534885586166,1.0
2012-06-07,10.9399995803833,0.005329866850168452,3.1746031036452616e-06,1.0,5.0,0.8672335097815619,1.0
2012-06-08,10.923999786376951,-0.0014625040786142574,3.1746031036452616e-06,1.0,5.0,0.8740894013572168,1.0
2012-06-11,10.824999809265137,-0.009062612508952572,2.9761905944536585e-06,1.0,5.0,0.8924239364974498,1.0
2012-06-12,10.821000099182127,-0.00036948823588767166,3.571428713344389e-06,1.0,5.0,0.8917352912959766,1.0
2012-06-13,10.736499786376951,-0.007808918956720312,3.571428713344389e-06,1.0,5.0,0.8972237637684997,1.0
2012-06-14,10.72249984741211,-0.0013039574575883783,3.7698412225359962e-06,1.0,5.0,0.8953598450953857,1.0
2012-06-15,10.917499542236328,0.018186029153572925,3.3730159084948255e-06,1.0,5.0,0.8720648754264876,1.0
2012-06-18,11.133000373840332,0.019739028224393218,2.9761905944536585e-06,1.0,5.0,0.8248039388486008,1.0
2012-06-19,11.201499938964844,0.00615283956025614,3.571428713344389e-06,1.0,5.0,0.8084101046856761,1.0
2012-06-20,11.151000022888184,-0.004508317310344734,3.1746031036452616e-06,1.0,5.0,0.8258898685448867,1.0
2012-06-21,11.028499603271484,-0.010985599440880511,2.9761905944536585e-06,1.0,5.0,0.8605574596405917,1.0
2012-06-22,11.107999801635742,0.00720861415642382,2.9761905944536585e-06,1.0,5.0,0.8419431938156086,1.0
2012-06-25,11.003499984741213,-0.009407617821449832,2.9761905944536585e-06,1.0,5.0,0.8608580224545995,1.0
2012-06-26,11.280500411987305,0.025173847196820587,3.7698412225359962e-06,1.0,5.0,0.8057907690335202,1.0
2012-06-27,11.281000137329102,4.429992673604666e-05,3.1746031036452616e-06,1.0,5.0,0.807238684562812,1.0
2012-06-28,11.065500259399414,-0.019102905354693944,2.9761905944536585e-06,1.0,5.0,0.863656031320658,1.0
2012-06-29,11.417499542236328,0.03181051688448644,3.1746031036452616e-06,1.0,5.0,0.78382244166354,1.0
2012-07-02,11.465999603271484,0.004247870635399886,2.777777789604095e-06,1.0,5.0,0.7621063468968168,1.0
2012-07-03,11.476499557495115,0.0009157469550788999,2.9761905944536585e-06,1.0,5.0,0.7485947860353395,1.0
2012-07-05,11.352999687194824,-0.010761109664282231,2.9761905944536585e-06,1.0,5.0,0.8046216828357922,1.0
2012-07-06,11.2524995803833,-0.008852295391576392,2.777777789604095e-06,1.0,5.0,0.8393463221450896,1.0
2012-07-09,11.2524995803833,0.0,2.777777789604095e-06,1.0,5.0,0.8328836811815334,1.0
2012-07-10,10.975000381469728,-0.02466111613079658,3.571428713344389e-06,1.0,5.0,0.8792880076156003,1.0
2012-07-11,10.918499946594238,-0.005148103226573553,3.571428713344389e-06,1.0,5.0,0.8809264969974869,1.0
2012-07-12,10.767999649047852,-0.01378397200004855,3.7698412225359962e-06,1.0,5.0,0.8838606635263554,1.0
2012-07-13,10.919500350952148,0.014069530724556856,3.571428713344389e-06,1.0,5.0,0.8745960140701775,1.0
2012-07-16,10.80049991607666,-0.010897974362454432,3.3730159084948255e-06,1.0,5.0,0.8805825096641888,1.0
2012-07-17,10.846500396728516,0.0042591066162949165,3.7698412225359962e-06,1.0,5.0,0.870968936636228,1.0
2012-07-18,10.873499870300291,0.0024892336315147645,3.3730159084948255e-06,1.0,5.0,0.8637751327452304,1.0
2012-07-19,11.308500289916992,0.04000555707043829,3.1746031036452616e-06,1.0,5.0,0.8080857544809231,1.0
2012-07-20,11.41450023651123,0.009373475162639533,3.3730159084948255e-06,1.0,5.0,0.783902193294167,1.0
2012-07-23,11.30049991607666,-0.009987324724907376,3.571428713344389e-06,1.0,5.0,0.8064461325605194,1.0
2012-07-24,11.152000427246094,-0.013140966323029968,3.7698412225359962e-06,1.0,5.0,0.8470560885732414,1.0
2012-07-25,10.852499961853027,-0.02685620999989735,3.7698412225359962e-06,1.0,5.0,0.8899656391974277,1.0
2012-07-26,11.000499725341797,0.013637388989541144,3.96825402738556e-06,1.0,5.0,0.8758570955388869,1.0
2012-07-27,11.866000175476074,0.07867828478195671,3.96825402738556e-06,1.0,5.0,0.6678852040316817,1.0
2012-07-30,11.804499626159668,-0.005182921659103945,3.571428713344389e-06,1.0,5.0,0.719132776152469,1.0
2012-07-31,11.664999961853027,-0.011817499150705069,3.96825402738556e-06,1.0,5.0,0.7838324789209573,1.0
2012-08-01,11.604499816894531,-0.0051864676516368835,3.571428713344389e-06,1.0,5.0,0.812944962277364,1.0
2012-08-02,11.540499687194824,-0.005515113163820473,3.3730159084948255e-06,1.0,5.0,0.835613977792343,1.0
2012-08-03,11.748499870300291,0.018023498872952626,2.9761905944536585e-06,1.0,5.0,0.7906437753748455,1.0
2012-08-06,11.69950008392334,-0.004170727064552349,2.9761905944536585e-06,1.0,5.0,0.8119935027594474,1.0
2012-08-07,11.82800006866455,0.010983373974909227,3.96825402738556e-06,1.0,5.0,0.7856449520896637,1.0
2012-08-08,11.718999862670898,-0.009215438397098263,4.166666536577163e-06,1.0,5.0,0.8173705201584686,1.0
2012-08-09,11.70300006866455,-0.0013652866450927226,4.365079341426725e-06,1.0,5.0,0.8203394206899509,1.0
2012-08-10,11.637499809265137,-0.005596877639503339,3.7698412225359962e-06,1.0,5.0,0.8318120955609497,1.0
2012-08-13,11.621999740600586,-0.0013319071036383967,3.7698412225359962e-06,1.0,5.0,0.8330822385510447,1.0
2012-08-14,11.659500122070312,0.0032266720277682737,4.166666536577163e-06,1.0,5.0,0.8202661417468942,1.0
2012-08-15,11.871000289916992,0.01813972860177171,3.1746031036452616e-06,1.0,5.0,0.7909170805391753,1.0
2012-08-16,12.077500343322754,0.017395337238864217,2.9761905944536585e-06,1.0,5.0,0.751835625558788,1.0
2012-08-17,12.058500289916992,-0.001573177633256373,3.1746031036452616e-06,1.0,5.0,0.7650268599579931,1.0
2012-08-20,12.017499923706056,-0.003400121509738563,3.3730159084948255e-06,1.0,5.0,0.7788591582750476,1.0
2012-08-21,11.97249984741211,-0.0037445455859899113,4.166666536577163e-06,1.0,5.0,0.7895737293416155,1.0
2012-08-22,12.154999732971191,0.0152432564531233,3.96825402738556e-06,1.0,5.0,0.7586119021562506,1.0
2012-08-23,12.0600004196167,-0.007815657378979712,3.7698412225359962e-06,1.0,5.0,0.7858325474219028,1.0
2012-08-24,12.286999702453612,0.018822493776009974,3.571428713344389e-06,1.0,5.0,0.7442249168444447,1.0
2012-08-27,12.196000099182127,-0.007406169567442333,3.7698412225359962e-06,1.0,5.0,0.7735497875798996,1.0
2012-08-28,12.305500030517578,0.008978347855441049,3.96825402738556e-06,1.0,5.0,0.7537021457978126,1.0
2012-08-29,12.355999946594238,0.004103849169186269,3.7698412225359962e-06,1.0,5.0,0.7434358011030726,1.0
2012-08-30,12.310999870300291,-0.0036419615157371465,3.571428713344389e-06,1.0,5.0,0.7619298947897339,1.0
2012-08-31,12.41349983215332,0.008325884406863215,3.3730159084948255e-06,1.0,5.0,0.7439245365275419,1.0
2012-09-04,12.394000053405762,-0.0015708526210352902,3.571428713344389e-06,1.0,5.0,0.7527619028652418,1.0
2012-09-05,12.310999870300291,-0.006696803513621341,3.96825402738556e-06,1.0,5.0,0.775201390332595,1.0
2012-09-06,12.569000244140623,0.020956898428920123,3.96825402738556e-06,1.0,5.0,0.7331597165096821,1.0
2012-09-07,12.95699977874756,0.030869562182387122,3.96825402738556e-06,1.0,5.0,0.6544691643062259,1.0
2012-09-10,12.854499816894531,-0.00791077900774162,3.7698412225359962e-06,1.0,5.0,0.7019070711165145,1.0
2012-09-11,12.783499717712402,-0.005523365373486855,3.96825402738556e-06,1.0,5.0,0.7291531815536185,1.0
2012-09-12,12.781499862670898,-0.00015644033994333117,3.7698412225359962e-06,1.0,5.0,0.7354366828567368,1.0
2012-09-13,13.01200008392334,0.018033894592107247,3.7698412225359962e-06,1.0,5.0,0.6924187775349446,1.0
2012-09-14,13.06350040435791,0.00395790962975795,3.7698412225359962e-06,1.0,5.0,0.6910123802718051,1.0
2012-09-17,12.899999618530272,-0.01251584803205541,3.571428713344389e-06,1.0,5.0,0.7442523714325567,1.0
2012-09-18,12.9375,0.002907006401446699,3.96825402738556e-06,1.0,5.0,0.7395241942081137,1.0
2012-09-19,13.083999633789062,0.011323643191425203,4.166666536577163e-06,1.0,5.0,0.7149661306943635,1.0
2012-09-20,13.040499687194824,-0.003324667365619649,4.166666536577163e-06,1.0,5.0,0.7252886721255247,1.0
2012-09-21,12.873499870300291,-0.012806243694673647,3.96825402738556e-06,1.0,5.0,0.7737025291377475,1.0
2012-09-24,12.739999771118164,-0.010370148019352321,3.7698412225359962e-06,1.0,5.0,0.7946602603393131,1.0
2012-09-25,12.623000144958496,-0.009183644290552406,4.166666536577163e-06,1.0,5.0,0.8121009531047035,1.0
2012-09-26,12.48349952697754,-0.011051304474290924,3.96825402738556e-06,1.0,5.0,0.8245254440210168,1.0
2012-09-27,12.829500198364258,0.027716640725542474,3.3730159084948255e-06,1.0,5.0,0.7932325953019961,1.0
2012-09-28,12.715999603271484,-0.008846844642260043,3.571428713344389e-06,1.0,5.0,0.8109168512465562,1.0
2012-10-01,12.600500106811523,-0.009083005667147592,3.1746031036452616e-06,1.0,5.0,0.8229047249224668,1.0
2012-10-02,12.529999732971191,-0.005595045692053269,3.571428713344389e-06,1.0,5.0,0.8262839583451459,1.0
2012-10-03,12.79599952697754,0.02122903429170897,3.3730159084948255e-06,1.0,5.0,0.7998475123144777,1.0
2012-10-04,13.023500442504885,0.017779065640609604,3.7698412225359962e-06,1.0,5.0,0.7624618813239491,1.0
2012-10-05,12.92549991607666,-0.007524899074628166,3.96825402738556e-06,1.0,5.0,0.7860773088977747,1.0
2012-10-08,12.95300006866455,0.0021275890887351157,3.7698412225359962e-06,1.0,5.0,0.778342621773681,1.0
2012-10-09,12.54800033569336,-0.031266867198661785,3.7698412225359962e-06,1.0,5.0,0.8476829726534022,1.0
2012-10-10,12.249500274658203,-0.02378865580566325,3.7698412225359962e-06,1.0,5.0,0.8600884168105295,1.0
2012-10-11,12.211000442504885,-0.0031429716551757414,3.7698412225359962e-06,1.0,5.0,0.8587145470078921,1.0
2012-10-12,12.118000030517578,-0.007616117321852189,3.96825402738556e-06,1.0,5.0,0.8527042469323005,1.0
2012-10-15,12.208999633789062,0.0075094572571641205,3.7698412225359962e-06,1.0,5.0,0.8607423559969662,1.0
2012-10-16,12.196999549865724,-0.0009828883842478708,3.96825402738556e-06,1.0,5.0,0.8588176027987957,1.0
2012-10-17,12.374500274658203,0.014552818836041759,4.166666536577163e-06,1.0,5.0,0.8536846939250902,1.0
2012-10-18,12.24250030517578,-0.010667094957583667,3.7698412225359962e-06,1.0,5.0,0.8603230526591121,1.0
2012-10-19,12.0,-0.019808070176094428,3.571428713344389e-06,1.0,5.0,0.8636989553945515,1.0
2012-10-22,11.689000129699709,-0.025916655858357562,3.571428713344389e-06,1.0,5.0,0.8589512626066091,1.0
2012-10-23,11.715499877929688,0.0022670671516760166,3.96825402738556e-06,1.0,5.0,0.8674245117111726,1.0
2012-10-24,11.424500465393066,-0.024838838766480853,4.166666536577163e-06,1.0,5.0,0.8539597463001973,1.0
2012-10-25,11.145999908447266,-0.024377482218100543,4.365079341426725e-06,1.0,5.0,0.8356141933133554,1.0
2012-10-26,11.911999702453612,0.06872418807628144,4.166666536577163e-06,1.0,5.0,0.8944554143077389,1.0
2012-10-31,11.64449977874756,-0.02245634069743574,4.166666536577163e-06,1.0,5.0,0.8967210769714592,1.0
2012-11-01,11.607000350952148,-0.0032203554045191485,3.571428713344389e-06,1.0,5.0,0.8905787203423929,1.0
2012-11-02,11.621000289916992,0.001206163396358928,3.571428713344389e-06,1.0,5.0,0.8787148066577477,1.0
2012-11-05,11.716500282287598,0.008217880560029478,3.571428713344389e-06,1.0,5.0,0.8954232333590831,1.0
2012-11-06,11.878000259399414,0.013783977571866224,3.96825402738556e-06,1.0,5.0,0.8978861762053794,1.0
2012-11-07,11.602999687194824,-0.02315209346682523,3.571428713344389e-06,1.0,5.0,0.9074927527895945,1.0
2012-11-08,11.36750030517578,-0.02029642233628115,3.3730159084948255e-06,1.0,5.0,0.8946761127936278,1.0
2012-11-09,11.315500259399414,-0.004574448592949643,3.571428713344389e-06,1.0,5.0,0.8888362894592193,1.0
2012-11-12,11.32349967956543,0.0007069435714404104,3.452380853039877e-06,1.0,5.0,0.8849512927872281,1.0
2012-11-13,11.329999923706056,0.0005740490417778243,3.3730159084948255e-06,1.0,5.0,0.8893064427575613,1.0
2012-11-14,11.147500038146973,-0.016107668736805025,3.7698412225359962e-06,1.0,5.0,0.8755894708518625,1.0
2012-11-15,11.029999732971191,-0.010540507268328558,2.9761905944536585e-06,1.0,5.0,0.8706732716351128,1.0
2012-11-16,11.261500358581545,0.02098827118901414,2.9761905944536585e-06,1.0,5.0,0.8927916219333765,1.0
2012-11-19,11.48550033569336,0.019890775649722414,2.9761905944536585e-06,1.0,5.0,0.8879842758871758,1.0
2012-11-20,11.689000129699709,0.01771797379814055,3.3730159084948255e-06,1.0,5.0,0.8814200475107505,1.0
2012-11-21,11.90149974822998,0.018179452149234443,3.571428713344389e-06,1.0,5.0,0.8567273570090213,1.0
2012-11-23,11.994000434875488,0.0077721874219478515,3.571428713344389e-06,1.0,5.0,0.8395199233312296,1.0
2012-11-26,12.180999755859377,0.01559107171950247,3.571428713344389e-06,1.0,5.0,0.805249906811041,1.0
2012-11-27,12.170000076293944,-0.0009030194389538782,3.7698412225359962e-06,1.0,5.0,0.8209566946537439,1.0
2012-11-28,12.35550022125244,0.015242411158224556,3.650793657889441e-06,1.0,5.0,0.7825056615197497,1.0
2012-11-29,12.56350040435791,0.016834622587573955,3.1746031036452616e-06,1.0,5.0,0.7453858350723812,1.0
2012-11-30,12.602499961853027,0.0031041951876396023,2.9761905944536585e-06,1.0,5.0,0.7400762153477318,1.0
2012-12-03,12.51650047302246,-0.006824002308342236,3.0555555389987068e-06,1.0,5.0,0.7871850986180097,1.0
2012-12-04,12.624500274658203,0.008628594060178685,3.571428713344389e-06,1.0,5.0,0.7641179930659128,1.0
2012-12-05,12.697999954223633,0.005821987244356119,3.571428713344389e-06,1.0,5.0,0.7537856483120712,1.0
2012-12-06,12.668499946594238,-0.0023232011132259256,3.571428713344389e-06,1.0,5.0,0.7718946252741244,1.0
2012-12-07,12.66349983215332,-0.0003946887525749787,3.1746031036452616e-06,1.0,5.0,0.7827235453713292,1.0
2012-12-10,12.388500213623049,-0.021715925468884456,2.9761905944536585e-06,1.0,5.0,0.8497882823569546,1.0
2012-12-11,12.534500122070312,0.011785115706477,2.9761905944536585e-06,1.0,5.0,0.8305280923697419,1.0
2012-12-12,12.588000297546388,0.004268233671470778,2.3809523277339444e-06,1.0,5.0,0.8221040784935859,1.0
2012-12-13,12.5625,-0.002025762388276897,2.0634921060668095e-06,1.0,5.0,0.8267327244848728,1.0
2012-12-14,12.459500312805176,-0.008198980075209916,9.92063506846389e-07,1.0,5.0,0.8384889884454036,1.0
2012-12-17,12.692999839782717,0.01874068149727992,8.730158682853453e-07,1.0,5.0,0.8111768777478716,1.0
2012-12-18,13.020000457763672,0.025762280162965334,2.182539670713361e-06,1.0,5.0,0.7573704074158719,1.0
2012-12-19,12.899499893188477,-0.009255035356265484,1.7857143566721944e-06,1.0,5.0,0.7929311641478766,1.0
2012-12-20,13.074999809265137,0.013605172102007845,1.984127013692778e-06,1.0,5.0,0.7628387671358453,1.0
2012-12-21,12.845999717712402,-0.017514347601784386,1.984127013692778e-06,1.0,5.0,0.8185695133386304,1.0
2012-12-24,12.930999755859377,0.006616848825691246,1.984127013692778e-06,1.0,5.0,0.8036472199001938,1.0
2012-12-26,12.431500434875488,-0.03862805122686297,2.182539670713361e-06,1.0,5.0,0.8722686093964296,1.0
2012-12-27,12.415499687194824,-0.001287113149734953,2.777777789604095e-06,1.0,5.0,0.871649346450841,1.0
2012-12-28,12.258999824523926,-0.012605200484384071,3.9682538795565474e-07,1.0,5.0,0.8738235307069949,1.0
2012-12-31,12.543499946594238,0.023207449722054463,1.3888888948020476e-06,1.0,5.0,0.8657139979542984,1.0
2013-01-02,12.865500450134276,0.025670706334834925,2.182539670713361e-06,1.0,0.0,0.8280643007079546,1.0
2013-01-03,12.923999786376951,0.004546992670002581,2.5793649847545313e-06,1.0,0.0,0.8193582732885717,1.0
2013-01-04,12.957500457763672,0.002592128748101219,2.5793649847545313e-06,1.0,0.0,0.8095852690290559,1.0
2013-01-07,13.42300033569336,0.03592512919038926,2.3015872353599167e-06,1.0,0.0,0.6989189994310093,1.0
2013-01-08,13.319000244140623,-0.0077479020302329005,2.3809523277339444e-06,1.0,0.0,0.7489261871722924,1.0
2013-01-09,13.317500114440918,-0.0001126308035293011,2.182539670713361e-06,1.0,0.0,0.7703199164946929,1.0
2013-01-10,13.267000198364258,-0.003791996669247233,2.182539670713361e-06,1.0,0.0,0.7935406487588008,1.0
2013-01-11,13.397000312805176,0.009798757254631418,2.5000000402094805e-06,1.0,0.0,0.7621279082828349,1.0
2013-01-14,13.636500358581545,0.017877139671889752,2.3809523277339444e-06,1.0,0.0,0.7085964156804919,1.0
2013-01-15,13.595000267028809,-0.0030433095340784977,3.1746031036452616e-06,1.0,0.0,0.7285567712714309,1.0
2013-01-16,13.446499824523926,-0.010923165839505922,2.857142734149143e-06,1.0,0.0,0.7809098478649925,1.0
2013-01-17,13.52400016784668,0.005763607208874255,2.777777789604095e-06,1.0,0.0,0.7706376592115555,1.0
2013-01-18,13.605999946594238,0.006063278447933751,2.777777789604095e-06,1.0,0.0,0.7580840606642731,1.0
2013-01-22,13.509499549865724,-0.007092488395361918,2.3809523277339444e-06,1.0,0.0,0.7886268495503247,1.0
2013-01-23,13.405500411987305,-0.007698222831611368,2.777777789604095e-06,1.0,0.0,0.8133834060470271,1.0
2013-01-24,13.67300033569336,0.01995448998433913,2.9761905944536585e-06,1.0,0.0,0.7668310938013696,1.0
2013-01-25,14.19950008392334,0.03850652638803442,2.777777789604095e-06,1.0,0.0,0.6438548075485322,1.0
2013-01-28,13.802000045776367,-0.027993945969761458,2.3809523277339444e-06,1.0,0.0,0.7825522709847503,1.0
2013-01-29,13.017499923706056,-0.05683959712131581,2.5000000402094805e-06,1.0,0.0,0.9071282232306205,1.0
2013-01-30,13.637999534606934,0.04766657303918165,2.3809523277339444e-06,1.0,0.0,0.8329003077180104,1.0
2013-01-31,13.274999618530272,-0.026616800737933488,2.5793649847545313e-06,1.0,0.0,0.8943437736290433,1.0
2013-02-01,13.25,-0.0018832104895412094,2.3809523277339444e-06,1.0,0.0,0.896789094307412,1.0
2013-02-04,12.99899959564209,-0.018943426743993186,2.182539670713361e-06,1.0,0.0,0.906288922456401,1.0
2013-02-05,13.344499588012695,0.026578967852759483,2.777777789604095e-06,1.0,0.0,0.8916825390272255,1.0
2013-02-06,13.111000061035156,-0.01749781064756384,2.5793649847545313e-06,1.0,0.0,0.9098312477300875,1.0
2013-02-07,13.011500358581545,-0.007589024635070829,2.5793649847545313e-06,1.0,0.0,0.9182740835689067,1.0
2013-02-08,13.09749984741211,0.006609498248512535,2.5793649847545313e-06,1.0,0.0,0.9103919509201229,1.0
2013-02-11,12.86050033569336,-0.018095019238773102,2.5793649847545313e-06,1.0,0.0,0.9107409335073092,1.0
2013-02-12,12.9350004196167,0.005792938220029464,3.2936506682918174e-06,1.0,0.0,0.9121249928728338,1.0
2013-02-13,13.47350025177002,0.041631218761821964,3.3730159084948255e-06,1.0,0.0,0.8584340271701897,1.0
2013-02-14,13.461999893188477,-0.0008535538922064267,3.7698412225359962e-06,1.0,0.0,0.8694135587455353,1.0
2013-02-15,13.25450038909912,-0.015413720527092556,3.7698412225359962e-06,1.0,0.0,0.9050073883915093,1.0
2013-02-19,13.487500190734863,0.017578919974031493,3.96825402738556e-06,1.0,0.0,0.8682459070193681,1.0
2013-02-20,13.320500373840332,-0.012381821281400307,4.563492146276289e-06,1.0,0.0,0.8981808927937196,1.0
2013-02-21,13.29699993133545,-0.0017642312109411584,4.761904655467893e-06,1.0,0.0,0.8996589844863774,1.0
2013-02-22,13.270999908447266,-0.001955330000935951,4.761904655467893e-06,1.0,0.0,0.9022095798127487,1.0
2013-02-25,12.993499755859377,-0.020910267086299505,4.563492146276289e-06,1.0,0.0,0.9166881609683838,1.0
2013-02-26,12.968000411987305,-0.0019624692616454498,4.365079341426725e-06,1.0,0.0,0.9166823694179006,1.0
2013-02-27,13.162500381469728,0.014998454912341863,3.96825402738556e-06,1.0,0.0,0.9072504950847099,1.0
2013-02-28,13.213500022888184,0.0038746165196890114,3.96825402738556e-06,1.0,0.0,0.8999737309337477,1.0
2013-03-01,13.286999702453612,0.0055624686448036975,3.96825402738556e-06,1.0,0.0,0.8873047202632235,1.0
2013-03-04,13.655500411987305,0.027733929238038968,3.3730159084948255e-06,1.0,0.0,0.8168997189362346,1.0
2013-03-05,13.779500007629396,0.009080560353045719,3.3730159084948255e-06,1.0,0.0,0.7868918980343415,1.0
2013-03-06,13.689499855041504,-0.006531452704239049,3.650793657889441e-06,1.0,0.0,0.8216488763815437,1.0
2013-03-07,13.694000244140623,0.00032874751793521284,3.571428713344389e-06,1.0,0.0,0.8193141263032763,1.0
2013-03-08,13.709500312805176,0.0011318875703383302,3.452380853039877e-06,1.0,0.0,0.8141493791530212,1.0
2013-03-11,13.562000274658203,-0.0107589653000848,3.452380853039877e-06,1.0,0.0,0.8529614722156938,1.0
2013-03-12,13.706500053405762,0.010654754152864099,3.650793657889441e-06,1.0,0.0,0.8295811317614611,1.0
2013-03-13,13.755000114440918,0.003538471589842773,3.3730159084948255e-06,1.0,0.0,0.8185779674787326,1.0
2013-03-14,13.286999702453612,-0.034024020944643185,3.571428713344389e-06,1.0,0.0,0.8983441164616627,1.0
2013-03-15,13.090999603271484,-0.014751268425627573,3.2936506682918174e-06,1.0,0.0,0.9101927594913087,1.0
2013-03-18,12.89449977874756,-0.015010299478950273,2.857142734149143e-06,1.0,0.0,0.9098081483363919,1.0
2013-03-19,12.820500373840332,-0.005738834865792408,2.777777789604095e-06,1.0,0.0,0.9088803307518395,1.0
2013-03-20,12.86400032043457,0.0033929991284114003,2.5000000402094805e-06,1.0,0.0,0.9074259525342029,1.0
2013-03-21,12.669500350952148,-0.015119711181401096,2.3809523277339444e-06,1.0,0.0,0.903740724362125,1.0
2013-03-22,12.887499809265137,0.017206634221893724,2.5793649847545313e-06,1.0,0.0,0.9099188240971561,1.0
2013-03-25,12.800999641418455,-0.006711943288216005,2.3015872353599167e-06,1.0,0.0,0.9090155488442349,1.0
2013-03-26,13.01550006866455,0.016756537243549863,2.857142734149143e-06,1.0,0.0,0.8998792746244149,1.0
2013-03-27,13.265000343322754,0.019169472808723498,3.1746031036452616e-06,1.0,0.0,0.8692790187524169,1.0
2013-03-28,13.32450008392334,0.004485468455380559,2.5793649847545313e-06,1.0,0.0,0.8549716047383881,1.0
2013-04-01,13.080499649047852,-0.018312164309255197,2.5793649847545313e-06,1.0,0.0,0.894284182125806,1.0
2013-04-02,13.166000366210938,0.006536502385771525,2.698412845059044e-06,1.0,0.0,0.882756569480628,1.0
2013-04-03,12.951499938964844,-0.016291996147636878,2.182539670713361e-06,1.0,0.0,0.9001725269583615,1.0
2013-04-04,12.95400047302246,0.00019306907071769963,2.5793649847545313e-06,1.0,0.0,0.8937738597774049,1.0
2013-04-05,12.77400016784668,-0.013895344959315215,2.3809523277339444e-06,1.0,0.0,0.8980689497259841,1.0
2013-04-08,12.947500228881836,0.013582281098748705,2.182539670713361e-06,1.0,0.0,0.8847845934725893,1.0
2013-04-09,13.057000160217283,0.008457225672889868,2.5000000402094805e-06,1.0,0.0,0.8684325481723713,1.0
2013-04-10,13.238499641418455,0.01390054981803357,2.5793649847545313e-06,1.0,0.0,0.8406914809471994,1.0
2013-04-11,13.49250030517578,0.019186514381331232,2.5000000402094805e-06,1.0,0.0,0.7971989477625825,1.0
2013-04-12,13.643500328063965,0.011191404074325728,2.182539670713361e-06,1.0,0.0,0.7624367780928134,1.0
2013-04-15,13.38599967956543,-0.01887350330243842,2.182539670713361e-06,1.0,0.0,0.8395361391042179,1.0
2013-04-16,13.616999626159668,0.017256831923197602,2.0634921060668095e-06,1.0,0.0,0.7942299735204831,1.0
2013-04-17,13.369999885559082,-0.018139072290644265,1.984127013692778e-06,1.0,0.0,0.8453034849460855,1.0
2013-04-18,12.970999717712402,-0.029842944746591882,1.984127013692778e-06,1.0,0.0,0.8907043124651299,1.0
2013-04-19,13.015999794006348,0.003469283576692739,1.7857143566721944e-06,1.0,0.0,0.8855361862472995,1.0
2013-04-22,13.177499771118164,0.012407804215407658,1.7857143566721944e-06,1.0,0.0,0.8640439957801199,1.0
2013-04-23,13.44499969482422,0.020299747930358603,1.7857143566721944e-06,1.0,0.0,0.8251730801091023,1.0
2013-04-24,13.439000129699709,-0.00044623021648870775,1.90476192131875e-06,1.0,0.0,0.8348215488138957,1.0
2013-04-25,13.734999656677246,0.022025412911738096,1.984127013692778e-06,1.0,0.0,0.7813552837734705,1.0
2013-04-26,12.740500450134276,-0.07240620541693976,1.7857143566721944e-06,1.0,0.0,0.9064690917118912,1.0
2013-04-29,12.487000465393066,-0.01989717638905919,1.7857143566721944e-06,1.0,0.0,0.9071084240716181,1.0
2013-04-30,12.690500259399414,0.016296931722741048,1.7857143566721944e-06,1.0,0.0,0.9103025742579108,1.0
2013-05-01,12.411499977111816,-0.021984971166203793,1.984127013692778e-06,1.0,0.0,0.9087554778645358,1.0
2013-05-02,12.6274995803833,0.017403182828007235,1.984127013692778e-06,1.0,0.0,0.9097010031883159,1.0
2013-05-03,12.90250015258789,0.021777911807005834,1.7857143566721944e-06,1.0,0.0,0.8953822401602397,1.0
2013-05-06,12.78600025177002,-0.009029250101927344,1.1904761638669722e-06,1.0,0.0,0.9070322298441756,1.0
2013-05-07,12.886500358581545,0.007860167748519498,1.3888888948020476e-06,1.0,0.0,0.8949082224201846,1.0
2013-05-08,12.934000015258787,0.00368600126919727,1.3888888948020476e-06,1.0,0.0,0.8849724268603345,1.0
2013-05-09,13.008000373840332,0.005721382286550503,1.3888888948020476e-06,1.0,0.0,0.8779538103696088,1.0
2013-05-10,13.181500434875488,0.01333795018826045,1.3888888948020476e-06,1.0,0.0,0.8407183182276141,1.0
2013-05-13,13.225500106811523,0.0033379866088401045,1.3888888948020476e-06,1.0,0.0,0.8328604252549645,1.0
2013-05-14,13.416500091552734,0.014441796771287319,1.5873015518226308e-06,1.0,0.0,0.7967288070671047,1.0
2013-05-15,13.32800006866455,-0.00659635689518645,1.4682539871760755e-06,1.0,0.0,0.8262551516931887,1.0
2013-05-16,13.206000328063965,-0.009153641954686043,9.92063506846389e-07,1.0,0.0,0.8621092239926269,1.0
2013-05-17,13.494999885559082,0.02188395807328325,1.1904761638669722e-06,1.0,0.0,0.8090452984187952,1.0
2013-05-20,13.381500244140623,-0.008410495915595728,1.3888888948020476e-06,1.0,0.0,0.8444131863396177,1.0
2013-05-21,13.442999839782717,0.004595867019396627,1.5873015518226308e-06,1.0,0.0,0.838522575947985,1.0
2013-05-22,13.14799976348877,-0.021944512371482316,1.3888888948020476e-06,1.0,0.0,0.8816377091294127,1.0
2013-05-23,13.09000015258789,-0.004411287796181829,1.5873015518226308e-06,1.0,0.0,0.8821321988354014,1.0
2013-05-24,13.086999893188477,-0.00022920239606116777,1.4682539871760755e-06,1.0,0.0,0.8699929167793672,1.0
2013-05-28,13.364500045776367,0.0212042603234317,1.3888888948020476e-06,1.0,0.0,0.8517858531245924,1.0
2013-05-29,13.27649974822998,-0.006584630719066675,1.5873015518226308e-06,1.0,0.0,0.8670246942371064,1.0
2013-05-30,13.341500282287598,0.004895908958705952,9.92063506846389e-07,1.0,0.0,0.8573399201380331,1.0
2013-05-31,13.460000038146973,0.008882041251140116,1.1904761638669722e-06,1.0,0.0,0.8406634840522512,1.0
2013-06-03,13.343999862670898,-0.008618140798463458,1.1904761638669722e-06,1.0,0.0,0.8563193567748436,1.0
2013-06-04,13.28499984741211,-0.004421464018733889,1.5873015518226308e-06,1.0,0.0,0.8615474301303623,1.0
2013-06-05,13.35849952697754,0.005532531457254741,1.7857143566721944e-06,1.0,0.0,0.8521430633197958,1.0
2013-06-06,13.39150047302246,0.0024704081456359273,1.7857143566721944e-06,1.0,0.0,0.8440807035135023,1.0
2013-06-07,13.843500137329102,0.03375272735248802,1.5873015518226308e-06,1.0,0.0,0.7786109538555667,1.0
2013-06-10,14.053500175476074,0.015169576773485627,1.5873015518226308e-06,1.0,0.0,0.7385628232333861,1.0
2013-06-11,13.73900032043457,-0.02237875626104302,1.7857143566721944e-06,1.0,0.0,0.8293283812230122,1.0
2013-06-12,13.583499908447266,-0.011318175148160026,1.5873015518226308e-06,1.0,0.0,0.8573250668795711,1.0
2013-06-13,13.78950023651123,0.015165482346406023,1.7063492642981665e-06,1.0,0.0,0.8254995876320087,1.0
2013-06-14,13.69950008392334,-0.006526716055277437,1.5873015518226308e-06,1.0,0.0,0.8447349432524474,1.0
2013-06-17,13.902999877929688,0.014854541608066318,1.5873015518226308e-06,1.0,0.0,0.8139463636082578,1.0
2013-06-18,14.088000297546388,0.01330651091426538,1.7857143566721944e-06,1.0,0.0,0.7817498885917739,1.0
2013-06-19,13.907999992370604,-0.01277685273808049,1.5873015518226308e-06,1.0,0.0,0.8261894645677628,1.0
2013-06-20,13.67199993133545,-0.01696865553383775,1.5873015518226308e-06,1.0,0.0,0.8599953799807534,1.0
2013-06-21,13.66800022125244,-0.00029254754996321797,1.5873015518226308e-06,1.0,0.0,0.8634609940575422,1.0
2013-06-24,13.530500411987305,-0.010059980029217153,1.5873015518226308e-06,1.0,0.0,0.8763524472123357,1.0
2013-06-25,13.604499816894531,0.005469081161378675,2.3015872353599167e-06,1.0,0.0,0.8666292037371707,1.0
2013-06-26,13.878499984741213,0.020140407330993426,2.182539670713361e-06,1.0,0.0,0.8314213878004472,1.0
2013-06-27,13.8774995803833,-7.208303195671562e-05,1.7857143566721944e-06,1.0,0.0,0.8329793974205134,1.0
2013-06-28,13.884499549865724,0.0005044114353509599,1.1904761638669722e-06,1.0,0.0,0.8319708091718184,1.0
2013-07-01,14.104999542236328,0.01588101836718603,3.9682538795565474e-07,1.0,0.0,0.7947571326498497,1.0
2013-07-02,14.18649959564209,0.005778096848689351,1.3888888948020476e-06,1.0,0.0,0.783438141489638,1.0
2013-07-03,14.201499938964844,0.0010573674796678922,1.3888888948020476e-06,1.0,0.0,0.782010243696484,1.0
2013-07-05,14.293999671936035,0.006513377697337397,1.3888888948020476e-06,1.0,0.0,0.7619244133915553,1.0
2013-07-08,14.529500007629396,0.016475468105384694,1.3888888948020476e-06,1.0,0.0,0.7206563434477166,1.0
2013-07-09,14.576499938964844,0.0032347934416716573,1.3888888948020476e-06,1.0,0.0,0.7143730213586676,1.0
2013-07-10,14.616499900817873,0.0027441403643204687,1.1904761638669722e-06,1.0,0.0,0.710547714706091,1.0
2013-07-11,14.982999801635742,0.025074395601190513,1.1904761638669722e-06,1.0,0.0,0.6447629216298894,1.0
2013-07-12,15.3774995803833,0.026329826067573503,1.1904761638669722e-06,1.0,0.0,0.5740745268546644,1.0
2013-07-15,15.328499794006348,-0.0031864599391348003,7.936507759113135e-07,1.0,0.0,0.6072129302485397,1.0
2013-07-16,15.343500137329102,0.000978591742462509,1.3888888948020476e-06,1.0,0.0,0.6269649279800631,1.0
2013-07-17,15.434499740600586,0.005930824287614378,9.92063506846389e-07,1.0,0.0,0.6165453638137341,1.0
2013-07-18,15.205499649047852,-0.01483689756075135,8.730158682853453e-07,1.0,0.0,0.6877583984349039,1.0
2013-07-19,15.261500358581545,0.003682924653988673,7.936507759113135e-07,1.0,0.0,0.677224128162507,1.0
2013-07-22,15.173999786376951,-0.005733418743157359,1.9841269397782539e-07,1.0,0.0,0.7176537653335492,1.0
2013-07-23,15.053000450134276,-0.007974122706348452,7.936507759113135e-07,1.0,0.0,0.758580381718118,1.0
2013-07-24,14.946999549865724,-0.007041845286572479,7.936507759113135e-07,1.0,0.0,0.7856899191646488,1.0
2013-07-25,15.170000076293944,0.01491941748471004,5.952380819334841e-07,1.0,0.0,0.7466018751114296,1.0
2013-07-26,15.600500106811523,0.028378380247362056,5.952380819334841e-07,1.0,0.0,0.6603760399237258,1.0
2013-07-29,15.30500030517578,-0.018941687741582225,7.936507759113135e-07,1.0,0.0,0.7526373697662778,1.0
2013-07-30,15.12049961090088,-0.012054929147077842,1.1904761638669722e-06,1.0,0.0,0.7980250108780053,1.0
2013-07-31,15.060999870300291,-0.003935038003485936,1.1904761638669722e-06,1.0,0.0,0.8094154895834696,1.0
2013-08-01,15.278499603271484,0.014441254554426575,1.3888888948020476e-06,1.0,0.0,0.7766227676773909,1.0
2013-08-02,15.21049976348877,-0.004450688323358265,1.1904761638669722e-06,1.0,0.0,0.7895513416379929,1.0
2013-08-05,15.049500465393066,-0.010584747417843876,1.3888888948020476e-06,1.0,0.0,0.8146719933613501,1.0
2013-08-06,15.037500381469728,-0.0007973742351736757,1.5873015518226308e-06,1.0,0.0,0.8093903652972442,1.0
2013-08-07,14.845499992370604,-0.012768105351852355,1.5873015518226308e-06,1.0,0.0,0.8362573546502241,1.0
2013-08-08,14.786999702453612,-0.003940607587959777,1.7857143566721944e-06,1.0,0.0,0.8385949859810505,1.0
2013-08-09,14.86299991607666,0.005139664242397757,1.90476192131875e-06,1.0,0.0,0.8273605658533634,1.0
2013-08-12,14.834500312805176,-0.0019174866064998186,1.90476192131875e-06,1.0,0.0,0.8283110570635221,1.0
2013-08-13,14.69849967956543,-0.009167860755131096,2.0634921060668095e-06,1.0,0.0,0.8377373425354868,1.0
2013-08-14,14.56700038909912,-0.008946443061064735,1.984127013692778e-06,1.0,0.0,0.8455247840978866,1.0
2013-08-15,14.32349967956543,-0.016715912887316664,1.7857143566721944e-06,1.0,0.0,0.8574626291723849,1.0
2013-08-16,14.241000175476074,-0.0057597309271457675,1.5873015518226308e-06,1.0,0.0,0.8556406016393735,1.0
2013-08-19,14.278499603271484,0.0026332018350780917,1.5873015518226308e-06,1.0,0.0,0.850969648707266,1.0
2013-08-20,14.354499816894531,0.00532270306647864,1.7857143566721944e-06,1.0,0.0,0.8441517710886755,1.0
2013-08-21,14.228500366210938,-0.00877769704906739,1.309523802428016e-06,1.0,0.0,0.8437619094325751,1.0
2013-08-22,14.486499786376951,0.01813257992941386,7.936507759113135e-07,1.0,0.0,0.8431040467807396,1.0
2013-08-23,14.500499725341797,0.0009664128099466929,8.730158682853453e-07,1.0,0.0,0.8377157594196463,1.0
2013-08-26,14.310500144958496,-0.013102967758500617,5.158730265167024e-07,1.0,0.0,0.848780341475011,1.0
2013-08-27,14.046500205993652,-0.018447988280678618,1.309523802428016e-06,1.0,0.0,0.8587522604660002,1.0
2013-08-28,14.07900047302246,0.0023137626136180423,1.1904761638669722e-06,1.0,0.0,0.856205191162086,1.0
2013-08-29,14.199000358581545,0.008523324208208116,7.936507759113135e-07,1.0,0.0,0.8508514678838681,1.0
2013-08-30,14.048999786376951,-0.01056416426624962,7.936507759113135e-07,1.0,0.0,0.8531899127878529,1.0
2013-09-03,14.4399995803833,0.027831148120985416,5.952380819334841e-07,1.0,0.0,0.8394920398912687,1.0
2013-09-04,14.682000160217283,0.01675904341179768,5.952380819334841e-07,1.0,0.0,0.8135555446442564,1.0
2013-09-05,14.704999923706056,0.0015665279415466582,5.952380819334841e-07,1.0,0.0,0.8100428564641103,1.0
2013-09-06,14.79300022125244,0.005984379326960498,5.952380819334841e-07,1.0,0.0,0.7986844389933675,1.0
2013-09-09,14.98550033569336,0.013012919053726701,3.9682538795565474e-07,1.0,0.0,0.7708831250683007,1.0
2013-09-10,15.017999649047852,0.002168717268457465,5.952380819334841e-07,1.0,0.0,0.7646532761134126,1.0
2013-09-11,14.982000350952148,-0.0023970767703397344,5.952380819334841e-07,1.0,0.0,0.7772638006340682,1.0
2013-09-12,14.942999839782717,-0.0026031578064242833,3.9682538795565474e-07,1.0,0.0,0.788726546344069,1.0
2013-09-13,14.895999908447266,-0.0031452808565468615,3.9682538795565474e-07,1.0,0.0,0.7960809457637525,1.0
2013-09-16,14.803000450134276,-0.00624325046217622,1.1904762008242064e-07,1.0,0.0,0.8088019992419683,1.0
2013-09-17,15.208499908447266,0.027393058568022433,1.9841269397782539e-07,1.0,0.0,0.7617365624395559,1.0
2013-09-18,15.601499557495115,0.02584078978292692,1.9841269397782539e-07,1.0,0.0,0.6982472043641488,1.0
2013-09-19,15.602999687194824,9.615291749232036e-05,1.9841269397782539e-07,1.0,0.0,0.7111006067956426,1.0
2013-09-20,15.81700038909912,0.013715356418286806,1.9841269397782539e-07,1.0,0.0,0.6834672439288736,1.0
2013-09-23,15.57450008392334,-0.015331624151878276,1.9841269397782539e-07,1.0,0.0,0.7504009374615166,1.0
2013-09-24,15.706500053405762,0.008475390463330346,5.952380819334841e-07,1.0,0.0,0.7345040765275641,1.0
2013-09-25,15.63249969482422,-0.004711448020241482,5.952380819334841e-07,1.0,0.0,0.756250640371522,1.0
2013-09-26,15.906000137329102,0.01749563075925953,1.1904762008242064e-07,1.0,0.0,0.7163133405724367,1.0
2013-09-27,15.80049991607666,-0.0066327310663633066,1.9841269397782539e-07,1.0,0.0,0.7423983123891412,1.0
2013-09-30,15.631999969482422,-0.010664216163362883,1.9841269397782539e-07,1.0,0.0,0.776953562537525,1.0
2013-10-01,16.047500610351562,0.026580133167880104,5.158730265167024e-07,1.0,0.0,0.7121831616642575,1.0
2013-10-02,16.02549934387207,-0.0013710089199373554,3.9682538795565474e-07,1.0,0.0,0.7233897386061581,1.0
2013-10-03,15.73799991607666,-0.017940122902026512,7.936507759113135e-07,1.0,0.0,0.787909462195569,1.0
2013-10-04,15.95199966430664,0.013597645785432766,7.142856835372857e-07,1.0,0.0,0.7513910601934156,1.0
2013-10-07,15.501500129699709,-0.028240944338467244,7.142856835372857e-07,1.0,0.0,0.8280825721342655,1.0
2013-10-08,15.161499977111816,-0.02193337094753023,1.7857143566721944e-06,1.0,0.0,0.8567731310450957,1.0
2013-10-09,14.911499977111816,-0.016489133685809843,1.4682539871760755e-06,1.0,0.0,0.866375007755126,1.0
2013-10-10,15.258500099182127,0.023270638272671063,1.5873015518226308e-06,1.0,0.0,0.8536418785568691,1.0
2013-10-11,15.544500350952148,0.018743667458202662,2.5000000402094805e-06,1.0,0.0,0.8218081059054987,1.0
2013-10-14,15.53499984741211,-0.0006111810174366239,2.3015872353599167e-06,1.0,0.0,0.8190235238022117,1.0
2013-10-15,15.31999969482422,-0.0138397267267244,3.650793657889441e-06,1.0,0.0,0.846574239460669,1.0
2013-10-16,15.524499893188477,0.013348577182631827,3.650793657889441e-06,1.0,0.0,0.8186471172540444,1.0
2013-10-17,15.53849983215332,0.0009017964547113344,1.4682539871760755e-06,1.0,0.0,0.8046530573182957,1.0
2013-10-18,16.446500778198242,0.0584355604371809,9.92063506846389e-07,1.0,0.0,0.6518739283480793,1.0
2013-10-21,16.32200050354004,-0.007570016037894423,9.92063506846389e-07,1.0,0.0,0.7026690031901445,1.0
2013-10-22,16.62700080871582,0.018686453606568065,1.309523802428016e-06,1.0,0.0,0.6545188902215401,1.0
2013-10-23,16.33799934387207,-0.017381454909911165,1.1904761638669722e-06,1.0,0.0,0.7391536732883632,1.0
2013-10-24,16.61050033569336,0.01667896944331182,1.1904761638669722e-06,1.0,0.0,0.6835064779781761,1.0
2013-10-25,18.16950035095215,0.09385629473837964,1.1904761638669722e-06,1.0,0.0,0.37858217365414176,0.0
2013-10-28,17.908000946044922,-0.014392217719598643,7.936507759113135e-07,1.0,0.0,0.448098267898997,0.0
2013-10-29,18.13500022888184,0.012675858322815925,1.5873015518226308e-06,0.0,0.0,0.43599137412693845,0.0
2013-10-30,18.054000854492188,-0.00446646668692352,1.3888888948020476e-06,0.0,0.0,0.4853717013993173,0.0
2013-10-31,18.201499938964844,0.008169883543345247,1.309523802428016e-06,0.0,0.0,0.4841774706301233,0.0
2013-11-01,17.950000762939453,-0.013817497286967795,1.309523802428016e-06,0.0,0.0,0.5737869375683458,1.0
2013-11-04,17.937000274658203,-0.0007242611548012867,1.309523802428016e-06,1.0,0.0,0.6015010684605769,1.0
2013-11-05,17.944499969482422,0.0004181131019334039,1.7857143566721944e-06,1.0,0.0,0.6152321495858403,1.0
2013-11-06,17.80900001525879,-0.007551057675280637,1.7857143566721944e-06,1.0,0.0,0.6720651022952474,1.0
2013-11-07,17.17799949645996,-0.03543155248796592,1.90476192131875e-06,1.0,0.0,0.8129161724998939,1.0
2013-11-08,17.515499114990234,0.019647201561498795,2.0634921060668095e-06,1.0,0.0,0.7542461921329067,1.0
2013-11-11,17.7189998626709,0.01161832422500031,2.0634921060668095e-06,1.0,0.0,0.7128048456731008,1.0
2013-11-12,17.476499557495117,-0.013685891249802573,2.3015872353599167e-06,1.0,0.0,0.7750994286809835,1.0
2013-11-13,17.81100082397461,0.019140060936060577,2.777777789604095e-06,1.0,0.0,0.7053694265500206,1.0
2013-11-14,18.3700008392334,0.031385098500829045,2.698412845059044e-06,1.0,0.0,0.5888264167098561,1.0
2013-11-15,18.458499908447266,0.004817586563461429,2.777777789604095e-06,1.0,0.0,0.5899570347041079,1.0
2013-11-18,18.30900001525879,-0.008099243921769639,2.5793649847545313e-06,1.0,0.0,0.6540893180714817,1.0
2013-11-19,18.246999740600582,-0.0033863277408124892,3.1746031036452616e-06,1.0,0.0,0.6872385490953942,1.0
2013-11-20,18.12849998474121,-0.00649420494020736,3.0555555389987068e-06,1.0,0.0,0.726494723997325,1.0
2013-11-21,18.44599914550781,0.017513813113817278,2.777777789604095e-06,1.0,0.0,0.6652966254006915,1.0
2013-11-22,18.61549949645996,0.009189003513178085,2.5793649847545313e-06,1.0,0.0,0.6402820762753634,1.0
2013-11-25,18.832000732421875,0.011630159910728466,2.3809523277339444e-06,1.0,0.0,0.6084568673810027,1.0
2013-11-26,19.068500518798828,0.012558399382907037,2.698412845059044e-06,1.0,0.0,0.574946126972909,1.0
2013-11-27,19.33550071716309,0.014002160164667155,2.5000000402094805e-06,1.0,0.0,0.5403988819110348,1.0
2013-11-29,19.68099975585937,0.017868636750099753,2.182539670713361e-06,1.0,0.0,0.4997144828181138,0.0
2013-12-02,19.614999771118164,-0.0033534874020593186,1.984127013692778e-06,1.0,0.0,0.5391687165400378,1.0
2013-12-03,19.232999801635746,-0.019474890335960615,1.3888888948020476e-06,1.0,0.0,0.6410094275174548,1.0
2013-12-04,19.29800033569336,0.003379635768107514,2.0634921060668095e-06,1.0,0.0,0.6413394315517342,1.0
2013-12-05,19.22450065612793,-0.0038086681670062017,1.90476192131875e-06,1.0,0.0,0.6674510145506442,1.0
2013-12-06,19.34749984741211,0.006398043490662753,2.0634921060668095e-06,1.0,0.0,0.6521386674776614,1.0
2013-12-09,19.24449920654297,-0.005323718396768373,2.0634921060668095e-06,1.0,0.0,0.6853957591440029,1.0
2013-12-10,19.388999938964844,0.0075086772002228575,2.777777789604095e-06,1.0,0.0,0.6625190417482122,1.0
2013-12-11,19.10950088500977,-0.014415341422193917,2.698412845059044e-06,1.0,0.0,0.7304677661473953,1.0
2013-12-12,19.0625,-0.002459555866612839,2.5000000402094805e-06,1.0,0.0,0.74491285305395,1.0
2013-12-13,19.21199989318848,0.007842617347592507,2.3809523277339444e-06,1.0,0.0,0.7297916857140795,1.0
2013-12-16,19.44849967956543,0.012310003523412494,2.3015872353599167e-06,1.0,0.0,0.697781132651996,1.0
2013-12-17,19.38249969482422,-0.003393577182231544,2.5000000402094805e-06,1.0,0.0,0.718132778213721,1.0
2013-12-18,19.79800033569336,0.021436896551588314,2.3809523277339444e-06,1.0,0.0,0.6535860167148438,1.0
2013-12-19,19.75950050354004,-0.0019446323618810268,2.3015872353599167e-06,1.0,0.0,0.6732269947819639,1.0
2013-12-20,20.11000061035156,0.017738308048258933,2.182539670713361e-06,1.0,0.0,0.6194760777193695,1.0
2013-12-23,20.145999908447266,0.0017901191945850492,2.3015872353599167e-06,1.0,0.0,0.6246339966222196,1.0
2013-12-24,19.959999084472656,-0.00923264294747761,2.698412845059044e-06,1.0,0.0,0.6738946892089245,1.0
2013-12-26,20.21949958801269,0.013001027827797218,2.3809523277339444e-06,1.0,0.0,0.6335757575824955,1.0
2013-12-27,19.90399932861328,-0.015603762003410737,2.3015872353599167e-06,1.0,0.0,0.7068060787731449,1.0
2013-12-30,19.668500900268555,-0.011831714041819819,2.182539670713361e-06,1.0,0.0,0.7531476459117576,1.0
2013-12-31,19.93950080871582,0.01377837130655779,2.5000000402094805e-06,1.0,0.0,0.7117812202872558,1.0
2014-01-02,19.898500442504883,-0.0020562383484051816,2.3015872353599167e-06,1.0,0.0,0.7546329924999229,1.0
2014-01-03,19.82200050354004,-0.003844507739961811,2.3015872353599167e-06,1.0,0.0,0.7782592225158467,1.0
2014-01-06,19.68149948120117,-0.007088135343038537,1.7857143566721944e-06,1.0,0.0,0.7974255766187522,1.0
2014-01-07,19.901500701904297,0.011178072123684712,1.7063492642981665e-06,1.0,0.0,0.7664246043946449,1.0
2014-01-08,20.09600067138672,0.009773130800322605,1.5873015518226308e-06,1.0,0.0,0.7363625078195397,1.0
2014-01-09,20.050500869750977,-0.0022641222191301935,1.309523802428016e-06,1.0,0.0,0.754417806417363,1.0
2014-01-10,19.882999420166016,-0.008353978320694289,1.309523802428016e-06,1.0,0.0,0.7837304188374633,1.0
2014-01-13,19.54899978637696,-0.016798251950372323,1.1904761638669722e-06,1.0,0.0,0.827637798477969,1.0
2014-01-14,19.87700080871582,0.016778404313423367,1.309523802428016e-06,1.0,0.0,0.7947297197936253,1.0
2014-01-15,19.793500900268555,-0.004200830359208485,1.3888888948020476e-06,1.0,0.0,0.8060502247131076,1.0
2014-01-16,19.790000915527344,-0.0001768249466754801,1.1904761638669722e-06,1.0,0.0,0.8043339429415759,1.0
2014-01-17,19.980499267578125,0.009625990057499978,1.1904761638669722e-06,1.0,0.0,0.7837440844287047,1.0
2014-01-21,20.352500915527344,0.018618235859243937,1.1111111454074327e-06,1.0,0.0,0.7320686107629483,1.0
2014-01-22,20.22699928283692,-0.006166398577320487,1.1904761638669722e-06,1.0,0.0,0.7612468600544078,1.0
2014-01-23,19.99349975585937,-0.011543952897436371,1.1904761638669722e-06,1.0,0.0,0.803048599174627,1.0
2014-01-24,19.3799991607666,-0.03068500275510666,1.309523802428016e-06,1.0,0.0,0.8672306487342643,1.0
2014-01-27,19.31399917602539,-0.0034055721155459295,1.90476192131875e-06,1.0,0.0,0.8682777437748915,1.0
2014-01-28,19.72150039672852,0.02109874899492392,1.7857143566721944e-06,1.0,0.0,0.8455646150671602,1.0
2014-01-29,19.209999084472656,-0.02593622706012333,1.5873015518226308e-06,1.0,0.0,0.882789457451115,1.0
2014-01-30,20.15049934387207,0.048958891422312245,5.952380819334841e-07,1.0,0.0,0.7987669354821872,1.0
2014-01-31,17.934499740600586,-0.10997244115170712,3.9682538795565474e-07,1.0,0.0,0.8713314916369144,1.0
2014-02-03,17.3075008392334,-0.034960490141120126,7.936507759113135e-07,1.0,0.0,0.8425404738422502,1.0
2014-02-04,17.397499084472656,0.005199956138973283,2.182539670713361e-06,1.0,0.0,0.8682883154475729,1.0
2014-02-05,17.322500228881836,-0.004310898665760399,2.182539670713361e-06,1.0,0.0,0.8754877576116473,1.0
2014-02-06,17.72949981689453,0.023495429795642453,2.3809523277339444e-06,1.0,0.0,0.9068874098705948,1.0
2014-02-07,18.054000854492188,0.018302887331792528,2.857142734149143e-06,1.0,0.0,0.914548394321712,1.0
2014-02-10,18.043500900268555,-0.0005815860045791377,2.182539670713361e-06,1.0,0.0,0.9228258738339353,1.0
2014-02-11,18.089500427246094,0.0025493681759316544,1.7857143566721944e-06,1.0,0.0,0.924417861558528,1.0
2014-02-12,17.462499618530273,-0.034661035070456814,1.7063492642981665e-06,1.0,0.0,0.914306084482987,1.0
2014-02-13,17.860000610351562,0.022763121002418396,9.92063506846389e-07,1.0,0.0,0.9212499708780026,1.0
2014-02-14,17.86750030517578,0.00041991570929011957,3.9682538795565474e-07,1.0,0.0,0.9221043436864292,1.0
2014-02-18,17.6825008392334,-0.010353964616348299,5.952380819334841e-07,1.0,0.0,0.9168359625947221,1.0
2014-02-19,17.368999481201172,-0.017729469427573252,1.7857143566721944e-06,1.0,0.0,0.9209498860918011,1.0
2014-02-20,17.489999771118164,0.006966451351901659,1.5873015518226308e-06,1.0,0.0,0.9214673448640278,1.0
2014-02-21,17.33799934387207,-0.008690704930545357,1.3888888948020476e-06,1.0,0.0,0.9282044103070005,1.0
2014-02-24,17.589000701904297,0.014476950486270512,1.309523802428016e-06,1.0,0.0,0.930316260810697,1.0
2014-02-25,17.916000366210938,0.018591145105317786,1.5873015518226308e-06,1.0,0.0,0.9202838361248795,1.0
2014-02-26,17.989999771118164,0.004130352946787541,1.5873015518226308e-06,1.0,0.0,0.9226596323598605,1.0
2014-02-27,18.006500244140625,0.0009172025143076024,1.3888888948020476e-06,1.0,0.0,0.9091793163381512,1.0
2014-02-28,18.104999542236328,0.00547020780052776,1.7063492642981665e-06,1.0,0.0,0.9004033839188157,1.0
2014-03-03,17.98900032043457,-0.006407027049691316,1.7063492642981665e-06,1.0,0.0,0.9012705271179648,1.0
2014-03-04,18.19499969482422,0.011451407566858807,1.90476192131875e-06,1.0,0.0,0.8930443012937866,1.0
2014-03-05,18.61849975585937,0.023275628916642477,1.984127013692778e-06,1.0,0.0,0.8321188171172654,1.0
2014-03-06,18.607999801635746,-0.000563952754588648,1.7857143566721944e-06,1.0,0.0,0.850192246716373,1.0
2014-03-07,18.60300064086914,-0.0002686565358930304,1.7857143566721944e-06,1.0,0.0,0.8641523849489395,1.0
2014-03-10,18.526500701904297,-0.004112236538700076,1.5873015518226308e-06,1.0,0.0,0.8751370134973244,1.0
2014-03-11,18.44099998474121,-0.00461504946556357,1.7857143566721944e-06,1.0,0.0,0.8949748534233087,1.0
2014-03-12,18.53199958801269,0.0049346349626797625,1.5873015518226308e-06,1.0,0.0,0.872564763293982,1.0
2014-03-13,18.57550048828125,0.002347339803347337,1.5873015518226308e-06,1.0,0.0,0.8770063911535432,1.0
2014-03-14,18.687000274658203,0.0060025185564875905,1.5873015518226308e-06,1.0,0.0,0.8686332067701692,1.0
2014-03-17,18.75200080871582,0.003478382463865337,1.7063492642981665e-06,1.0,0.0,0.8668868716685322,1.0
2014-03-18,18.9384994506836,0.009945532952467584,1.984127013692778e-06,1.0,0.0,0.8421370988297937,1.0
2014-03-19,18.661500930786133,-0.014626212632039892,1.984127013692778e-06,1.0,0.0,0.8859977681912109,1.0
2014-03-20,18.44849967956543,-0.011413939961780417,2.0634921060668095e-06,1.0,0.0,0.9046235501718536,1.0
2014-03-21,18.0310001373291,-0.022630541750708,1.7857143566721944e-06,1.0,0.0,0.9216748141367876,1.0
2014-03-24,17.592500686645508,-0.024319197345896493,1.7063492642981665e-06,1.0,0.0,0.9153403214060195,1.0
2014-03-25,17.73550033569336,0.008128443567798405,1.7857143566721944e-06,1.0,0.0,0.9225763784447516,1.0
2014-03-26,17.170499801635742,-0.03185703946116103,1.4682539871760755e-06,1.0,0.0,0.9045733857057647,1.0
2014-03-27,16.923500061035156,-0.014385122358351876,1.309523802428016e-06,1.0,0.0,0.8976910930912932,1.0
2014-03-28,16.914499282836914,-0.0005318508680698386,1.309523802428016e-06,1.0,0.0,0.8961819213556239,1.0
2014-03-31,16.818500518798828,-0.005675530941403384,1.1111111454074327e-06,1.0,0.0,0.8890141857592774,1.0
2014-04-01,17.149499893188477,0.019680670938510447,1.1904761638669722e-06,1.0,0.0,0.923205513544715,1.0
2014-04-02,17.097999572753906,-0.0030030217064828113,7.142856835372857e-07,1.0,0.0,0.9137146748483554,1.0
2014-04-03,16.680999755859375,-0.024388807305799176,5.952380819334841e-07,1.0,0.0,0.8968791533406442,1.0
2014-04-04,16.149999618530273,-0.031832632641972336,7.936507759113135e-07,1.0,0.0,0.8586264581790426,1.0
2014-04-07,15.887999534606934,-0.016222915796401893,7.936507759113135e-07,1.0,0.0,0.8452324809766515,1.0
2014-04-08,16.353500366210938,0.029298895093121002,9.92063506846389e-07,1.0,0.0,0.8911273874883131,1.0
2014-04-09,16.590499877929688,0.014492280332131902,1.1111111454074327e-06,1.0,0.0,0.9108067044592472,1.0
2014-04-10,15.85550022125244,-0.04430244188452792,1.1111111454074327e-06,1.0,0.0,0.8808564424917532,1.0
2014-04-11,15.58650016784668,-0.016965724805402038,1.1904761638669722e-06,1.0,0.0,0.8630342687647161,1.0
2014-04-14,15.795499801635742,0.013409016234459559,1.1904761638669722e-06,1.0,0.0,0.8874294134868468,1.0
2014-04-15,15.803999900817873,0.0005381342337296147,1.1904761638669722e-06,1.0,0.0,0.8992230752880609,1.0
2014-04-16,16.18400001525879,0.024044553076797426,9.92063506846389e-07,1.0,0.0,0.9169946950124642,1.0
2014-04-17,16.245500564575195,0.0038000833698974557,9.92063506846389e-07,1.0,0.0,0.9205523195337874,1.0
2014-04-21,16.543500900268555,0.01834356131464343,9.92063506846389e-07,1.0,0.0,0.9120892789466797,1.0
2014-04-22,16.465999603271484,-0.004684697481160849,9.92063506846389e-07,1.0,0.0,0.9253200760397128,1.0
2014-04-23,16.229000091552734,-0.01439326596799273,5.952380819334841e-07,1.0,0.0,0.9271728374619849,1.0
2014-04-24,16.857500076293945,0.03872696907977402,2.777777863518571e-07,1.0,0.0,0.9050895998006211,1.0
2014-04-25,15.191499710083008,-0.09882843592887003,2.777777863518571e-07,1.0,0.0,0.8665354554561179,1.0
2014-04-28,14.82900047302246,-0.023861978341739865,1.1904762008242064e-07,1.0,0.0,0.8291154778488828,1.0
2014-04-29,15.019000053405762,0.012812703103554313,5.952380819334841e-07,1.0,0.0,0.8525777191824195,1.0
2014-04-30,15.206500053405762,0.012484186652458318,7.936507759113135e-07,1.0,0.0,0.8694858600093183,1.0
2014-05-01,15.39449977874756,0.01236311608072449,7.142856835372857e-07,1.0,0.0,0.8852632240879126,1.0
2014-05-02,15.400500297546388,0.00038978329176453386,5.952380819334841e-07,1.0,0.0,0.8963711173056972,1.0
2014-05-05,15.5024995803833,0.006623114890180748,5.952380819334841e-07,1.0,0.0,0.8969387064798359,1.0
2014-05-06,14.869000434875488,-0.040864322699897704,7.936507759113135e-07,1.0,0.0,0.8879043663665982,1.0
2014-05-07,14.635499954223633,-0.01570384516932133,7.936507759113135e-07,1.0,0.0,0.8731923451783437,1.0
2014-05-08,14.416000366210938,-0.014997751269122173,8.730158682853453e-07,1.0,0.0,0.8684246515678756,1.0
2014-05-09,14.612000465393066,0.013596010974134431,8.730158682853453e-07,1.0,0.0,0.8868044233034973,1.0
2014-05-12,15.142999649047852,0.036339937499481945,7.936507759113135e-07,1.0,0.0,0.903967124242155,1.0
2014-05-13,15.232000350952148,0.005877349532256826,7.936507759113135e-07,1.0,0.0,0.9023549854029287,1.0
2014-05-14,14.880999565124512,-0.023043643496613697,7.936507759113135e-07,1.0,0.0,0.9109740660474216,1.0
2014-05-15,14.759499549865724,-0.00816477513671443,7.142856835372857e-07,1.0,0.0,0.906342156959732,1.0
2014-05-16,14.885000228881836,0.008503044333725507,5.952380819334841e-07,1.0,0.0,0.9088750338647749,1.0
2014-05-19,14.838000297546388,-0.003157536487251922,7.142856835372857e-07,1.0,0.0,0.9095643516393895,1.0
2014-05-20,15.059499740600586,0.014927850021058786,9.92063506846389e-07,1.0,0.0,0.9140194856112991,1.0
2014-05-21,15.250499725341797,0.012683023210012356,9.92063506846389e-07,1.0,0.0,0.9066912507650682,1.0
2014-05-22,15.24549961090088,-0.0003278656129941382,1.1111111454074327e-06,1.0,0.0,0.9155882118204622,1.0
2014-05-23,15.612000465393066,0.024039937282877233,1.1111111454074327e-06,1.0,0.0,0.8870826461002161,1.0
2014-05-27,15.541000366210938,-0.004547789973457506,1.1111111454074327e-06,1.0,0.0,0.8999490461032056,1.0
2014-05-28,15.508000373840332,-0.0021234149406722524,1.1111111454074327e-06,1.0,0.0,0.9087548873792554,1.0
2014-05-29,15.689000129699709,0.011671379384585068,1.1904761638669722e-06,1.0,0.0,0.8955225030183895,1.0
2014-05-30,15.6274995803833,-0.003919978890177034,1.1904761638669722e-06,1.0,0.0,0.8956655609175467,1.0
2014-06-02,15.44200038909912,-0.011870049353066903,9.92063506846389e-07,1.0,0.0,0.9141749378864429,1.0
2014-06-03,15.35949993133545,-0.005342601715119022,1.1904761638669722e-06,1.0,0.0,0.9093472725728073,1.0
2014-06-04,15.33899974822998,-0.0013346907905279481,1.1904761638669722e-06,1.0,0.0,0.9094065629584522,1.0
2014-06-05,16.178499221801758,0.05472974035798206,1.1904761638669722e-06,1.0,0.0,0.8408507693066439,1.0
2014-06-06,16.48349952697754,0.018852200132677854,1.1111111454074327e-06,1.0,0.0,0.7924676251224948,1.0
2014-06-09,16.375,-0.006582311407839381,1.1904761638669722e-06,1.0,0.0,0.8463995077094706,1.0
2014-06-10,16.620500564575195,0.014992400890088353,1.3888888948020476e-06,1.0,0.0,0.8154063241810092,1.0
2014-06-11,16.760000228881836,0.008393228817907605,1.309523802428016e-06,1.0,0.0,0.8154004185204713,1.0
2014-06-12,16.295499801635742,-0.027714822249562898,1.309523802428016e-06,1.0,0.0,0.9209579921259218,1.0
2014-06-13,16.313499450683594,0.00110457790598395,1.1904761638669722e-06,1.0,0.0,0.9233723950930244,1.0
2014-06-16,16.381000518798828,0.00413774299740477,9.92063506846389e-07,1.0,0.0,0.9155902413621976,1.0
2014-06-17,16.2810001373291,-0.0061046565107525375,1.309523802428016e-06,1.0,0.0,0.9326732603649911,1.0
2014-06-18,16.7189998626709,0.02690250731818078,7.142856835372857e-07,1.0,0.0,0.876831681368578,1.0
2014-06-19,16.350000381469727,-0.022070667159047597,3.9682538795565474e-07,1.0,0.0,0.9351868960276847,1.0
2014-06-20,16.209999084472656,-0.008562770258754293,3.9682538795565474e-07,1.0,0.0,0.9383437086294383,1.0
2014-06-23,16.36199951171875,0.009376954708880447,1.9841269397782539e-07,1.0,0.0,0.9286526047221718,1.0
2014-06-24,16.20800018310547,-0.009412011563928013,8.730158682853453e-07,1.0,0.0,0.9387756461450041,1.0
2014-06-25,16.371999740600586,0.010118432603799077,7.936507759113135e-07,1.0,0.0,0.9258083608536783,1.0
2014-06-26,16.284500122070312,-0.005344467378244899,9.92063506846389e-07,1.0,0.0,0.9297148203555232,1.0
2014-06-27,16.228500366210938,-0.0034388378789398377,7.142856835372857e-07,1.0,0.0,0.9318404456981431,1.0
2014-06-30,16.23900032043457,0.0006470070546686912,7.936507759113135e-07,1.0,0.0,0.9301888995867136,1.0
2014-07-01,16.61949920654297,0.0234311767104034,9.92063506846389e-07,1.0,0.0,0.8944088684213304,1.0
2014-07-02,16.642499923706055,0.001383959701627413,2.777777863518571e-07,1.0,0.0,0.8990758650211657,1.0
2014-07-03,16.874500274658203,0.013940234460910528,1.1904762008242064e-07,1.0,0.0,0.8646633745855474,1.0
2014-07-07,16.677499771118164,-0.011674449633088724,2.777777863518571e-07,1.0,0.0,0.9066331852224337,1.0
2014-07-08,16.190500259399414,-0.029200990460340304,9.92063506846389e-07,1.0,0.0,0.9459093887311154,1.0
2014-07-09,16.49850082397461,0.019023536002007457,5.952380819334841e-07,1.0,0.0,0.9303063948302761,1.0
2014-07-10,16.395999908447266,-0.006212741183028947,5.952380819334841e-07,1.0,0.0,0.9305523604945863,1.0
2014-07-11,17.309999465942383,0.05574527705530308,5.952380819334841e-07,1.0,0.0,0.7924701362200292,1.0
2014-07-14,17.766000747680664,0.026343229104973,5.952380819334841e-07,1.0,0.0,0.6859016766268946,1.0
2014-07-15,17.722000122070312,-0.0024766758841938685,7.936507759113135e-07,1.0,0.0,0.7213746867058667,1.0
2014-07-16,17.795000076293945,0.004119171296738777,7.142856835372857e-07,1.0,0.0,0.7344671195499853,1.0
2014-07-17,17.622499465942383,-0.009693768452485929,2.777777863518571e-07,1.0,0.0,0.8154509518519634,1.0
2014-07-18,17.933000564575195,0.017619583375950265,3.9682538795565474e-07,1.0,0.0,0.7493578863033014,1.0
2014-07-21,17.988000869750977,0.003066988426043471,5.158730265167024e-07,1.0,0.0,0.756193601200971,1.0
2014-07-22,18.04199981689453,0.0030019426580283337,7.936507759113135e-07,1.0,0.0,0.7548064046053609,1.0
2014-07-23,17.906999588012695,-0.007482553500273381,7.936507759113135e-07,1.0,0.0,0.8112753889519054,1.0
2014-07-24,17.930500030517578,0.0013123606994782655,7.936507759113135e-07,1.0,0.0,0.8247433416505813,1.0
2014-07-25,16.20050048828125,-0.09648361949147444,7.936507759113135e-07,1.0,0.0,0.8921425015543091,1.0
2014-07-28,16.02050018310547,-0.01111078668871901,9.92063506846389e-07,1.0,0.0,0.8883878160623504,1.0
2014-07-29,16.0,-0.0012796219138705434,1.1111111454074327e-06,1.0,0.0,0.9025754762655586,1.0
2014-07-30,16.125499725341797,0.007843732833862305,1.1111111454074327e-06,1.0,0.0,0.9133144587208274,1.0
2014-07-31,15.649499893188477,-0.029518454637735614,7.142856835372857e-07,1.0,0.0,0.8987077162156534,1.0
2014-08-01,15.352999687194824,-0.01894630550607601,7.142856835372857e-07,1.0,0.0,0.8810168102152289,1.0
2014-08-04,15.682499885559082,0.021461616952879847,5.952380819334841e-07,1.0,0.0,0.9145145524691481,1.0
2014-08-05,15.616000175476074,-0.004240376889416919,9.92063506846389e-07,1.0,0.0,0.9162767003861653,1.0
2014-08-06,15.694499969482422,0.00502688224412462,7.936507759113135e-07,1.0,0.0,0.9276915096105134,1.0
2014-08-07,15.572500228881836,-0.007773407297958612,7.936507759113135e-07,1.0,0.0,0.9264150182226049,1.0
2014-08-08,15.84000015258789,0.017177711977806265,7.936507759113135e-07,1.0,0.0,0.9363852163865914,1.0
2014-08-11,15.916500091552734,0.004829541554792538,9.92063506846389e-07,1.0,0.0,0.9419059510242844,1.0
2014-08-12,15.965999603271484,0.003109949513651067,9.92063506846389e-07,1.0,0.0,0.9424615979779489,1.0
2014-08-13,16.31399917602539,0.021796290955850894,1.1904761638669722e-06,1.0,0.0,0.9353772744867433,1.0
2014-08-14,16.660499572753906,0.021239451650685526,1.1111111454074327e-06,1.0,0.0,0.9005661227585191,1.0
2014-08-15,16.681499481201172,0.0012604609096842356,8.730158682853453e-07,1.0,0.0,0.8962472333416864,1.0
2014-08-18,16.726499557495117,0.002697603794230785,8.730158682853453e-07,1.0,0.0,0.9026185065228473,1.0
2014-08-19,16.756500244140625,0.0017936022144013908,9.92063506846389e-07,1.0,0.0,0.8994560134383605,1.0
2014-08-20,16.788999557495117,0.0019395048417616412,9.92063506846389e-07,1.0,0.0,0.8982011588591633,1.0
2014-08-21,16.64550018310547,-0.008547226051095258,5.952380819334841e-07,1.0,0.0,0.9249132748428022,1.0
2014-08-22,16.579500198364258,-0.003965034634897835,5.952380819334841e-07,1.0,0.0,0.9320816624945719,1.0
2014-08-25,16.701000213623047,0.00732832798366112,5.952380819334841e-07,1.0,0.0,0.9203958770422387,1.0
2014-08-26,17.09149932861328,0.02338178013264769,9.92063506846389e-07,1.0,0.0,0.8807370549058651,1.0
2014-08-27,17.159000396728516,0.003949394188152322,9.92063506846389e-07,1.0,0.0,0.8746927642302743,1.0
2014-08-28,17.000999450683594,-0.009208050725090344,8.730158682853453e-07,1.0,0.0,0.9063843072906322,1.0
2014-08-29,16.95199966430664,-0.002882170928779293,7.142856835372857e-07,1.0,0.0,0.9132677870397495,1.0
2014-09-02,17.118999481201172,0.009851334367718234,7.936507759113135e-07,1.0,0.0,0.8960599518814236,1.0
2014-09-03,16.950000762939453,-0.009871997393732124,7.936507759113135e-07,1.0,0.0,0.9190481925321711,1.0
2014-09-04,17.297500610351562,0.020501465001223185,7.936507759113135e-07,1.0,0.0,0.8826044111448372,1.0
2014-09-05,17.319000244140625,0.0012429329689513935,7.936507759113135e-07,1.0,0.0,0.8795035597170339,1.0
2014-09-08,17.117000579833984,-0.011663471416312299,7.936507759113135e-07,1.0,0.0,0.9133203646028876,1.0
2014-09-09,16.487499237060547,-0.0367763814599078,5.952380819334841e-07,1.0,0.0,0.9495957686793084,1.0
2014-09-10,16.566499710083008,0.004791537630211673,5.952380819334841e-07,1.0,0.0,0.9466961251451377,1.0
2014-09-11,16.525999069213867,-0.0024447313299676976,3.9682538795565474e-07,1.0,0.0,0.9469237540981145,1.0
2014-09-12,16.559499740600586,0.00202714953851868,3.9682538795565474e-07,1.0,0.0,0.9427558520662939,1.0
2014-09-15,16.194499969482422,-0.022041714836545268,3.9682538795565474e-07,1.0,0.0,0.9411686867886087,1.0
2014-09-16,16.38800048828125,0.011948533092313252,5.952380819334841e-07,1.0,0.0,0.9449845433915465,1.0
2014-09-17,16.200000762939453,-0.011471791538951392,5.158730265167024e-07,1.0,0.0,0.9431455836066883,1.0
2014-09-18,16.25,0.003086372512705715,3.9682538795565474e-07,1.0,0.0,0.9413034479103263,1.0
2014-09-19,16.56599998474121,0.01944615290715146,2.777777863518571e-07,1.0,0.0,0.9368378498760148,1.0
2014-09-22,16.225000381469727,-0.020584305419870552,1.1904762008242064e-07,1.0,0.0,0.9465794597153332,1.0
2014-09-23,16.181499481201172,-0.0026811031892631787,2.777777863518571e-07,1.0,0.0,0.9451939987488587,1.0
2014-09-24,16.410499572753906,0.014151969773800843,2.777777863518571e-07,1.0,0.0,0.940338225694396,1.0
2014-09-25,16.096500396728516,-0.01913404126628282,1.9841269397782539e-07,1.0,0.0,0.9458582701146195,1.0
2014-09-26,16.160499572753906,0.003975968343926439,1.9841269397782539e-07,1.0,0.0,0.9402283896887816,1.0
2014-09-29,16.090999603271484,-0.00430060773613683,1.9841269397782539e-07,1.0,0.0,0.9373923928720695,1.0
2014-09-30,16.121999740600586,0.001926551369922258,5.158730265167024e-07,1.0,0.0,0.9279969559027972,1.0
2014-10-01,15.873000144958496,-0.015444709071358309,5.158730265167024e-07,1.0,0.0,0.9320029985482974,1.0
2014-10-02,15.920499801635742,0.002992481335819308,3.9682538795565474e-07,1.0,0.0,0.9203110147064545,1.0
2014-10-03,16.136999130249023,0.013598777130793271,3.9682538795565474e-07,1.0,0.0,0.9194567140768376,1.0
2014-10-06,16.110000610351562,-0.0016730818214429899,3.9682538795565474e-07,1.0,0.0,0.9186473541614653,1.0
2014-10-07,15.848999977111816,-0.016201156011877438,3.9682538795565474e-07,1.0,0.0,0.9303480218094896,1.0
2014-10-08,16.135000228881836,0.0180453184543532,1.9841269397782539e-07,1.0,0.0,0.9264981517186508,1.0
2014-10-09,15.768500328063965,-0.02271458913039448,1.9841269397782539e-07,1.0,0.0,0.9382079680036032,1.0
2014-10-10,15.569499969482422,-0.01262011950669606,1.9841269397782539e-07,1.0,0.0,0.931731212700279,1.0
2014-10-13,15.322500228881836,-0.01586433354216432,1.9841269397782539e-07,1.0,0.0,0.920852171035,1.0
2014-10-14,15.415499687194824,0.006069470185922521,1.9841269397782539e-07,1.0,0.0,0.925623259792227,1.0
2014-10-15,15.298500061035156,-0.007589739452744215,3.9682538795565474e-07,1.0,0.0,0.922280717461362,1.0
2014-10-16,15.142999649047852,-0.010164422091506808,7.936507759113135e-07,1.0,0.0,0.9139438578180105,1.0
2014-10-17,15.182000160217283,0.0025754812172820163,8.730158682853453e-07,1.0,0.0,0.9166336544563894,1.0
2014-10-20,15.310500144958496,0.008463969396992344,7.936507759113135e-07,1.0,0.0,0.9229525489701962,1.0
2014-10-21,15.76650047302246,0.02978350306956612,7.142856835372857e-07,1.0,0.0,0.9253742009087109,1.0
2014-10-22,15.648500442504885,-0.00748422458867648,5.952380819334841e-07,1.0,0.0,0.9337628068172995,1.0
2014-10-23,15.659000396728516,0.0006709878855299944,5.952380819334841e-07,1.0,0.0,0.9253738750871797,1.0
2014-10-24,14.352999687194824,-0.08340255932342533,1.9841269397782539e-07,1.0,0.0,0.8701185958871469,1.0
2014-10-27,14.498499870300291,0.010137266514070653,1.9841269397782539e-07,1.0,0.0,0.890423782558317,1.0
2014-10-28,14.779500007629396,0.01938132495381306,5.952380819334841e-07,1.0,0.0,0.9109013428435009,1.0
2014-10-29,14.706000328063965,-0.00497308295459864,5.952380819334841e-07,1.0,0.0,0.9103151605536585,1.0
2014-10-30,14.953499794006348,0.01682982867000704,1.1904762008242064e-07,1.0,0.0,0.920943051011182,1.0
2014-10-31,15.27299976348877,0.021366233583022698,1.1904762008242064e-07,1.0,0.0,0.9130550443923563,1.0
2014-11-03,15.28600025177002,0.0008512072600386222,1.1904762008242064e-07,1.0,0.0,0.9172274845887166,1.0
2014-11-04,15.14050006866455,-0.009518525494504049,8.730158682853453e-07,1.0,0.0,0.9222152006240126,1.0
2014-11-05,14.826000213623049,-0.020772091649231883,7.936507759113135e-07,1.0,0.0,0.9256399347038654,1.0
2014-11-06,14.83199977874756,0.0004046651179054894,7.142856835372857e-07,1.0,0.0,0.9200901244107121,1.0
2014-11-07,14.993000030517578,0.010854925443075647,7.142856835372857e-07,1.0,0.0,0.9107543603130288,1.0
2014-11-10,15.255499839782717,0.017508157722325945,5.952380819334841e-07,1.0,0.0,0.8938488605579699,1.0
2014-11-11,15.600500106811523,0.022614812405499007,5.952380819334841e-07,1.0,0.0,0.8523625906996505,1.0
2014-11-12,15.575499534606934,-0.0016025494076099545,5.158730265167024e-07,1.0,0.0,0.8606043261172655,1.0
2014-11-13,15.824000358581545,0.015954597374066237,1.9841269397782539e-07,1.0,0.0,0.829974192738961,1.0
2014-11-14,16.391000747680664,0.035831671906631835,1.1904762008242064e-07,1.0,0.0,0.7331734596685393,1.0
2014-11-17,16.15250015258789,-0.014550703691873168,3.9682538795565474e-07,1.0,0.0,0.8111172678033577,1.0
2014-11-18,16.24650001525879,0.00581952402308672,5.952380819334841e-07,1.0,0.0,0.8247884955567177,1.0
2014-11-19,16.32699966430664,0.004954891759594071,5.952380819334841e-07,1.0,0.0,0.8225038238947009,1.0
2014-11-20,16.527000427246094,0.012249694803184497,5.952380819334841e-07,1.0,0.0,0.7891896950136242,1.0
2014-11-21,16.631500244140625,0.006322975385312901,1.1904762008242064e-07,1.0,0.0,0.7964806072225319,1.0
2014-11-24,16.781999588012695,0.009049054003717583,1.9841269397782539e-07,1.0,0.0,0.7823366784037229,1.0
2014-11-25,16.75200080871582,-0.0017875569081948761,7.142856835372857e-07,1.0,0.0,0.8052272426704359,1.0
2014-11-26,16.678499221801758,-0.004387630334629633,3.9682538795565474e-07,1.0,0.0,0.8319587724052455,1.0
2014-11-28,16.93199920654297,0.015199208356219573,1.9841269397782539e-07,1.0,0.0,0.7981484735468096,1.0
2014-12-01,16.299999237060547,-0.03732577362974365,2.777777863518571e-07,1.0,0.0,0.9212749346358421,1.0
2014-12-02,16.315500259399414,0.000950983010086448,5.952380819334841e-07,1.0,0.0,0.9144455373293249,1.0
2014-12-03,15.824999809265137,-0.030063463720746086,1.9841269397782539e-07,1.0,0.0,0.936438672094847,1.0
2014-12-04,15.846500396728516,0.0013586469334925244,5.158730265167024e-07,1.0,0.0,0.932292421723612,1.0
2014-12-05,15.631500244140623,-0.013567674073467928,3.9682538795565474e-07,1.0,0.0,0.9326537842088255,1.0
2014-12-08,15.33199977874756,-0.019160058901277144,1.9841269397782539e-07,1.0,0.0,0.9245699424820161,1.0
2014-12-09,15.625,0.019110372128923636,1.1111111454074327e-06,1.0,0.0,0.9384512876605937,1.0
2014-12-10,15.291999816894531,-0.021312011718749968,9.92063506846389e-07,1.0,0.0,0.932436680749482,1.0
2014-12-11,15.368000030517578,0.004969932940954047,8.730158682853453e-07,1.0,0.0,0.9336287968472565,1.0
2014-12-12,15.366000175476074,-0.000130131119048138,5.952380819334841e-07,1.0,0.0,0.9349170976423369,1.0
2014-12-15,15.303500175476074,-0.004067421533662907,3.9682538795565474e-07,1.0,0.0,0.9319036620974153,1.0
2014-12-16,14.753000259399414,-0.0359721573342312,1.1904761638669722e-06,1.0,0.0,0.9036833455820839,1.0
2014-12-17,14.944000244140623,0.012946518090075854,7.936507759113135e-07,1.0,0.0,0.9266417539658522,1.0
2014-12-18,14.886500358581545,-0.003847690351960753,1.309523802428016e-06,1.0,0.0,0.9161493070214287,1.0
2014-12-19,14.994999885559082,0.007288450902766419,9.92063506846389e-07,1.0,0.0,0.9226243998690502,1.0
2014-12-22,15.32699966430664,0.02214069898508564,5.952380819334841e-07,1.0,0.0,0.9287197124252846,1.0
2014-12-23,15.314499855041504,-0.0008155418241605483,7.936507759113135e-07,1.0,0.0,0.9263327073524867,1.0
2014-12-24,15.15149974822998,-0.010643514862019088,7.936507759113135e-07,1.0,0.0,0.9338366193722475,1.0
2014-12-26,15.454500198364258,0.019998050039216286,3.9682538795565474e-07,1.0,0.0,0.9297419288151163,1.0
2014-12-29,15.60200023651123,0.009544148063913793,1.1904762008242064e-07,1.0,0.0,0.9177531465603658,1.0
2014-12-30,15.515000343322754,-0.0055762012478940415,7.936507759113135e-07,1.0,0.0,0.928317335062466,1.0
2014-12-31,15.517499923706056,0.00016110733664143062,1.4682539871760755e-06,1.0,0.0,0.925400081867399,1.0
2015-01-02,15.425999641418455,-0.00589658661108261,5.952380819334841e-07,1.0,0.0,0.933099997641213,1.0
2015-01-05,15.10949993133545,-0.020517290123176934,1.1904762008242064e-07,1.0,0.0,0.9328993146338896,1.0
2015-01-06,14.76449966430664,-0.022833334564125174,7.936507759113135e-07,1.0,0.0,0.9218268179717614,1.0
2015-01-07,14.92099952697754,0.010599740338593344,7.936507759113135e-07,1.0,0.0,0.9318183903798234,1.0
2015-01-08,15.02299976348877,0.0068360190164746815,7.142856835372857e-07,1.0,0.0,0.9362452761948283,1.0
2015-01-09,14.846500396728516,-0.011748610100441481,5.952380819334841e-07,1.0,0.0,0.9240759052773614,1.0
2015-01-12,14.570500373840332,-0.018590241168821242,5.158730265167024e-07,1.0,0.0,0.912368490211731,1.0
2015-01-13,14.737000465393066,0.0114272047823194,9.126984144723571e-07,1.0,0.0,0.9123786154991064,1.0
2015-01-14,14.66349983215332,-0.00498748937494764,9.92063506846389e-07,1.0,0.0,0.9190878676937655,1.0
2015-01-15,14.34749984741211,-0.02155010661563239,9.126984144723571e-07,1.0,0.0,0.898335366699043,1.0
2015-01-16,14.536999702453612,0.013207865973644317,7.142856835372857e-07,1.0,0.0,0.9252763497922041,1.0
2015-01-20,14.472000122070312,-0.0044713201976834815,3.17460332538873e-07,1.0,0.0,0.9214910718949141,1.0
2015-01-21,14.862500190734863,0.0269831443733215,7.936507759113135e-07,1.0,0.0,0.9290542843980347,1.0
2015-01-22,15.515999794006348,0.043969695198313286,5.952380819334841e-07,1.0,0.0,0.8795111233559566,1.0
2015-01-23,15.619500160217283,0.006670557333399607,5.158730265167024e-07,1.0,0.0,0.8704038843699299,1.0
2015-01-26,15.482999801635742,-0.008739099022464614,1.9841269397782539e-07,1.0,0.0,0.9050632633686403,1.0
2015-01-27,15.337499618530272,-0.009397415550576937,7.142856835372857e-07,1.0,0.0,0.9283814099301562,1.0
2015-01-28,15.195500373840332,-0.009258304692531527,5.952380819334841e-07,1.0,0.0,0.9308189951739388,1.0
2015-01-29,15.58899974822998,0.02589578261385017,3.9682538795565474e-07,1.0,0.0,0.8990667750825506,1.0
2015-01-30,17.726499557495117,0.13711590504758542,1.9841269397782539e-07,1.0,0.0,0.37458150723932254,0.0
2015-02-02,18.223499298095703,0.02803710563321249,1.9841269397782539e-07,1.0,0.0,0.3371055618395756,0.0
2015-02-03,18.177499771118164,-0.0025241873816378435,5.952380819334841e-07,0.0,0.0,0.3590766605669291,0.0
2015-02-04,18.237499237060547,0.0033007545975995978,1.9841269397782539e-07,0.0,0.0,0.3766635602786474,0.0
2015-02-05,18.694499969482425,0.02505830029005307,3.17460332538873e-07,0.0,0.0,0.33696489997627593,0.0
2015-02-06,18.714000701904297,0.0010431267192867466,5.952380819334841e-07,0.0,0.0,0.3611290637329173,0.0
2015-02-09,18.527999877929688,-0.009939126696499656,1.1904762008242064e-07,0.0,0.0,0.4303845900969783,0.0
2015-02-10,18.64999961853028,0.006584614713103454,1.9841269397782539e-07,0.0,0.0,0.44147614986707895,0.0
2015-02-11,18.756999969482425,0.005737284350710192,1.9841269397782539e-07,0.0,0.0,0.45545647077558304,0.0
2015-02-12,18.85849952697754,0.005411289527123442,3.17460332538873e-07,0.0,0.0,0.4688341509724396,0.0
2015-02-13,19.09149932861328,0.012355161199459674,1.9841269397782539e-07,0.0,0.0,0.44962815343089246,0.0
2015-02-17,18.771499633789062,-0.01676137056164162,3.17460332538873e-07,0.0,0.0,0.5731772393446699,1.0
2015-02-18,18.668500900268555,-0.005486974164552572,5.158730265167024e-07,1.0,0.0,0.650905926832594,1.0
2015-02-19,18.950000762939453,0.015078868098447495,5.158730265167024e-07,1.0,0.0,0.5940018515012806,1.0
2015-02-20,19.183000564575195,0.012295503549077491,3.9682538795565474e-07,1.0,0.0,0.5509338633004266,1.0
2015-02-23,19.006999969482425,-0.009174820930662242,5.952380819334841e-07,1.0,0.0,0.6422976587344552,1.0
2015-02-24,18.929500579833984,-0.004077413046397305,7.142856835372857e-07,1.0,0.0,0.6925085559608413,1.0
2015-02-25,19.26849937438965,0.01790849120006932,5.952380819334841e-07,1.0,0.0,0.6156268048857078,1.0
2015-02-26,19.239999771118164,-0.0014790774682414964,5.158730265167024e-07,1.0,0.0,0.6616742227669523,1.0
2015-02-27,19.007999420166016,-0.012058230442414719,3.17460332538873e-07,1.0,0.0,0.755264703722459,1.0
2015-03-02,19.28300094604492,0.014467673309540796,1.9841269397782539e-07,1.0,0.0,0.6947160291473954,1.0
2015-03-03,19.230499267578125,-0.0027226923140073467,5.158730265167024e-07,1.0,0.0,0.7261320793198749,1.0
2015-03-04,19.13599967956543,-0.004914047560482082,3.9682538795565474e-07,1.0,0.0,0.7721030455751673,1.0
2015-03-05,19.39150047302246,0.013351839346541716,1.1904762008242064e-07,1.0,0.0,0.7191359816028351,1.0
2015-03-06,19.004499435424805,-0.019957250762314804,1.9841269397782539e-07,1.0,0.0,0.8315789604329702,1.0
2015-03-09,18.92799949645996,-0.004025359322132216,1.9841269397782539e-07,1.0,0.0,0.8456311837089323,1.0
2015-03-10,18.475500106811523,-0.02390635046947598,3.9682538795565474e-07,1.0,0.0,0.9084269482895024,1.0
2015-03-11,18.318500518798828,-0.008497717902359425,5.158730265167024e-07,1.0,0.0,0.9114889947243418,1.0
2015-03-12,18.71199989318848,0.02148098169857482,7.142856835372857e-07,1.0,0.0,0.8902596628743499,1.0
2015-03-13,18.52899932861328,-0.009779850663734435,9.126984144723571e-07,1.0,0.0,0.9103873611849116,1.0
2015-03-16,18.667499542236328,0.007474781080550219,1.1904761638669722e-06,1.0,0.0,0.8941233916405708,1.0
2015-03-17,18.59600067138672,-0.0038301257588269078,1.90476192131875e-06,1.0,0.0,0.9022448865086083,1.0
2015-03-18,18.756999969482425,0.008657737808293042,1.5079364594485992e-06,1.0,0.0,0.8753924518255906,1.0
2015-03-19,18.66200065612793,-0.005064739217841785,3.9682538795565474e-07,1.0,0.0,0.8942333608267107,1.0
2015-03-20,18.92449951171875,0.014065954686622861,1.1904762008242064e-07,1.0,0.0,0.8568114853605432,1.0
2015-03-23,18.75550079345703,-0.00893015522852103,1.1904762008242064e-07,1.0,0.0,0.8895061504940109,1.0
2015-03-24,18.70450019836425,-0.002719233981242075,5.952380819334841e-07,1.0,0.0,0.8941909381376816,1.0
2015-03-25,18.54800033569336,-0.008366963084347923,7.142856835372857e-07,1.0,0.0,0.9060428598027898,1.0
2015-03-26,18.36750030517578,-0.009731508909358144,1.1111111454074327e-06,1.0,0.0,0.9134577345593251,1.0
2015-03-27,18.527999877929688,0.008738237108327551,1.1904761638669722e-06,1.0,0.0,0.906259766228461,1.0
2015-03-30,18.72949981689453,0.010875428556369249,9.126984144723571e-07,1.0,0.0,0.8895725018216106,1.0
2015-03-31,18.604999542236328,-0.006647282408785982,9.92063506846389e-07,1.0,0.0,0.8961636464523998,1.0
2015-04-01,18.51300048828125,-0.004944856555692212,1.309523802428016e-06,1.0,0.0,0.8998476257499476,1.0
2015-04-02,18.612499237060547,0.005374533903473866,3.9682538795565474e-07,1.0,0.0,0.8943987897941811,1.0
2015-04-06,18.85199928283692,0.012867699427462798,1.1904762008242064e-07,1.0,0.0,0.8721172734214983,1.0
2015-04-07,18.72050094604492,-0.0069752992676866965,5.952380819334841e-07,1.0,0.0,0.8846742519837495,1.0
2015-04-08,19.059999465942383,0.018135119400701116,7.142856835372857e-07,1.0,0.0,0.8506898913944047,1.0
2015-04-09,19.177000045776367,0.006138540562031336,7.936507759113135e-07,1.0,0.0,0.8311922771138257,1.0
2015-04-10,19.13249969482422,-0.0023205063798260595,5.952380819334841e-07,1.0,0.0,0.8463739448221275,1.0
2015-04-13,19.11800003051757,-0.0007578551960238933,1.9841269397782539e-07,1.0,0.0,0.8500777703384431,1.0
2015-04-14,19.25550079345703,0.007192214809079056,3.9682538795565474e-07,1.0,0.0,0.831618107882176,1.0
2015-04-15,19.17250061035156,-0.004310466084251341,5.952380819334841e-07,1.0,0.0,0.8469787276276286,1.0
2015-04-16,19.302000045776367,0.006754436369916572,3.9682538795565474e-07,1.0,0.0,0.8296147978109705,1.0
2015-04-17,18.777999877929688,-0.027147454491968093,5.158730265167024e-07,1.0,0.0,0.91340386854761,1.0
2015-04-20,19.475500106811523,0.03714454326424965,5.158730265167024e-07,1.0,0.0,0.8462602466497268,1.0
2015-04-21,19.55900001525879,0.004287433338775237,7.936507759113135e-07,1.0,0.0,0.8342204288514524,1.0
2015-04-22,19.489999771118164,-0.0035278001987215646,7.936507759113135e-07,1.0,0.0,0.8579513561337638,1.0
2015-04-23,19.499500274658203,0.0004874552925402398,7.936507759113135e-07,1.0,0.0,0.8489429616442904,1.0
2015-04-24,22.2549991607666,0.1413112565602248,5.952380819334841e-07,1.0,0.0,0.28230787481686714,0.0
2015-04-27,21.92799949645996,-0.014693312812301018,5.158730265167024e-07,1.0,0.0,0.33200958466293773,0.0
2015-04-28,21.465499877929688,-0.02109173792187191,5.158730265167024e-07,0.0,0.0,0.4561099457520756,0.0
2015-04-29,21.4685001373291,0.00013977123367614475,1.1904762008242064e-07,0.0,0.0,0.49527860898255466,0.0
2015-04-30,21.089000701904297,-0.017677035330704638,1.9841269397782539e-07,0.0,0.0,0.6324884424859574,1.0
2015-05-01,21.14349937438965,0.0025842226123322654,1.1904762008242064e-07,1.0,0.0,0.6468120920957113,1.0
2015-05-04,21.152000427246094,0.0004020646112508075,1.1904762008242064e-07,1.0,0.0,0.6674882577425532,1.0
2015-05-05,21.059499740600582,-0.004373141299976568,3.17460332538873e-07,1.0,0.0,0.705867704737446,1.0
2015-05-06,20.95499992370605,-0.004962122471174668,3.9682538795565474e-07,1.0,0.0,0.7520508367295172,1.0
2015-05-07,21.3439998626709,0.018563585797238602,1.9841269397782539e-07,1.0,0.0,0.6906217204817873,1.0
2015-05-08,21.684499740600582,0.0159529554029465,1.1904762008242064e-07,1.0,0.0,0.6323228564165022,1.0
2015-05-11,21.64249992370605,-0.0019368589267426684,1.9841269397782539e-07,1.0,0.0,0.6712186644319356,1.0
2015-05-12,21.551000595092773,-0.004227761531053753,5.158730265167024e-07,1.0,0.0,0.7184817567980034,1.0
2015-05-13,21.3435001373291,-0.00962834448674832,3.9682538795565474e-07,1.0,0.0,0.7716237928029502,1.0
2015-05-14,21.61400032043457,0.012673656212196072,3.9682538795565474e-07,1.0,0.0,0.7376301098613924,1.0
2015-05-15,21.299999237060547,-0.014527670894737499,3.9682538795565474e-07,1.0,0.0,0.811677883293207,1.0
2015-05-18,21.261999130249023,-0.0017840426372131013,3.17460332538873e-07,1.0,0.0,0.8274125035525023,1.0
2015-05-19,21.08550071716309,-0.008301120322916078,3.9682538795565474e-07,1.0,0.0,0.8481351979639806,1.0
2015-05-20,21.19300079345703,0.005098293739187243,5.158730265167024e-07,1.0,0.0,0.8415353683229458,1.0
2015-05-21,21.581499099731445,0.01833144395456987,5.158730265167024e-07,1.0,0.0,0.782342953740812,1.0
2015-05-22,21.381500244140625,-0.009267143800650524,3.9682538795565474e-07,1.0,0.0,0.8121905635188654,1.0
2015-05-26,21.273500442504883,-0.005051086238223035,3.9682538795565474e-07,1.0,0.0,0.839377363163322,1.0
2015-05-27,21.57099914550781,0.013984473491185145,5.158730265167024e-07,1.0,0.0,0.8086028370538869,1.0
2015-05-28,21.328500747680664,-0.011241871375144208,1.1904762008242064e-07,1.0,0.0,0.8475610516654727,1.0
2015-05-29,21.46150016784668,0.006235760391197553,1.1904762008242064e-07,1.0,0.0,0.8287792559259685,1.0
2015-06-01,21.54599952697754,0.003937253149593589,3.17460332538873e-07,1.0,0.0,0.8218451309836496,1.0
2015-06-02,21.54949951171875,0.00016244244026974997,3.9682538795565474e-07,1.0,0.0,0.8238346045329425,1.0
2015-06-03,21.82950019836425,0.012993373070833147,3.9682538795565474e-07,1.0,0.0,0.7847210973296628,1.0
2015-06-04,21.53899955749512,-0.01330770921135882,1.9841269397782539e-07,1.0,0.0,0.8414971815229751,1.0
2015-06-05,21.34749984741211,-0.008890835879903913,3.9682538795565474e-07,1.0,0.0,0.8588533818232285,1.0
2015-06-08,21.174999237060547,-0.008080600144492966,3.9682538795565474e-07,1.0,0.0,0.8728031461674409,1.0
2015-06-09,21.27400016784668,0.00467536880062136,5.158730265167024e-07,1.0,0.0,0.8684680945218444,1.0
2015-06-10,21.53849983215332,0.012433000950446749,5.158730265167024e-07,1.0,0.0,0.8441453089183716,1.0
2015-06-11,21.648500442504883,0.0051071621147611435,3.17460332538873e-07,1.0,0.0,0.8263488373153766,1.0
2015-06-12,21.496000289916992,-0.007044374874504933,1.9841269397782539e-07,1.0,0.0,0.8477119415811997,1.0
2015-06-15,21.183500289916992,-0.014537588192468642,1.1904762008242064e-07,1.0,0.0,0.8752308701764563,1.0
2015-06-16,21.363000869750977,0.008473603388360784,3.17460332538873e-07,1.0,0.0,0.8673501384660037,1.0
2015-06-17,21.390499114990234,0.0012871901942481667,1.1904762008242064e-07,1.0,0.0,0.860061588258589,1.0
2015-06-18,21.96949958801269,0.02706811420855071,1.1904762008242064e-07,1.0,0.0,0.7962066220549735,1.0
2015-06-19,21.746000289916992,-0.010173162897968213,1.1904762008242064e-07,1.0,0.0,0.8437949789727854,1.0
2015-06-22,21.81450080871582,0.0031500284137579992,1.1904762008242064e-07,1.0,0.0,0.8342139966696355,1.0
2015-06-23,22.29949951171875,0.022232858191701288,3.17460332538873e-07,1.0,0.0,0.7673102515346946,1.0
2015-06-24,22.04199981689453,-0.011547330678381318,1.9841269397782539e-07,1.0,0.0,0.8238737451912491,1.0
2015-06-25,22.0049991607666,-0.0016786433370519216,1.9841269397782539e-07,1.0,0.0,0.8344077996459982,1.0
2015-06-26,21.905000686645508,-0.004544352553277231,1.9841269397782539e-07,1.0,0.0,0.8480512505972161,1.0
2015-06-29,21.49300003051757,-0.018808520575811505,1.9841269397782539e-07,1.0,0.0,0.8856551219481751,1.0
2015-06-30,21.70450019836425,0.009840420953164841,3.9682538795565474e-07,1.0,0.0,0.8751936752042677,1.0
2015-07-01,21.86949920654297,0.007602064395435981,1.1904762008242064e-07,1.0,0.0,0.8567791618012228,1.0
2015-07-02,21.88549995422364,0.0007316467345481747,1.1904762008242064e-07,1.0,0.0,0.8577147046382207,1.0
2015-07-06,21.802000045776367,-0.0038153073323398123,1.9841269397782539e-07,1.0,0.0,0.86533505683915,1.0
2015-07-07,21.836000442504883,0.0015595081486619033,3.9682538795565474e-07,1.0,0.0,0.8582069227794882,1.0
2015-07-08,21.48500061035156,-0.016074364583272494,3.9682538795565474e-07,1.0,0.0,0.891544233705252,1.0
2015-07-09,21.71949958801269,0.0109145436816116,3.17460332538873e-07,1.0,0.0,0.8678945918144625,1.0
2015-07-10,22.175500869750977,0.020995017858973064,3.17460332538873e-07,1.0,0.0,0.8303559824399729,1.0
2015-07-13,22.778499603271484,0.027192113362501047,3.17460332538873e-07,1.0,0.0,0.7477887765032913,1.0
2015-07-14,23.278499603271484,0.021950523902293684,3.9682538795565474e-07,1.0,0.0,0.6692815881536287,1.0
2015-07-15,23.059499740600582,-0.00940781692992465,5.158730265167024e-07,1.0,0.0,0.7412560785727093,1.0
2015-07-16,23.77400016784668,0.030985079263800452,3.9682538795565474e-07,1.0,0.0,0.6173631257360538,1.0
2015-07-17,24.15049934387207,0.01583659347889599,5.158730265167024e-07,1.0,0.0,0.5679632991433176,1.0
2015-07-20,24.405000686645508,0.01053813998417441,9.126984144723571e-07,1.0,0.0,0.550874673079012,1.0
2015-07-21,24.39999961853028,-0.00020491981046999452,1.1904761638669722e-06,1.0,0.0,0.5851227161947589,1.0
2015-07-22,24.41349983215332,0.0005532874522173881,1.1904761638669722e-06,1.0,0.0,0.6098699748077211,1.0
2015-07-23,24.108999252319336,-0.01247263120517228,1.1904761638669722e-06,1.0,0.0,0.7036713401879162,1.0
2015-07-24,26.47100067138672,0.09797177370770194,1.1904761638669722e-06,1.0,0.0,0.2964586587778305,0.0
2015-07-27,26.570499420166016,0.003758783055256787,1.1111111454074327e-06,1.0,0.0,0.3163550962378768,0.0
2015-07-28,26.30150032043457,-0.010123976048688199,1.7063492642981665e-06,0.0,0.0,0.3719904162864137,0.0
2015-07-29,26.450000762939453,0.005646082569271016,1.7857143566721944e-06,0.0,0.0,0.38377479446027607,0.0
2015-07-30,26.83799934387207,0.014669133071491647,2.3809523277339444e-06,0.0,0.0,0.35769967755313903,0.0
2015-07-31,26.8075008392334,-0.0011363926292679016,2.3015872353599167e-06,0.0,0.0,0.40237569712742416,0.0
2015-08-03,26.75149917602539,-0.0020890296168917244,2.5000000402094805e-06,0.0,0.0,0.4468153233789815,0.0
2015-08-04,26.59499931335449,-0.005850134291208509,2.9761905944536585e-06,0.0,0.0,0.5095377755225795,1.0
2015-08-05,26.850500106811523,0.009607099080793713,2.9761905944536585e-06,0.0,0.0,0.49317183068341675,0.0
2015-08-06,26.472999572753903,-0.014059348338240296,1.1111111454074327e-06,0.0,0.0,0.591209670426659,1.0
2015-08-07,26.131000518798828,-0.01291878742396313,2.182539670713361e-06,1.0,0.0,0.6719171558263436,1.0
2015-08-10,26.200000762939453,0.002640551175642436,2.5793649847545313e-06,1.0,0.0,0.668963511068714,1.0
2015-08-11,26.37299919128418,0.006602993255993894,3.888888787182548e-06,1.0,0.0,0.6587059237871787,1.0
2015-08-12,26.295499801635746,-0.0029385884057527845,3.571428713344389e-06,1.0,0.0,0.6904952398272282,1.0
2015-08-13,26.482999801635746,0.00713049766745022,3.2936506682918174e-06,1.0,0.0,0.671264077841249,1.0
2015-08-14,26.576000213623047,0.0035117023254125357,3.1746031036452616e-06,1.0,0.0,0.669673839875337,1.0
2015-08-17,26.76099967956543,0.006961147819661395,2.3809523277339444e-06,1.0,0.0,0.6517203152571286,1.0
2015-08-18,26.7509994506836,-0.00037368667096038255,3.3730159084948255e-06,1.0,0.0,0.6719283389175505,1.0
2015-08-19,26.645999908447266,-0.0039250698812172136,1.5873015518226308e-06,1.0,0.0,0.7022114359058036,1.0
2015-08-20,25.78899955749512,-0.03216243916147654,5.952380819334841e-07,1.0,0.0,0.8255273250198972,1.0
2015-08-21,24.723499298095703,-0.041316075756407056,7.936507759113135e-07,1.0,0.0,0.8642919620936849,1.0
2015-08-24,23.168500900268555,-0.06289556260132323,5.952380819334841e-07,1.0,0.0,0.8432392593127944,1.0
2015-08-25,23.318500518798828,0.006474291072001703,2.103174578339333e-06,1.0,0.0,0.855282102802469,1.0
2015-08-26,25.03849983215332,0.07376114566062553,2.182539670713361e-06,1.0,0.0,0.8480289173192083,1.0
2015-08-27,25.918500900268555,0.03514591824647484,1.984127013692778e-06,1.0,0.0,0.7328195868134405,1.0
2015-08-28,25.90049934387207,-0.0006945446600384875,1.984127013692778e-06,1.0,0.0,0.7628608420398533,1.0
2015-08-31,25.644500732421875,-0.009883925713222386,1.1904762008242064e-07,1.0,0.0,0.8180264682807274,1.0
2015-09-01,24.82699966430664,-0.03187822124693118,1.5079364594485992e-06,1.0,0.0,0.8866753114403301,1.0
2015-09-02,25.52750015258789,0.028215269575580182,9.92063506846389e-07,1.0,0.0,0.8455246554913575,1.0
2015-09-03,25.23600006103516,-0.01141906139693738,5.952380819334841e-07,1.0,0.0,0.8759978948211985,1.0
2015-09-04,24.950000762939453,-0.01133298848486275,9.92063506846389e-07,1.0,0.0,0.9003054545367127,1.0
2015-09-08,25.87700080871582,0.03715430931582686,9.92063506846389e-07,1.0,0.0,0.8083727164955664,1.0
2015-09-09,25.84449958801269,-0.0012559887037674189,1.3888888948020476e-06,1.0,0.0,0.8186761720968881,1.0
2015-09-10,26.11199951171875,0.010350361894030602,5.952380819334841e-07,1.0,0.0,0.7940039987196277,1.0
2015-09-11,26.472000122070312,0.013786788338058908,9.126984144723571e-07,1.0,0.0,0.7431260336224779,1.0
2015-09-14,26.069000244140625,-0.01522362783587694,9.92063506846389e-07,1.0,0.0,0.8336910742508267,1.0
2015-09-15,26.11849975585937,0.001898788264036888,2.3015872353599167e-06,1.0,0.0,0.8351440947290583,1.0
2015-09-16,26.36949920654297,0.009610025576882064,2.103174578339333e-06,1.0,0.0,0.8049302804867394,1.0
2015-09-17,26.943500518798828,0.02176762280390343,1.1904762008242064e-07,1.0,0.0,0.7057281321979826,1.0
2015-09-18,27.01300048828125,0.002579470675457829,3.9682538795565474e-07,1.0,0.0,0.703180348172165,1.0
2015-09-21,27.41950035095215,0.015048304717102612,5.158730265167024e-07,1.0,0.0,0.6377254011742937,1.0
2015-09-22,26.920000076293945,-0.0182169721645149,1.1904762008242064e-07,1.0,0.0,0.7690550154371024,1.0
2015-09-23,26.80349922180176,-0.004327669173923021,1.1904762008242064e-07,1.0,0.0,0.8119203860424493,1.0
2015-09-24,26.6875,-0.00432776410430058,1.9841269397782539e-07,1.0,0.0,0.8313499042237418,1.0
2015-09-25,26.21249961853028,-0.017798609141722488,7.936507759113135e-07,1.0,0.0,0.8954162693619058,1.0
2015-09-28,25.202999114990234,-0.03851217999928569,5.158730265167024e-07,1.0,0.0,0.9276314431041428,1.0
2015-09-29,24.80349922180176,-0.015851283863707266,1.1904762008242064e-07,1.0,0.0,0.9218434311163037,1.0
2015-09-30,25.59449958801269,0.031890676357296366,1.9841269397782539e-07,1.0,0.0,0.9299851480620426,1.0
2015-10-01,26.035999298095703,0.017249788712016434,7.142856835372857e-07,1.0,0.0,0.8954700697024097,1.0
2015-10-02,26.62700080871582,0.02269939800863896,3.17460332538873e-07,1.0,0.0,0.8066248823565316,1.0
2015-10-05,27.18400001525879,0.02091858600765306,3.17460332538873e-07,1.0,0.0,0.7146067676566161,1.0
2015-10-06,26.874000549316406,-0.011403747269289832,1.9841269397782539e-07,1.0,0.0,0.808713889363694,1.0
2015-10-07,27.097000122070312,0.008297967113034765,1.9841269397782539e-07,1.0,0.0,0.7643856563507253,1.0
2015-10-08,26.65800094604492,-0.016201024986077006,1.1904762008242064e-07,1.0,0.0,0.8365729478968537,1.0
2015-10-09,26.989999771118164,0.012454003049411133,1.1904762008242064e-07,1.0,0.0,0.7879021740116126,1.0
2015-10-12,27.50950050354004,0.0192478968813401,3.9682538795565474e-07,1.0,0.0,0.7024485190215267,1.0
2015-10-13,27.44499969482422,-0.002344673932102803,1.9841269397782539e-07,1.0,0.0,0.7386016877080944,1.0
2015-10-14,27.241500854492188,-0.007414787487514896,3.9682538795565474e-07,1.0,0.0,0.7951349934625624,1.0
2015-10-15,28.121999740600582,0.032321966796598156,1.9841269397782539e-07,1.0,0.0,0.6453720238865551,1.0
2015-10-16,28.538000106811523,0.014792702156608994,1.9841269397782539e-07,1.0,0.0,0.5836918748768154,1.0
2015-10-19,28.65749931335449,0.00418737143793213,1.9841269397782539e-07,1.0,0.0,0.5928495307916128,1.0
2015-10-20,28.04400062561035,-0.021407963096704785,3.9682538795565474e-07,1.0,0.0,0.7398587811421364,1.0
2015-10-21,27.78849983215332,-0.00911071130214225,1.9841269397782539e-07,1.0,0.0,0.808995317039245,1.0
2015-10-22,28.195499420166016,0.014646331772892873,1.9841269397782539e-07,1.0,0.0,0.7443968325254041,1.0
2015-10-23,29.951499938964844,0.062279461435710504,1.1904762008242064e-07,1.0,0.0,0.4096637315557786,0.0
2015-10-26,30.43050003051757,0.01599252433196452,3.17460332538873e-07,1.0,0.0,0.37199855252981223,0.0
2015-10-27,30.550500869750977,0.003943439612003052,3.9682538795565474e-07,0.0,0.0,0.393711586690837,0.0
2015-10-28,30.854999542236328,0.009967059911179632,1.3888888948020476e-06,0.0,0.0,0.38711916853258455,0.0
2015-10-29,31.32749938964844,0.015313558723775822,2.103174578339333e-06,0.0,0.0,0.3626022284653832,0.0
2015-10-30,31.295000076293945,-0.0010374052825050661,2.698412845059044e-06,0.0,0.0,0.401399897531,0.0
2015-11-02,31.417499542236328,0.003914346242011257,2.103174578339333e-06,0.0,0.0,0.420902468761917,0.0
2015-11-03,31.265499114990234,-0.004838081625234136,2.3015872353599167e-06,0.0,0.0,0.48320986728332144,0.0
2015-11-04,32.04750061035156,0.025011642785078614,2.182539670713361e-06,0.0,0.0,0.3924034735351649,0.0
2015-11-05,32.782501220703125,0.022934724903762138,1.5873015518226308e-06,0.0,0.0,0.3366371226994107,0.0
2015-11-06,32.96849822998047,0.005673667424738182,2.896825354250651e-06,0.0,0.0,0.3504517732220843,0.0
2015-11-09,32.77450180053711,-0.005884296824504642,2.9761905944536585e-06,0.0,0.0,0.40299959808374647,0.0
2015-11-10,32.98400115966797,0.006392144735131389,4.96031746031746e-06,0.0,0.0,0.40966893763605045,0.0
2015-11-11,33.662498474121094,0.02057049753208151,4.880952515772409e-06,0.0,0.0,0.3615879455703949,0.0
2015-11-12,33.279998779296875,-0.0113627838741166,4.880952515772409e-06,0.0,0.0,0.4275724850804079,0.0
2015-11-13,32.11750030517578,-0.03493084485460596,4.484126906073282e-06,0.0,0.0,0.6357501977925868,1.0
2015-11-16,32.390499114990234,0.008500001781597488,3.888888787182548e-06,1.0,0.0,0.5869829586328239,1.0
2015-11-17,32.165000915527344,-0.006961862448069844,5.357143070016588e-06,1.0,0.0,0.6543359546490234,1.0
2015-11-18,33.176998138427734,0.03146268285700127,4.880952515772409e-06,1.0,0.0,0.49365803756415677,0.0
2015-11-19,33.063499450683594,-0.0034210053384148287,3.492063473141381e-06,1.0,0.0,0.5518020568333182,1.0
2015-11-20,33.42250061035156,0.010857929911606723,3.6904762779909446e-06,1.0,0.0,0.5095794425480007,1.0
2015-11-23,33.949501037597656,0.01576783357385514,4.166666536577163e-06,1.0,0.0,0.45214571184791846,0.0
2015-11-24,33.557498931884766,-0.01154662347699209,6.071428457895913e-06,1.0,0.0,0.5411033914125924,1.0
2015-11-25,33.766998291015625,0.006242996820356117,6.944444326181258e-06,1.0,0.0,0.53573621498732,1.0
2015-11-27,33.66299819946289,-0.0030799329764649164,6.3492062072905275e-06,1.0,0.0,0.5890275046013469,1.0
2015-11-30,33.2400016784668,-0.012565622304041901,6.746031816989654e-06,1.0,0.0,0.6790028223851211,1.0
2015-12-01,33.952999114990234,0.021449981965113052,8.055555323759714e-06,1.0,0.0,0.5769522952614448,1.0
2015-12-02,33.800498962402344,-0.00449150757114003,7.93650805477112e-06,1.0,0.0,0.6300091029486363,1.0
2015-12-03,33.3125,-0.014437625993189207,7.85714281456811e-06,1.0,0.0,0.7137061082640536,1.0
2015-12-04,33.63199996948242,0.009590993455382169,8.134920563962722e-06,1.0,0.0,0.6776665697023301,1.0
2015-12-07,33.49150085449219,-0.004177542671197743,9.325396801744186e-06,1.0,0.0,0.7076183277016974,1.0
2015-12-08,33.86650085449219,0.01119687056215346,1.0634920899830168e-05,1.0,0.0,0.6617772255630828,1.0
2015-12-09,33.239498138427734,-0.018513950371146337,9.722222411443313e-06,1.0,0.0,0.7534420118972089,1.0
2015-12-10,33.11600112915039,-0.0037153692502526203,9.126984292552583e-06,1.0,0.0,0.774607194070649,1.0
2015-12-11,32.00749969482422,-0.03347328773190594,8.452380933458842e-06,1.0,0.0,0.849231083355259,1.0
2015-12-14,32.89550018310547,0.027743513137480136,7.85714281456811e-06,1.0,0.0,0.803108133024202,1.0
2015-12-15,32.93199920654297,0.001109544564889875,9.92063492063492e-06,1.0,0.0,0.8069496163031316,1.0
2015-12-16,33.78850173950195,0.02600821552275545,9.325396801744186e-06,1.0,0.0,0.7043788891044936,1.0
2015-12-17,33.532501220703125,-0.007576557278937912,8.452380933458842e-06,1.0,0.0,0.7594050986741837,1.0
2015-12-18,33.207000732421875,-0.009707014879053677,6.944444326181258e-06,1.0,0.0,0.7906860930102472,1.0
2015-12-21,33.22549819946289,0.0005570351622559144,6.071428457895913e-06,1.0,0.0,0.7988822110466579,1.0
2015-12-22,33.157501220703125,-0.0020465299978816853,7.658730305376503e-06,1.0,0.0,0.8106996922442327,1.0
2015-12-23,33.185001373291016,0.0008293795242544366,7.5396824450719925e-06,1.0,0.0,0.817170775410123,1.0
2015-12-24,33.13949966430664,-0.0013711528431936681,7.261904695677376e-06,1.0,0.0,0.8271646131535557,1.0
2015-12-28,33.7599983215332,0.018723839029316514,7.5396824450719925e-06,1.0,0.0,0.7658328092615766,1.0
2015-12-29,34.69850158691406,0.027799268721593773,8.531746173661852e-06,1.0,0.0,0.6358095357609581,1.0
2015-12-30,34.45349884033203,-0.00706090278764171,7.738094954263595e-06,1.0,0.0,0.7029124533955889,1.0
2015-12-31,33.79449844360352,-0.019127241612891477,5.87301594870431e-06,1.0,0.0,0.8065211714170321,1.0
2016-01-04,31.84950065612793,-0.05755368113308201,6.150793698098924e-06,1.0,0.0,0.8925404904328804,1.0
2016-01-05,31.68950080871582,-0.005023621850138049,8.134920563962722e-06,1.0,0.0,0.8862115959232326,1.0
2016-01-06,31.63249969482422,-0.001798738144714651,8.134920563962722e-06,1.0,0.0,0.8834071960446664,1.0
2016-01-07,30.39699935913086,-0.03905794191457823,7.5396824450719925e-06,1.0,0.0,0.8599274222530892,1.0
2016-01-08,30.352500915527344,-0.0014639090877944794,7.5396824450719925e-06,1.0,0.0,0.8533216690490767,1.0
2016-01-11,30.886999130249023,0.017609692730401916,6.944444326181258e-06,1.0,0.0,0.8881248081688219,1.0
2016-01-12,30.894500732421875,0.0002428724830541018,8.333333073154326e-06,1.0,0.0,0.9019205446559865,1.0
2016-01-13,29.090499877929688,-0.05839229674292812,8.531746173661852e-06,1.0,0.0,0.8548632341539919,1.0
2016-01-14,29.64999961853028,0.019233074128955474,9.523809310935788e-06,1.0,0.0,0.89069204497872,1.0
2016-01-15,28.50900077819824,-0.03848225480647072,8.849206543157968e-06,1.0,0.0,0.8533715752287404,1.0
2016-01-19,28.724000930786133,0.007541483276127803,9.126984292552583e-06,1.0,0.0,0.8765888723790295,1.0
2016-01-20,28.588499069213867,-0.004717374222998116,1.0039682189623515e-05,1.0,0.0,0.8695201876973194,1.0
2016-01-21,28.7509994506836,0.005684117276542278,1.0833333409021768e-05,1.0,0.0,0.885853105915091,1.0
2016-01-22,29.819000244140625,0.037146562340865996,1.1428570936596582e-05,1.0,0.0,0.9080582829201899,1.0
2016-01-25,29.826499938964844,0.00025150725251732453,1.0912698649224782e-05,1.0,0.0,0.9098729648103129,1.0
2016-01-26,30.0625,0.007912428931255544,1.190476237781464e-05,1.0,0.0,0.9138119901802367,1.0
2016-01-27,29.167499542236328,-0.02977132499837576,1.190476237781464e-05,1.0,0.0,0.9157503418554548,1.0
2016-01-28,31.76749992370605,0.08914032475443312,1.2619047174378047e-05,1.0,0.0,0.6892118230088748,1.0
2016-01-29,29.350000381469727,-0.07609977329164319,1.190476237781464e-05,1.0,0.0,0.8531507385829996,1.0
2016-02-01,28.74049949645996,-0.020766639764494776,1.1706348685991194e-05,1.0,0.0,0.8548273228503882,1.0
2016-02-02,27.604999542236328,-0.039508706324449805,1.3095238615596102e-05,1.0,0.0,0.8389354847421373,1.0
2016-02-03,26.55349922180176,-0.03809093779645767,1.3214285884584698e-05,1.0,0.0,0.805941777373797,1.0
2016-02-04,26.8129997253418,0.009772742242836863,1.1230158427404976e-05,1.0,0.0,0.8322009706732656,1.0
2016-02-05,25.10650062561035,-0.06364446787796685,1.1031745918213372e-05,1.0,0.0,0.7838256494161263,1.0
2016-02-08,24.405000686645508,-0.02794096833428339,1.0317459939018125e-05,1.0,0.0,0.7678494330407312,1.0
2016-02-09,24.103500366210938,-0.012354038596669725,1.190476237781464e-05,1.0,0.0,0.7669949466378599,1.0
2016-02-10,24.52400016784668,0.017445590692097612,1.1825397137611633e-05,1.0,0.0,0.7940725921458002,1.0
2016-02-11,25.19099998474121,0.02719783935448805,1.0833333409021768e-05,1.0,0.0,0.8239221601382121,1.0
2016-02-12,25.35400009155273,0.006470569128270043,1.0714286140033176e-05,1.0,0.0,0.8388256153504142,1.0
2016-02-16,26.05500030517578,0.0276485056043132,1.0833333409021768e-05,1.0,0.0,0.8547893774509473,1.0
2016-02-17,26.70499992370605,0.02494721208662387,1.1626984628420029e-05,1.0,0.0,0.8528702650177704,1.0
2016-02-18,26.25,-0.01703800505545583,1.1428570936596582e-05,1.0,0.0,0.8647498835082995,1.0
2016-02-19,26.7450008392334,0.018857174827938916,1.1230158427404976e-05,1.0,0.0,0.8632793013546515,1.0
2016-02-22,27.975000381469727,0.04598988609609567,1.1626984628420029e-05,1.0,0.0,0.7812403461386616,1.0
2016-02-23,27.64699935913086,-0.011724790629712767,1.2619047174378047e-05,1.0,0.0,0.8292763595684556,1.0
2016-02-24,27.70199966430664,0.0019893770192320748,1.2499999905389453e-05,1.0,0.0,0.823173082710604,1.0
2016-02-25,27.75749969482422,0.0020034665796739848,1.2301587396197849e-05,1.0,0.0,0.8279037837179088,1.0
2016-02-26,27.761499404907227,0.0001440947537416637,1.2023809646803233e-05,1.0,0.0,0.8489258641051444,1.0
2016-02-29,27.6259994506836,-0.004880858639777719,1.2222222155994837e-05,1.0,0.0,0.880613030113965,1.0
2016-03-01,28.95199966430664,0.04799827119341482,1.2698412414581055e-05,1.0,0.0,0.7471013900703781,1.0
2016-03-02,29.01049995422364,0.0020205958343222363,1.2023809646803233e-05,1.0,0.0,0.7635871867339353,1.0
2016-03-03,28.874500274658203,-0.004687946770308482,1.0436508390638564e-05,1.0,0.0,0.8106468655521459,1.0
2016-03-04,28.756999969482425,-0.004069345064264263,1.0515872448209729e-05,1.0,0.0,0.8498168506036141,1.0
2016-03-07,28.13999938964844,-0.021455665767943777,1.0515872448209729e-05,1.0,0.0,0.9041234981247278,1.0
2016-03-08,28.01300048828125,-0.004513109599210141,1.2103174887006245e-05,1.0,0.0,0.909378297158323,1.0
2016-03-09,27.973499298095703,-0.0014101020775004747,1.1428570936596582e-05,1.0,0.0,0.9017494334332846,1.0
2016-03-10,27.94650077819824,-0.0009651463197277721,1.2023809646803233e-05,1.0,0.0,0.8992776513803798,1.0
2016-03-11,28.480499267578125,0.019107883796187997,1.2222222155994837e-05,1.0,0.0,0.8725907428799772,1.0
2016-03-14,28.668500900268555,0.006601065203391654,1.2222222155994837e-05,1.0,0.0,0.8631880885939301,1.0
2016-03-15,28.85099983215332,0.006365834492694233,1.2896824923772657e-05,1.0,0.0,0.8529791866093508,1.0
2016-03-16,28.713499069213867,-0.004765892473030164,1.190476237781464e-05,1.0,0.0,0.8815470970764541,1.0
2016-03-17,27.972000122070312,-0.025824053883372833,1.0912698649224782e-05,1.0,0.0,0.9166217664425613,1.0
2016-03-18,27.60400009155273,-0.013156014189604659,1.1111111158416386e-05,1.0,0.0,0.9057108529811061,1.0
2016-03-21,27.698999404907227,0.003441505326743144,1.1428570936596582e-05,1.0,0.0,0.9058160562131389,1.0
2016-03-22,28.02400016784668,0.011733303365531578,1.1706348685991194e-05,1.0,0.0,0.8960052442622073,1.0
2016-03-23,28.48150062561035,0.016325308843260222,1.1626984628420029e-05,1.0,0.0,0.872064611935926,1.0
2016-03-24,29.147499084472656,0.023383545256862037,1.0912698649224782e-05,1.0,0.0,0.8040819170489406,1.0
2016-03-28,28.99349975585937,-0.005283449127727158,1.0119047429826525e-05,1.0,0.0,0.8404337775864246,1.0
2016-03-29,29.69300079345703,0.02412613321909496,8.92857119204506e-06,1.0,0.0,0.7609299573041998,1.0
2016-03-30,29.934499740600582,0.008133194378816988,7.3412699358803885e-06,1.0,0.0,0.7566661336412258,1.0
2016-03-31,29.68199920654297,-0.008435101179096849,7.658730305376503e-06,1.0,0.0,0.8297970133122605,1.0
2016-04-01,29.924999237060547,0.008186781113585173,8.650793442650444e-06,1.0,0.0,0.7964535511271363,1.0
2016-04-04,29.659500122070312,-0.008872151103062609,7.261904695677376e-06,1.0,0.0,0.852005443637106,1.0
2016-04-05,29.30699920654297,-0.011884924360712312,8.650793442650444e-06,1.0,0.0,0.9033042758216346,1.0
2016-04-06,30.10400009155273,0.027194899054415078,8.730158682853456e-06,1.0,0.0,0.8234311947412225,1.0
2016-04-07,29.57150077819824,-0.017688656382376045,8.730158682853456e-06,1.0,0.0,0.9006264184399889,1.0
2016-04-08,29.729999542236328,0.005359848498285968,8.650793442650444e-06,1.0,0.0,0.8893656604812334,1.0
2016-04-11,29.796499252319336,0.0022367881300682235,8.333333073154326e-06,1.0,0.0,0.8959376333575254,1.0
2016-04-12,30.15850067138672,0.012149125841996566,9.126984292552583e-06,1.0,0.0,0.8583547341490388,1.0
2016-04-13,30.74099922180176,0.019314572589734125,8.849206543157968e-06,1.0,0.0,0.7849023063926376,1.0
2016-04-14,31.037500381469727,0.009645137346663946,8.531746173661852e-06,1.0,0.0,0.7562235169716135,1.0
2016-04-15,31.29450035095215,0.008280304996334698,8.333333073154326e-06,1.0,0.0,0.724658197523619,1.0
2016-04-18,31.76749992370605,0.015114463162838598,7.85714281456811e-06,1.0,0.0,0.6646651608511851,1.0
2016-04-19,31.395000457763672,-0.011725803630659892,8.531746173661852e-06,1.0,0.0,0.7584892926154433,1.0
2016-04-20,31.64949989318848,0.008106368266093567,8.650793442650444e-06,1.0,0.0,0.7326994145864062,1.0
2016-04-21,31.549999237060547,-0.003143830280533,8.92857119204506e-06,1.0,0.0,0.780940396499434,1.0
2016-04-22,31.02499961853028,-0.016640241877203255,8.92857119204506e-06,1.0,0.0,0.8575172715309184,1.0
2016-04-25,31.309999465942383,0.009186135404233298,9.444444662048701e-06,1.0,0.0,0.8176077505037841,1.0
2016-04-26,30.8439998626709,-0.014883411409137182,9.722222411443313e-06,1.0,0.0,0.8842794540619273,1.0
2016-04-27,30.328500747680664,-0.016713108458223047,9.722222411443313e-06,1.0,0.0,0.9158178685677034,1.0
2016-04-28,30.100000381469727,-0.00753417942126311,8.333333073154326e-06,1.0,0.0,0.9165933744342651,1.0
2016-04-29,32.97949981689453,0.09566443185819673,7.658730305376503e-06,1.0,0.0,0.5620894592856546,1.0
2016-05-02,34.192501068115234,0.03678046234647003,7.3412699358803885e-06,1.0,0.0,0.39378513365543355,0.0
2016-05-03,33.566001892089844,-0.0183227069227061,8.055555323759714e-06,1.0,0.0,0.5475791904426209,1.0
2016-05-04,33.54499816894531,-0.000625743965934844,7.85714281456811e-06,1.0,0.0,0.5933913012413049,1.0
2016-05-05,32.954498291015625,-0.01760321687769084,7.261904695677376e-06,1.0,0.0,0.7324362817424743,1.0
2016-05-06,33.6974983215332,0.022546240090086433,7.142857426688782e-06,1.0,0.0,0.6260147243809819,1.0
2016-05-09,33.98749923706055,0.008606007269745364,8.055555323759714e-06,1.0,0.0,0.6070032145769638,1.0
2016-05-10,35.153499603271484,0.03430674196057093,9.642857171240305e-06,1.0,0.0,0.42622477383764784,0.0
2016-05-11,35.6614990234375,0.014450891828668544,9.841269680431907e-06,1.0,0.0,0.38444304138429314,0.0
2016-05-12,35.89649963378906,0.006589756930776014,1.0238094698815117e-05,0.0,0.0,0.39085912671844664,0.0
2016-05-13,35.49599838256836,-0.011157111565377131,1.0238094698815117e-05,0.0,0.0,0.5031915461812555,1.0
2016-05-16,35.53300094604492,0.0010424432376223702,1.0238094698815117e-05,1.0,0.0,0.5250496784488208,1.0
2016-05-17,34.76350021362305,-0.021655945513589514,1.0634920899830168e-05,1.0,0.0,0.7023868302968668,1.0
2016-05-18,34.872501373291016,0.003135505889745094,1.0714286140033176e-05,1.0,0.0,0.6993102274908262,1.0
2016-05-19,34.92599868774414,0.0015340830839882802,1.150793617679959e-05,1.0,0.0,0.699701695697256,1.0
2016-05-20,35.13999938964844,0.006127260778355126,1.1825397137611633e-05,1.0,0.0,0.6905468962269378,1.0
2016-05-23,34.837501525878906,-0.008608362806592496,1.2420634665186441e-05,1.0,0.0,0.7679328238052079,1.0
2016-05-24,35.209999084472656,0.010692430348859583,1.3611110902967905e-05,1.0,0.0,0.7262628087486517,1.0
2016-05-25,35.41749954223633,0.005893225309828942,1.2499999905389453e-05,1.0,0.0,0.7096652152559974,1.0
2016-05-26,35.74549865722656,0.0092609336974534,1.0912698649224782e-05,1.0,0.0,0.6690188752424397,1.0
2016-05-27,35.61199951171875,-0.003734712076280511,1.1825397137611633e-05,1.0,0.0,0.7224557381156251,1.0
2016-05-31,36.13949966430664,0.014812427266666317,1.1230158427404976e-05,1.0,0.0,0.6521367445988213,1.0
2016-06-01,35.97200012207031,-0.004634805235053108,1.1706348685991194e-05,1.0,0.0,0.7124354887608025,1.0
2016-06-02,36.4119987487793,0.012231697576333245,1.0714286140033176e-05,1.0,0.0,0.6554062013725467,1.0
2016-06-03,36.277000427246094,-0.003707522964191301,1.0714286140033176e-05,1.0,0.0,0.6903719628702856,1.0
2016-06-06,36.33649826049805,0.0016400979284734163,9.92063492063492e-06,1.0,0.0,0.7039589820888953,1.0
2016-06-07,36.1870002746582,-0.004114265077721169,1.0515872448209729e-05,1.0,0.0,0.7454807764599986,1.0
2016-06-08,36.33200073242188,0.004006976446324195,9.325396801744186e-06,1.0,0.0,0.7344753730997913,1.0
2016-06-09,36.38249969482422,0.0013899306777584997,9.523809310935788e-06,1.0,0.0,0.7292437814035951,1.0
2016-06-10,35.89550018310547,-0.013385542934204464,9.523809310935788e-06,1.0,0.0,0.8062597988598045,1.0
2016-06-13,35.762001037597656,-0.0037191053147838105,9.722222411443313e-06,1.0,0.0,0.8258940425132146,1.0
2016-06-14,35.96500015258789,0.005676391395907032,1.0436508390638564e-05,1.0,0.0,0.8024279280979065,1.0
2016-06-15,35.7130012512207,-0.007006781601502476,1.0119047429826525e-05,1.0,0.0,0.8376464862065091,1.0
2016-06-16,35.8754997253418,0.004550120920334022,9.722222411443313e-06,1.0,0.0,0.8145619806264636,1.0
2016-06-17,35.31949996948242,-0.01549803515257031,9.841269680431907e-06,1.0,0.0,0.8646869605344376,1.0
2016-06-20,35.70050048828125,0.010787256873059592,9.841269680431907e-06,1.0,0.0,0.8494522270741623,1.0
2016-06-21,35.79100036621094,0.0025349750477419164,1.0515872448209729e-05,1.0,0.0,0.8415576992632515,1.0
2016-06-22,35.529998779296875,-0.0072923803258784226,1.0634920899830168e-05,1.0,0.0,0.8628984159031481,1.0
2016-06-23,36.104000091552734,0.016155399154990313,1.0912698649224782e-05,1.0,0.0,0.8196655458861807,1.0
2016-06-24,34.948001861572266,-0.03201856378930534,9.444444662048701e-06,1.0,0.0,0.9059767632387762,1.0
2016-06-27,34.56800079345703,-0.01087332745432501,9.325396801744186e-06,1.0,0.0,0.9056844104860678,1.0
2016-06-28,35.397499084472656,0.023996131450350733,1.0317459939018125e-05,1.0,0.0,0.8747978678749414,1.0
2016-06-29,35.779998779296875,0.010805839528702954,1.0119047429826525e-05,1.0,0.0,0.8609811378420941,1.0
2016-06-30,35.78099822998047,2.7933222965126348e-05,9.841269680431907e-06,1.0,0.0,0.8653666108574286,1.0
2016-07-01,36.28400039672852,0.014057801392656444,9.642857171240305e-06,1.0,0.0,0.8161876801815637,1.0
2016-07-05,36.40499877929688,0.003334758605593846,9.444444662048701e-06,1.0,0.0,0.7974322589224991,1.0
2016-07-06,36.88050079345703,0.013061448430278899,1.0436508390638564e-05,1.0,0.0,0.7363880111192729,1.0
2016-07-07,36.82849884033203,-0.0014100121203947102,1.0714286140033176e-05,1.0,0.0,0.7579289839910932,1.0
2016-07-08,37.29050064086914,0.012544681838379868,1.0833333409021768e-05,1.0,0.0,0.7028896739189502,1.0
2016-07-11,37.68899917602539,0.010686328376066534,1.0912698649224782e-05,1.0,0.0,0.6687766332074742,1.0
2016-07-12,37.41049957275391,-0.007389413605035089,1.1706348685991194e-05,1.0,0.0,0.7273534786590321,1.0
2016-07-13,37.13150024414063,-0.007457781419643927,1.1825397137611633e-05,1.0,0.0,0.7910660066667832,1.0
2016-07-14,37.060001373291016,-0.0019255583636402784,1.2023809646803233e-05,1.0,0.0,0.8158126357701986,1.0
2016-07-15,36.77199935913086,-0.007771235927900411,1.1825397137611633e-05,1.0,0.0,0.8500275297568067,1.0
2016-07-18,36.80350112915039,0.0008566781945107405,1.1428570936596582e-05,1.0,0.0,0.8473572016466947,1.0
2016-07-19,36.997501373291016,0.005271244261784824,1.2301587396197849e-05,1.0,0.0,0.831391581088945,1.0
2016-07-20,37.2859992980957,0.007797767797718347,1.2499999905389453e-05,1.0,0.0,0.8013193603087738,1.0
2016-07-21,37.22150039672852,-0.001729842369290413,1.2023809646803233e-05,1.0,0.0,0.8187677094058252,1.0
2016-07-22,37.24300003051758,0.0005776133030614972,1.2023809646803233e-05,1.0,0.0,0.8223805983421195,1.0
2016-07-25,36.980499267578125,-0.00704832485901663,1.1825397137611633e-05,1.0,0.0,0.8456341418498743,1.0
2016-07-26,36.77949905395508,-0.005435302865131164,1.2222222155994837e-05,1.0,0.0,0.856740237420318,1.0
2016-07-27,36.83349990844727,0.0014682324632255828,1.1230158427404976e-05,1.0,0.0,0.8503425082625876,1.0
2016-07-28,37.63050079345703,0.02163793522176194,8.730158682853456e-06,1.0,0.0,0.8022521108745502,1.0
2016-07-29,37.94049835205078,0.008237933380032203,9.523809310935788e-06,1.0,0.0,0.7729801218916054,1.0
2016-08-01,38.387001037597656,0.011768498173212238,9.444444662048701e-06,1.0,0.0,0.734270582523422,1.0
2016-08-02,38.02899932861328,-0.009326118199067812,1.1111111158416386e-05,1.0,0.0,0.7941572680626678,1.0
2016-08-03,37.73199844360352,-0.007809852750616408,1.0634920899830168e-05,1.0,0.0,0.831919404028037,1.0
2016-08-04,38.03850173950195,0.008123166239300872,9.841269680431907e-06,1.0,0.0,0.8064952047680672,1.0
2016-08-05,38.29899978637695,0.0068482730644587875,9.92063492063492e-06,1.0,0.0,0.7870419058886705,1.0
2016-08-08,38.32799911499024,0.0007571824009775519,9.92063492063492e-06,1.0,0.0,0.7791702168524159,1.0
2016-08-09,38.41550064086914,0.0022829661839738336,1.1626984628420029e-05,1.0,0.0,0.7816503283425646,1.0
2016-08-10,38.428001403808594,0.0003254093459907903,1.0833333409021768e-05,1.0,0.0,0.7845793833057848,1.0
2016-08-11,38.5620002746582,0.003487011188573863,1.0912698649224782e-05,1.0,0.0,0.7771085105163147,1.0
2016-08-12,38.62799835205078,0.0017114796152302159,1.0436508390638564e-05,1.0,0.0,0.7688217387247344,1.0
2016-08-15,38.42449951171875,-0.005268169437032899,1.0912698649224782e-05,1.0,0.0,0.7985500057002431,1.0
2016-08-16,38.20199966430664,-0.005790572427475604,1.1428570936596582e-05,1.0,0.0,0.8193669971099578,1.0
2016-08-17,38.23149871826172,0.0007721861215197467,1.1428570936596582e-05,1.0,0.0,0.8129493131718669,1.0
2016-08-18,38.22299957275391,-0.00022230741123796527,1.130952366760799e-05,1.0,0.0,0.8088828797026698,1.0
2016-08-19,37.865501403808594,-0.00935295955161386,1.1626984628420029e-05,1.0,0.0,0.8407931021897205,1.0
2016-08-22,37.9739990234375,0.002865342214060762,1.1111111158416386e-05,1.0,0.0,0.8272088350840587,1.0
2016-08-23,38.122501373291016,0.003910632371425082,1.2103174887006245e-05,1.0,0.0,0.8195206420531258,1.0
2016-08-24,37.86249923706055,-0.006820175142353779,1.2103174887006245e-05,1.0,0.0,0.836271427077298,1.0
2016-08-25,37.96099853515625,0.0026015001671968463,1.2103174887006245e-05,1.0,0.0,0.8258216261880446,1.0
2016-08-26,38.45000076293945,0.012881700868071944,1.2103174887006245e-05,1.0,0.0,0.8038494919447411,1.0
2016-08-29,38.56449890136719,0.002977844893519377,1.2103174887006245e-05,1.0,0.0,0.7976954305706365,1.0
2016-08-30,38.37900161743164,-0.004810053007818782,1.2896824923772657e-05,1.0,0.0,0.8155417857413578,1.0
2016-08-31,38.45800018310547,0.0020583799042324102,1.2698412414581055e-05,1.0,0.0,0.8017771327029035,1.0
2016-09-01,38.53099822998047,0.0018981238371065245,1.2499999905389453e-05,1.0,0.0,0.7912019079057273,1.0
2016-09-02,38.62200164794922,0.00236182352259795,1.2023809646803233e-05,1.0,0.0,0.7910578308333466,1.0
2016-09-06,39.44350051879883,0.021270230329795137,1.2023809646803233e-05,1.0,0.0,0.7436639685447568,1.0
2016-09-07,39.2239990234375,-0.005564959815286041,1.3095238615596102e-05,1.0,0.0,0.7842007547813116,1.0
2016-09-08,39.20299911499024,-0.00053538417729182,1.3214285884584698e-05,1.0,0.0,0.7904211980816472,1.0
2016-09-09,38.00699996948242,-0.030507848187831588,1.3214285884584698e-05,1.0,0.0,0.8899517399199974,1.0
2016-09-12,38.574501037597656,0.014931488109319435,1.388888865236252e-05,1.0,0.0,0.8709946829692792,1.0
2016-09-13,38.05049896240234,-0.01358415691973791,1.3690476143170916e-05,1.0,0.0,0.8946391905540626,1.0
2016-09-14,38.054500579833984,0.00010516596472487372,1.2499999905389453e-05,1.0,0.0,0.888415179272084,1.0
2016-09-15,38.484500885009766,0.011299591339365866,1.1031745918213372e-05,1.0,0.0,0.8720397025236346,1.0
2016-09-16,38.92599868774414,0.011472093767138869,1.0833333409021768e-05,1.0,0.0,0.8421138241202754,1.0
2016-09-19,38.755001068115234,-0.004392889723924931,9.444444662048701e-06,1.0,0.0,0.8584100651242867,1.0
2016-09-20,39.01100158691406,0.006605612482086798,1.1428570936596582e-05,1.0,0.0,0.8385699678452841,1.0
2016-09-21,39.48699951171875,0.012201633012272062,8.849206543157968e-06,1.0,0.0,0.8005849252484127,1.0
2016-09-22,40.23500061035156,0.018942971304031886,6.3492062072905275e-06,1.0,0.0,0.7392150511914036,1.0
2016-09-23,40.28749847412109,0.001304780986035814,6.547619307798051e-06,1.0,0.0,0.7420144988391378,1.0
2016-09-26,39.95800018310547,-0.008178673372517098,6.86507908597825e-06,1.0,0.0,0.794640307741158,1.0
2016-09-27,40.80550003051758,0.021209766342872083,1.0119047429826525e-05,1.0,0.0,0.7215721926339044,1.0
2016-09-28,41.43600082397461,0.015451367903480895,1.0436508390638564e-05,1.0,0.0,0.6669098086814359,1.0
2016-09-29,41.45249938964844,0.00039816983651275173,9.325396801744186e-06,1.0,0.0,0.6839069827424686,1.0
2016-09-30,41.865501403808594,0.009963259640341393,1.0317459939018125e-05,1.0,0.0,0.6575586966574892,1.0
2016-10-03,41.83700180053711,-0.0006807419549713645,1.1428570936596582e-05,1.0,0.0,0.6826419986556299,1.0
2016-10-04,41.70149993896485,-0.0032388043057740568,1.2499999905389453e-05,1.0,0.0,0.7214966114242386,1.0
2016-10-05,42.21799850463867,0.012385611223332038,1.2420634665186441e-05,1.0,0.0,0.6794342085154763,1.0
2016-10-06,42.08300018310547,-0.0031976485459955795,1.2301587396197849e-05,1.0,0.0,0.7199354880988784,1.0
2016-10-07,41.97150039672852,-0.002649520849079323,1.2301587396197849e-05,1.0,0.0,0.7479358734107702,1.0
2016-10-10,42.08549880981445,0.002716090966688789,1.2222222155994837e-05,1.0,0.0,0.7471414782053091,1.0
2016-10-11,41.54999923706055,-0.012724087581184262,1.2698412414581055e-05,1.0,0.0,0.8070453602049639,1.0
2016-10-12,41.704498291015625,0.0037183888517926533,1.3492063633979314e-05,1.0,0.0,0.796968183181645,1.0
2016-10-13,41.4640007019043,-0.005766706205961869,1.0912698649224782e-05,1.0,0.0,0.815257383674857,1.0
2016-10-14,41.14799880981445,-0.007621114382127869,1.150793617679959e-05,1.0,0.0,0.8355813740881984,1.0
2016-10-17,40.647499084472656,-0.012163403806223938,1.1706348685991194e-05,1.0,0.0,0.8554820111135663,1.0
2016-10-18,40.88249969482422,0.0057814285169965896,1.3214285884584698e-05,1.0,0.0,0.8444776167226014,1.0
2016-10-19,40.884498596191406,4.889381476447241e-05,1.2817460866201492e-05,1.0,0.0,0.8411890639711437,1.0
2016-10-20,40.51599884033203,-0.009013190047870712,1.2698412414581055e-05,1.0,0.0,0.8575485144025298,1.0
2016-10-21,40.949501037597656,0.010699531288220099,1.2499999905389453e-05,1.0,0.0,0.8475069665174728,1.0
2016-10-24,41.90449905395508,0.023321359043681378,1.2420634665186441e-05,1.0,0.0,0.7976746709862442,1.0
2016-10-25,41.75899887084961,-0.003472185240017467,1.2896824923772657e-05,1.0,0.0,0.8184647117936709,1.0
2016-10-26,41.12950134277344,-0.015074535910763909,1.2420634665186441e-05,1.0,0.0,0.8640750714201517,1.0
2016-10-27,40.917999267578125,-0.005142344747451566,1.0912698649224782e-05,1.0,0.0,0.8650631407409005,1.0
2016-10-28,38.81600189208984,-0.05137097153119685,1.0833333409021768e-05,1.0,0.0,0.8835709764597002,1.0
2016-10-31,39.49100112915039,0.017389715688315377,1.1706348685991194e-05,1.0,0.0,0.9081212100002052,1.0
2016-11-01,39.27050018310547,-0.005583574478747688,1.3690476143170916e-05,1.0,0.0,0.901068563154556,1.0
2016-11-02,38.27799987792969,-0.02527343172478269,1.3690476143170916e-05,1.0,0.0,0.8870375693166371,1.0
2016-11-03,38.35150146484375,0.0019202044816464259,1.420634961317456e-05,1.0,0.0,0.8946641267622097,1.0
2016-11-04,37.75249862670898,-0.015618758464616245,1.420634961317456e-05,1.0,0.0,0.8797798203510497,1.0
2016-11-07,39.24649810791016,0.03957352587370777,1.547618990852719e-05,1.0,0.0,0.9141664427184045,1.0
2016-11-08,39.38750076293945,0.003592744877303433,1.6666666146308656e-05,1.0,0.0,0.923588879914759,1.0
2016-11-09,38.59400177001953,-0.020145959442710915,1.6587302088737487e-05,1.0,0.0,0.9193792297681713,1.0
2016-11-10,37.11899948120117,-0.038218433465590174,1.817460334490216e-05,1.0,0.0,0.8744523568031205,1.0
2016-11-11,36.95050048828125,-0.004539427120207162,1.817460334490216e-05,1.0,0.0,0.867022747560492,1.0
2016-11-14,35.95349884033203,-0.02698208778702238,1.9960318292890277e-05,1.0,0.0,0.8453978168413068,1.0
2016-11-15,37.1619987487793,0.03361285959439342,1.9365079582683625e-05,1.0,0.0,0.8837128567431055,1.0
2016-11-16,37.324501037597656,0.0043728080913219,1.7976190835710555e-05,1.0,0.0,0.9012486299133269,1.0
2016-11-17,37.81999969482422,0.013275426153116943,1.6666666146308656e-05,1.0,0.0,0.9078056939323629,1.0
2016-11-18,38.007999420166016,0.0049709076377260075,1.6587302088737487e-05,1.0,0.0,0.9184840220031112,1.0
2016-11-21,39.0,0.026099784123540415,1.6666666146308656e-05,1.0,0.0,0.883384052190202,1.0
2016-11-22,39.26649856567383,0.006833296555739166,1.884920611267998e-05,1.0,0.0,0.8781412907121421,1.0
2016-11-23,39.00600051879883,-0.006634104297313703,1.9246032313695026e-05,1.0,0.0,0.8932382191356596,1.0
2016-11-25,39.01850128173828,0.00032048307371135287,1.9047618621871583e-05,1.0,0.0,0.9084164226983927,1.0
2016-11-28,38.3385009765625,-0.017427637731796786,1.785714238409012e-05,1.0,0.0,0.9315882490016606,1.0
2016-11-29,38.1259994506836,-0.005542770856085566,1.8571428363285367e-05,1.0,0.0,0.9305604508746201,1.0
2016-11-30,37.52849960327149,-0.01567171630962705,1.8571428363285367e-05,1.0,0.0,0.919237391070846,1.0
2016-12-01,37.182498931884766,-0.009219677712789864,1.817460334490216e-05,1.0,0.0,0.9103846287794083,1.0
2016-12-02,37.016998291015625,-0.004451035987987906,1.8055556075913563e-05,1.0,0.0,0.9038284158422635,1.0
2016-12-05,37.96799850463867,0.0256909057332686,1.7976190835710555e-05,1.0,0.0,0.9209091612330884,1.0
2016-12-06,38.23600006103516,0.007058616912970717,1.9246032313695026e-05,1.0,0.0,0.9220618320718622,1.0
2016-12-07,38.52099990844727,0.007453704544334361,1.9365079582683625e-05,1.0,0.0,0.9145658527811567,1.0
2016-12-08,38.36650085449219,-0.004010774754608759,1.944444482288663e-05,1.0,0.0,0.919958247133512,1.0
2016-12-09,38.43299865722656,0.0017332256331263896,2.0634919878036257e-05,1.0,0.0,0.9186250177607309,1.0
2016-12-12,38.00600051879883,-0.011110195752249585,1.984126984126984e-05,1.0,0.0,0.9277086394453603,1.0
2016-12-13,38.71699905395508,0.018707533690754286,2.0753968329656692e-05,1.0,0.0,0.9112770746974294,1.0
2016-12-14,38.44100189208984,-0.007128578366329963,2.0753968329656692e-05,1.0,0.0,0.9157959276719905,1.0
2016-12-15,38.04999923706055,-0.010171500111440857,1.9365079582683625e-05,1.0,0.0,0.915739528855117,1.0
2016-12-16,37.88850021362305,-0.004244389662962256,1.9246032313695026e-05,1.0,0.0,0.9066274429669697,1.0
2016-12-19,38.29999923706055,0.010860789451083708,1.8968253381668574e-05,1.0,0.0,0.9083860098740102,1.0
2016-12-20,38.56100082397461,0.006814662979457875,2.0357143311273484e-05,1.0,0.0,0.9041939842648092,1.0
2016-12-21,38.52999877929688,-0.0008039740674586904,1.9960318292890277e-05,1.0,0.0,0.9049674141148141,1.0
2016-12-22,38.31700134277344,-0.00552809351859862,1.9563492091875226e-05,1.0,0.0,0.9079536925723566,1.0
2016-12-23,38.02949905395508,-0.007503256485194232,1.984126984126984e-05,1.0,0.0,0.9108213456692136,1.0
2016-12-27,38.56999969482422,0.014212667910831422,1.9642857332078237e-05,1.0,0.0,0.9043507107521623,1.0
2016-12-28,38.60649871826172,0.0009463060338679163,1.9642857332078237e-05,1.0,0.0,0.9003861869859683,1.0
2016-12-29,38.25749969482422,-0.009039903514286185,1.746031736570691e-05,1.0,0.0,0.9074680448620366,1.0
2016-12-30,37.493499755859375,-0.019969939098456124,1.9047618621871583e-05,1.0,0.0,0.9110380856653938,1.0
2017-01-03,37.68349838256836,0.005067508446695346,1.884920611267998e-05,1.0,0.0,0.921770189413168,1.0
2017-01-04,37.85900115966797,0.004657284610836365,2.055555582046509e-05,1.0,0.0,0.921357925858617,1.0
2017-01-05,39.022499084472656,0.03073239887913859,2.015873080208188e-05,1.0,0.0,0.9063564056574765,1.0
2017-01-06,39.79949951171875,0.01991160088348276,1.9960318292890277e-05,1.0,0.0,0.8590916953670892,1.0
2017-01-09,39.84600067138672,0.0011683855384734265,1.9246032313695026e-05,1.0,0.0,0.8620930103036084,1.0
2017-01-10,39.79499816894531,-0.001279990502987438,1.9960318292890277e-05,1.0,0.0,0.8747852584205178,1.0
2017-01-11,39.95100021362305,0.003920142024267603,1.976190460106683e-05,1.0,0.0,0.8589388370693958,1.0
2017-01-12,40.68199920654297,0.01829738902683742,1.9960318292890277e-05,1.0,0.0,0.7968478441915074,1.0
2017-01-13,40.85699844360352,0.004301638082535808,2.0357143311273484e-05,1.0,0.0,0.793706307238786,1.0
2017-01-17,40.48600006103516,-0.009080412088530276,2.0357143311273484e-05,1.0,0.0,0.8466249189248128,1.0
2017-01-18,40.374000549316406,-0.002766376316502228,2.0436507368844653e-05,1.0,0.0,0.8672026961615324,1.0
2017-01-19,40.45199966430664,0.001931914448134897,1.9960318292890277e-05,1.0,0.0,0.8700820438286468,1.0
2017-01-20,40.416500091552734,-0.0008775727540912825,1.9047618621871583e-05,1.0,0.0,0.8799858137669544,1.0
2017-01-23,40.89400100708008,0.011814504334756615,1.876984087247697e-05,1.0,0.0,0.8488819440964683,1.0
2017-01-24,41.12200164794922,0.005575405566935476,1.9563492091875226e-05,1.0,0.0,0.8292258494899365,1.0
2017-01-25,41.82600021362305,0.017119754327643122,1.916666707349202e-05,1.0,0.0,0.7722574182492832,1.0
2017-01-26,41.95750045776367,0.0031439832513029398,1.9365079582683625e-05,1.0,0.0,0.7709919652487769,1.0
2017-01-27,41.78850173950195,-0.004027854767751027,1.976190460106683e-05,1.0,0.0,0.7995486922834184,1.0
2017-01-30,41.51900100708008,-0.0064491599651470555,1.9642857332078237e-05,1.0,0.0,0.8223907595063911,1.0
2017-01-31,41.17399978637695,-0.008309477885662386,1.984126984126984e-05,1.0,0.0,0.8529844021183305,1.0
2017-02-01,41.61750030517578,0.010771373223389613,1.984126984126984e-05,1.0,0.0,0.8211773308682212,1.0
2017-02-02,41.997501373291016,0.009130799911785559,1.9365079582683625e-05,1.0,0.0,0.7855387504732584,1.0
2017-02-03,40.5099983215332,-0.03541884643413129,1.9365079582683625e-05,1.0,0.0,0.8830938204071724,1.0
2017-02-06,40.38199996948242,-0.003159673101806648,1.9960318292890277e-05,1.0,0.0,0.8841142657246381,1.0
2017-02-07,40.625,0.006017533324283564,2.083333238722786e-05,1.0,0.0,0.8817349369786834,1.0
2017-02-08,40.98550033569336,0.008873854417067228,2.083333238722786e-05,1.0,0.0,0.8632275573235616,1.0
2017-02-09,41.06800079345703,0.0020129181561270304,2.0952380838848296e-05,1.0,0.0,0.8724115922492296,1.0
2017-02-10,41.37300109863281,0.007426714212598773,2.0753968329656692e-05,1.0,0.0,0.8474708139042852,1.0
2017-02-13,41.82649993896485,0.010961226604057517,2.0753968329656692e-05,1.0,0.0,0.826557177158129,1.0
2017-02-14,41.81949996948242,-0.00016735728527716986,2.123015977087475e-05,1.0,0.0,0.8287111675314145,1.0
2017-02-15,42.1349983215332,0.007544288006336997,2.0634919878036257e-05,1.0,0.0,0.7963512246454318,1.0
2017-02-16,42.20700073242188,0.0017088504510960334,2.015873080208188e-05,1.0,0.0,0.7846156551796039,1.0
2017-02-17,42.25350189208984,0.0011017404426045818,2.015873080208188e-05,1.0,0.0,0.782465863960553,1.0
2017-02-21,42.821998596191406,0.01345442812180253,2.0039682350461445e-05,1.0,0.0,0.7460186481561032,1.0
2017-02-22,42.78049850463867,-0.0009691301880624392,2.023809485965305e-05,1.0,0.0,0.7653796662438489,1.0
2017-02-23,42.609500885009766,-0.003997092731641838,1.976190460106683e-05,1.0,0.0,0.7978333948467293,1.0
2017-02-24,42.262001037597656,-0.008155454539350404,1.976190460106683e-05,1.0,0.0,0.8064978479051703,1.0
2017-02-27,42.43199920654297,0.004022482721395049,1.944444482288663e-05,1.0,0.0,0.7962920321559865,1.0
2017-02-28,42.25199890136719,-0.004242088719402681,2.0753968329656692e-05,1.0,0.0,0.8229002889318442,1.0
2017-03-01,42.65399932861328,0.009514352875576781,2.4404762283204094e-05,1.0,0.0,0.8034285810110398,1.0
2017-03-02,42.445499420166016,-0.00488816785598345,2.5595237338353714e-05,1.0,0.0,0.8294967354364233,1.0
2017-03-03,42.49399948120117,0.001142643194159465,2.710317571957906e-05,1.0,0.0,0.8238900991149375,1.0
2017-03-06,42.33050155639648,-0.003847553226356659,2.7976189813916644e-05,1.0,0.0,0.8255878110191245,1.0
2017-03-07,42.30099868774414,-0.0006969647787666844,2.916666723432995e-05,1.0,0.0,0.8286618173095046,1.0
2017-03-08,42.525001525878906,0.005295450345943475,2.809523826553708e-05,1.0,0.0,0.81935932156774,1.0
2017-03-09,42.650001525878906,0.002939447278418772,2.8293650774728687e-05,1.0,0.0,0.816403324268542,1.0
2017-03-10,42.62300109863281,-0.0006330697838242694,2.8769842215946745e-05,1.0,0.0,0.8261545407408556,1.0
2017-03-13,42.72949981689453,0.002498620827174447,2.88888883023035e-05,1.0,0.0,0.8164726124073731,1.0
2017-03-14,42.62649917602539,-0.002410527652102701,2.9880953213525197e-05,1.0,0.0,0.8145627192994147,1.0
2017-03-15,42.64849853515625,0.0005160958454508702,2.8373014832299852e-05,1.0,0.0,0.8043988165519763,1.0
2017-03-16,42.67100143432617,0.0005276363750852386,2.809523826553708e-05,1.0,0.0,0.8003939054573045,1.0
2017-03-17,42.615501403808594,-0.001300649824284017,2.809523826553708e-05,1.0,0.0,0.803795249452186,1.0
2017-03-20,42.8484992980957,0.005467444629579932,2.8174602323108248e-05,1.0,0.0,0.788273918250677,1.0
2017-03-21,42.15999984741211,-0.01606822787173301,2.9880953213525197e-05,1.0,0.0,0.8438477797399566,1.0
2017-03-22,42.40299987792969,0.00576375786046146,2.9682540704333593e-05,1.0,0.0,0.829814134943214,1.0
2017-03-23,42.36899948120117,-0.0008018394176448895,2.9682540704333593e-05,1.0,0.0,0.8320620023430731,1.0
2017-03-24,42.28049850463867,-0.002088814407849471,2.9682540704333593e-05,1.0,0.0,0.8382287140753912,1.0
2017-03-27,42.34099960327149,0.0014309457261054703,3.00793657227168e-05,1.0,0.0,0.8277588493292534,1.0
2017-03-28,42.79999923706055,0.010840547887149832,3.0674603250291616e-05,1.0,0.0,0.8179080476594964,1.0
2017-03-29,43.71599960327149,0.021401878096712235,2.9960317271096366e-05,1.0,0.0,0.7779531045945588,1.0
2017-03-30,43.81700134277344,0.0023104067256507488,3.00793657227168e-05,1.0,0.0,0.7658754759652159,1.0
2017-03-31,44.32699966430664,0.011639279409916048,2.9285713320686706e-05,1.0,0.0,0.7386465143753506,1.0
2017-04-03,44.57550048828125,0.005606082655188249,2.9365079743521554e-05,1.0,0.0,0.7252450086776794,1.0
2017-04-04,45.34149932861328,0.017184301509601818,3.0952379817054386e-05,1.0,0.0,0.6773781777174153,1.0
2017-04-05,45.4640007019043,0.0027017495033232475,3.0952379817054386e-05,1.0,0.0,0.6852129250537746,1.0
2017-04-06,44.91400146484375,-0.012097466755439101,3.1269840777866425e-05,1.0,0.0,0.7620099596507457,1.0
2017-04-07,44.74399948120117,-0.003785055396937742,3.166666579624963e-05,1.0,0.0,0.7838144690700575,1.0
2017-04-10,45.35200119018555,0.013588452441311683,3.1269840777866425e-05,1.0,0.0,0.745968186380905,1.0
2017-04-11,45.11800003051758,-0.005159665583149842,3.174603221908449e-05,1.0,0.0,0.7773573710920736,1.0
2017-04-12,44.811500549316406,-0.006793286071941518,3.146825328705803e-05,1.0,0.0,0.8109190472360467,1.0
2017-04-13,44.23350143432617,-0.012898454814163851,3.134920720070128e-05,1.0,0.0,0.8484289844550412,1.0
2017-04-17,45.0994987487793,0.01957786036312048,3.134920720070128e-05,1.0,0.0,0.8125887278200367,1.0
2017-04-18,45.18899917602539,0.0019845104652858048,3.194444472827609e-05,1.0,0.0,0.8113851158892695,1.0
2017-04-19,44.959999084472656,-0.005067607066505442,3.115079469150967e-05,1.0,0.0,0.8302530285491939,1.0
2017-04-20,45.10300064086914,0.0031806396643336843,3.055555479867118e-05,1.0,0.0,0.8223930531414342,1.0
2017-04-21,44.92649841308594,-0.003913314530636147,3.0277778231908405e-05,1.0,0.0,0.8337138825117486,1.0
2017-04-24,45.37049865722656,0.009882814370667736,3.055555479867118e-05,1.0,0.0,0.8146628436963277,1.0
2017-04-25,45.38100051879883,0.00023146894751158165,3.206349317989652e-05,1.0,0.0,0.8106630859069072,1.0
2017-04-26,45.464500427246094,0.0018399750444610952,3.186507830544124e-05,1.0,0.0,0.8070953404439846,1.0
2017-04-27,45.91899871826172,0.00999677301508961,3.115079469150967e-05,1.0,0.0,0.7830097825713802,1.0
2017-04-28,46.2495002746582,0.007197490485894464,3.0952379817054386e-05,1.0,0.0,0.7604148726518515,1.0
2017-05-01,47.4114990234375,0.025124568738659425,3.115079469150967e-05,1.0,0.0,0.6942766397825231,1.0
2017-05-02,47.34700012207031,-0.0013604062874136291,3.3452380744237744e-05,1.0,0.0,0.720508467043809,1.0
2017-05-03,47.05149841308594,-0.006241191801434343,3.365079325342935e-05,1.0,0.0,0.7606746981888974,1.0
2017-05-04,46.87649917602539,-0.0037193127310027885,3.3928572185455806e-05,1.0,0.0,0.7831642171044472,1.0
2017-05-05,46.70750045776367,-0.003605190686853832,3.444444329019577e-05,1.0,0.0,0.7997034366946402,1.0
2017-05-08,47.45199966430664,0.015939607113341525,3.4523809713030615e-05,1.0,0.0,0.7592481674256398,1.0
2017-05-09,47.64099884033203,0.003982954930507487,3.531745974979704e-05,1.0,0.0,0.7538201964804109,1.0
2017-05-10,47.4474983215332,-0.004061638578303994,3.472222222222222e-05,1.0,0.0,0.7764882985223382,1.0
2017-05-11,47.38100051879883,-0.00140150282073348,3.412698469464741e-05,1.0,0.0,0.7836495981342966,1.0
2017-05-12,48.067501068115234,0.014488941596833227,3.3928572185455806e-05,1.0,0.0,0.7446965618967757,1.0
2017-05-15,47.89849853515625,-0.0035159417320134168,3.424603078100416e-05,1.0,0.0,0.7695287877770712,1.0
2017-05-16,48.30350112915039,0.008455434019437602,3.531745974979704e-05,1.0,0.0,0.7503193117091123,1.0
2017-05-17,47.23799896240234,-0.022058487311286012,3.472222222222222e-05,1.0,0.0,0.8432108276548897,1.0
2017-05-18,47.92449951171875,0.014532803344672107,3.543650820141747e-05,1.0,0.0,0.8124706811213365,1.0
2017-05-19,47.992000579833984,0.0014084877005076102,3.523809569222586e-05,1.0,0.0,0.8089338852804487,1.0
2017-05-22,48.53350067138672,0.01128313229309863,3.4841270673842654e-05,1.0,0.0,0.7823799545827043,1.0
2017-05-23,48.57699966430664,0.0008962673682750832,3.6230158238183885e-05,1.0,0.0,0.7827637380244865,1.0
2017-05-24,49.01750183105469,0.009068122152297464,3.5912697277371846e-05,1.0,0.0,0.756412066862694,1.0
2017-05-25,49.66899871826172,0.013291107520177148,3.6031745728992285e-05,1.0,0.0,0.717606712119788,1.0
2017-05-26,49.78900146484375,0.002416049239541307,3.6111112151827125e-05,1.0,0.0,0.7146801885037722,1.0
2017-05-30,49.834999084472656,0.0009238510168030345,3.6111112151827125e-05,1.0,0.0,0.7248627830788356,1.0
2017-05-31,49.73099899291992,-0.0020868886016521815,3.769841222535996e-05,1.0,0.0,0.7449852105762471,1.0
2017-06-01,49.79750061035156,0.0013372266549704914,3.7619048167788795e-05,1.0,0.0,0.7442474329321217,1.0
2017-06-02,50.33649826049805,0.010823789217132784,3.7817460676980396e-05,1.0,0.0,0.7120738293624393,1.0
2017-06-05,50.56700134277344,0.004579243496091179,3.7619048167788795e-05,1.0,0.0,0.7006653283641606,1.0
2017-06-06,50.150001525878906,-0.00824648102164205,3.8015873186172e-05,1.0,0.0,0.7528029986289435,1.0
2017-06-07,50.50350189208984,0.00704886052752185,3.8611110713746805e-05,1.0,0.0,0.7279441209073361,1.0
2017-06-08,50.51350021362305,0.0001979728367069722,3.8611110713746805e-05,1.0,0.0,0.7310611394144497,1.0
2017-06-09,48.91550064086914,-0.031635098854680854,3.8888889645773273e-05,1.0,0.0,0.8317907339063947,1.0
2017-06-12,48.24549865722656,-0.013697130252466216,3.8611110713746805e-05,1.0,0.0,0.8440751202151882,1.0
2017-06-13,49.03950119018555,0.016457546404488266,3.900793573213001e-05,1.0,0.0,0.8230325279500422,1.0
2017-06-14,48.82350158691406,-0.004404604411325286,3.900793573213001e-05,1.0,0.0,0.8365193620240855,1.0
2017-06-15,48.20849990844727,-0.012596427099190843,3.940476075051322e-05,1.0,0.0,0.8381828891639755,1.0
2017-06-16,49.385501861572266,0.024414822186134,3.908730215496487e-05,1.0,0.0,0.8087860898603816,1.0
2017-06-19,49.75849914550781,0.007552768927631126,3.908730215496487e-05,1.0,0.0,0.8010771314670968,1.0
2017-06-20,49.62950134277344,-0.0025924777666052057,3.940476075051322e-05,1.0,0.0,0.82197146774138,1.0
2017-06-21,50.11149978637695,0.009711934042506698,3.8412698204555204e-05,1.0,0.0,0.797397950688239,1.0
2017-06-22,50.06499862670898,-0.0009279538602159354,3.702381064021399e-05,1.0,0.0,0.8103130719919984,1.0
2017-06-23,50.1870002746582,0.002436865101283381,3.702381064021399e-05,1.0,0.0,0.7995158639220677,1.0
2017-06-26,49.69900131225586,-0.009723612882453048,3.702381064021399e-05,1.0,0.0,0.8354742144463712,1.0
2017-06-27,48.8390007019043,-0.017304182934144485,3.9285714664156475e-05,1.0,0.0,0.8682172649190988,1.0
2017-06-28,49.51649856567383,0.013872066463946231,3.908730215496487e-05,1.0,0.0,0.8490203607571732,1.0
2017-06-29,48.79650115966797,-0.014540555710960135,3.980158813416012e-05,1.0,0.0,0.8713966017410248,1.0
2017-06-30,48.400001525878906,-0.008125575079485081,3.940476075051322e-05,1.0,0.0,0.8788974005870674,1.0
2017-07-03,47.68299865722656,-0.014814108389417546,3.968253968253968e-05,1.0,0.0,0.8838526993364731,1.0
2017-07-05,48.56999969482422,0.018602039774678225,4.04761897193061e-05,1.0,0.0,0.8840434845108724,1.0
2017-07-06,48.25699996948242,-0.006444301571102318,4.000000064335172e-05,1.0,0.0,0.8874457819351435,1.0
2017-07-07,48.9379997253418,0.014111937258636909,4.000000064335172e-05,1.0,0.0,0.8751317111068696,1.0
2017-07-10,49.82350158691406,0.01809436157060018,4.019841315254333e-05,1.0,0.0,0.8405542218073498,1.0
2017-07-11,49.70650100708008,-0.0023483010247660197,4.099206318930975e-05,1.0,0.0,0.8417731041040155,1.0
2017-07-12,50.32550048828125,0.012453089005661555,4.059523817092654e-05,1.0,0.0,0.808065534116864,1.0
2017-07-13,50.03150177001953,-0.0058419432575773644,4.019841315254333e-05,1.0,0.0,0.8323582208540989,1.0
2017-07-14,50.09049987792969,0.001179219208357063,4.000000064335172e-05,1.0,0.0,0.8285680621166263,1.0
2017-07-17,50.50199890136719,0.00821511113764739,4.04761897193061e-05,1.0,0.0,0.8101903347204606,1.0
2017-07-18,51.22249984741211,0.014266780755591402,4.12698397560725e-05,1.0,0.0,0.7654336913554242,1.0
2017-07-19,51.34349822998047,0.0023622115853150216,4.3055557069324325e-05,1.0,0.0,0.7676136343681623,1.0
2017-07-20,51.435001373291016,0.0017821758638392193,4.4166668066902766e-05,1.0,0.0,0.7689490347783848,1.0
2017-07-21,51.28350067138672,-0.002945478717979899,4.515873061286078e-05,1.0,0.0,0.774581273892908,1.0
2017-07-24,51.9474983215332,0.012947588238978236,4.5634919688815166e-05,1.0,0.0,0.7411141663441589,1.0
2017-07-25,51.993499755859375,0.0008855370482221403,4.535714312205238e-05,1.0,0.0,0.7418485212061262,1.0
2017-07-26,52.63999938964844,0.012434239603503539,4.345238208770752e-05,1.0,0.0,0.7034334951209852,1.0
2017-07-27,52.29999923706055,-0.006458969538946313,4.277777577203418e-05,1.0,0.0,0.7556875901201051,1.0
2017-07-28,51.00199890136719,-0.02481836242119062,4.1785713226076154e-05,1.0,0.0,0.8249265026576748,1.0
2017-07-31,49.38899993896485,-0.03162619107383846,4.1785713226076154e-05,1.0,0.0,0.8667702502685639,1.0
2017-08-01,49.80950164794922,0.00851407620125988,4.198412573526776e-05,1.0,0.0,0.8730836088853827,1.0
2017-08-02,49.79449844360352,-0.00030121169353869437,4.166666477445572e-05,1.0,0.0,0.8677816339883023,1.0
2017-08-03,49.34600067138672,-0.0090069743894452,4.198412573526776e-05,1.0,0.0,0.8760932988199972,1.0
2017-08-04,49.37900161743164,0.0006687663761180129,4.1785713226076154e-05,1.0,0.0,0.8795270161321253,1.0
2017-08-07,49.61349868774414,0.0047489228747330525,4.099206318930975e-05,1.0,0.0,0.8773592503098249,1.0
2017-08-08,49.492000579833984,-0.00244889215886257,4.0873014737689306e-05,1.0,0.0,0.8779771348985446,1.0
2017-08-09,49.10049819946289,-0.00791041735602449,4.06746022284977e-05,1.0,0.0,0.8787001418446826,1.0
2017-08-10,47.84600067138672,-0.02554958858013978,4.039682566173493e-05,1.0,0.0,0.8803098834125287,1.0
2017-08-11,48.39950180053711,0.011568388608943936,4.019841315254333e-05,1.0,0.0,0.8906441963265728,1.0
2017-08-14,49.165000915527344,0.015816260219888134,3.980158813416012e-05,1.0,0.0,0.889055447867301,1.0
2017-08-15,49.137001037597656,-0.0005695083374003262,4.000000064335172e-05,1.0,0.0,0.89170241982704,1.0
2017-08-16,48.90900039672852,-0.0046401008619690876,3.908730215496487e-05,1.0,0.0,0.8913996190613466,1.0
2017-08-17,48.02849960327149,-0.018002837643680936,3.880952322293841e-05,1.0,0.0,0.8926569143356176,1.0
2017-08-18,47.92350006103516,-0.0021861924295710766,3.920634824132162e-05,1.0,0.0,0.8884507920080952,1.0
2017-08-21,47.66450119018555,-0.005404423101813438,3.829364975293477e-05,1.0,0.0,0.8866319862334846,1.0
2017-08-22,48.345001220703125,0.014276873008747692,3.9484127173348075e-05,1.0,0.0,0.8961801887902423,1.0
2017-08-23,47.900001525878906,-0.009204668188810716,3.8888889645773273e-05,1.0,0.0,0.8967101690294008,1.0
2017-08-24,47.622501373291016,-0.005793322416450586,3.9603175624968514e-05,1.0,0.0,0.8891397936938266,1.0
2017-08-25,47.26300048828125,-0.0075489710670970656,3.9484127173348075e-05,1.0,0.0,0.8853428513090981,1.0
2017-08-28,47.30099868774414,0.0008039734902636209,3.988095219173128e-05,1.0,0.0,0.8880262083627705,1.0
2017-08-29,47.70299911499024,0.008498772507952612,4.007936470092289e-05,1.0,0.0,0.8920816581919829,1.0
2017-08-30,48.37950134277344,0.01418154498320856,3.9603175624968514e-05,1.0,0.0,0.8865257313923885,1.0
2017-08-31,49.02999877929688,0.013445724293737804,3.880952322293841e-05,1.0,0.0,0.8657549699720879,1.0
2017-09-01,48.91249847412109,-0.002396498227640431,3.908730215496487e-05,1.0,0.0,0.8758677042223474,1.0
2017-09-05,48.26350021362305,-0.013268556723623814,3.900793573213001e-05,1.0,0.0,0.893285386504198,1.0
2017-09-06,48.38999938964844,0.0026210112293032495,4.119047569850135e-05,1.0,0.0,0.8889691211995386,1.0
2017-09-07,48.9734992980957,0.0120582747635265,4.059523817092654e-05,1.0,0.0,0.873462652786099,1.0
2017-09-08,48.29499816894531,-0.013854454733169819,4.04761897193061e-05,1.0,0.0,0.8953610089389709,1.0
2017-09-11,48.89799880981445,0.012485778315173057,4.04761897193061e-05,1.0,0.0,0.8858332983074962,1.0
2017-09-12,49.12900161743164,0.004724177128713647,4.039682566173493e-05,1.0,0.0,0.8757129573042675,1.0
2017-09-13,49.97999954223633,0.017321701984327253,4.039682566173493e-05,1.0,0.0,0.8411301466058118,1.0
2017-09-14,49.61050033569336,-0.007392941375093831,4.079365068011814e-05,1.0,0.0,0.8646504118391889,1.0
2017-09-15,49.339500427246094,-0.005462551407736771,4.007936470092289e-05,1.0,0.0,0.8780861076325023,1.0
2017-09-18,48.70949935913086,-0.012768695723707313,3.968253968253968e-05,1.0,0.0,0.8938119991994239,1.0
2017-09-19,48.49300003051758,-0.004444704451118442,4.039682566173493e-05,1.0,0.0,0.8924067870097953,1.0
2017-09-20,48.66049957275391,0.0034540973363357264,4.04761897193061e-05,1.0,0.0,0.889225561331783,1.0
2017-09-21,48.23249816894531,-0.008795663989611957,4.000000064335172e-05,1.0,0.0,0.8931139541290974,1.0
2017-09-22,47.755001068115234,-0.009899903985017278,3.980158813416012e-05,1.0,0.0,0.8915864432191927,1.0
2017-09-25,46.98949813842773,-0.016029796096028393,3.9603175624968514e-05,1.0,0.0,0.8892320955954746,1.0
2017-09-26,46.93000030517578,-0.0012661942691252204,4.1388888207692946e-05,1.0,0.0,0.8842533583072407,1.0
2017-09-27,47.54349899291992,0.013072633363619968,4.119047569850135e-05,1.0,0.0,0.8936427536326028,1.0
2017-09-28,47.81999969482422,0.005815741536933761,4.0873014737689306e-05,1.0,0.0,0.8932154731424315,1.0
2017-09-29,48.067501068115234,0.005175687471152379,4.079365068011814e-05,1.0,0.0,0.8891461657809446,1.0
2017-10-02,47.95949935913086,-0.0022468758846300174,4.019841315254333e-05,1.0,0.0,0.8868087115183787,1.0
2017-10-03,47.85499954223633,-0.002178918009798525,4.107142724688091e-05,1.0,0.0,0.8838082880909599,1.0
2017-10-04,48.272499084472656,0.008724261753839224,4.1388888207692946e-05,1.0,0.0,0.8786530721086584,1.0
2017-10-05,49.04249954223633,0.015951120666370278,4.1388888207692946e-05,1.0,0.0,0.8605611787730223,1.0
2017-10-06,49.479000091552734,0.00890045477678969,4.1388888207692946e-05,1.0,0.0,0.8442752175040533,1.0
2017-10-09,49.54949951171875,0.0014248351833214823,4.1468252265264115e-05,1.0,0.0,0.8460676834972192,1.0
2017-10-10,49.36000061035156,-0.003824436235170703,4.186507728364732e-05,1.0,0.0,0.857104700144467,1.0
2017-10-11,49.75,0.007901122058873167,4.238095075365097e-05,1.0,0.0,0.8386124173420693,1.0
2017-10-12,50.04650115966797,0.005959822304883788,4.1785713226076154e-05,1.0,0.0,0.8277439844992459,1.0
2017-10-13,50.14699935913086,0.0020080964130191337,4.166666477445572e-05,1.0,0.0,0.8280415298033222,1.0
2017-10-16,50.31700134277344,0.0033900729019715747,4.186507728364732e-05,1.0,0.0,0.8208450272868001,1.0
2017-10-17,50.45650100708008,0.0027724160936446474,4.257936326284257e-05,1.0,0.0,0.8135388724096583,1.0
2017-10-18,49.84999847412109,-0.012020305032128253,4.238095075365097e-05,1.0,0.0,0.8556159941097675,1.0
2017-10-19,49.33050155639648,-0.010421202279360164,4.2261907032557895e-05,1.0,0.0,0.8719425356218607,1.0
2017-10-20,49.14550018310547,-0.0037502431042487627,4.26587320509411e-05,1.0,0.0,0.8722509707063797,1.0
2017-10-23,48.31499862670898,-0.016898832106748807,4.24603195417495e-05,1.0,0.0,0.8821425526022341,1.0
2017-10-24,48.79499816894531,0.009934793664073238,4.357143053932795e-05,1.0,0.0,0.8841694764184457,1.0
2017-10-25,48.64550018310547,-0.0030637973450112765,4.297618828122578e-05,1.0,0.0,0.880742758838364,1.0
2017-10-26,48.62149810791016,-0.0004934079227257859,4.285714456013271e-05,1.0,0.0,0.8722587438799447,1.0
2017-10-27,55.04750061035156,0.13216381132847,4.257936326284257e-05,1.0,0.0,0.48079612374094743,0.0
2017-10-30,55.54249954223633,0.008992214476522209,4.26587320509411e-05,1.0,0.0,0.47782465524546397,0.0
2017-10-31,55.26399993896485,-0.005014171230441233,4.456349308528596e-05,1.0,0.0,0.5433177773225216,1.0
2017-11-01,55.18399810791016,-0.0014476301234627176,4.515873061286078e-05,1.0,0.0,0.5923300001618818,1.0
2017-11-02,54.71099853515625,-0.008571317573420112,4.515873061286078e-05,1.0,0.0,0.671396692530834,1.0
2017-11-03,55.58000183105469,0.015883521031699654,4.555555563124399e-05,1.0,0.0,0.6197797494300517,1.0
2017-11-06,56.03300094604492,0.008150397626239814,4.595238064962721e-05,1.0,0.0,0.6099857711112305,1.0
2017-11-07,56.15850067138672,0.0022397466354273643,4.714285570477683e-05,1.0,0.0,0.6324741930763704,1.0
2017-11-08,56.64400100708008,0.008645179801616942,4.7420637002066956e-05,1.0,0.0,0.6166592614158222,1.0
2017-11-09,56.45650100708008,-0.003310147529595686,4.773809323235164e-05,1.0,0.0,0.6547056822569148,1.0
2017-11-10,56.26750183105469,-0.0033476955293720856,4.7619049511258563e-05,1.0,0.0,0.7056737999389772,1.0
2017-11-13,56.45849990844727,0.0033944652095283523,4.702380725315639e-05,1.0,0.0,0.7108382433461754,1.0
2017-11-14,56.84199905395508,0.0067925847503862435,4.9206349584791395e-05,1.0,0.0,0.6891103433559652,1.0
2017-11-15,56.33449935913086,-0.00892825205430392,4.880952456640819e-05,1.0,0.0,0.7515839237736678,1.0
2017-11-16,56.86449813842773,0.009408067619774974,4.880952456640819e-05,1.0,0.0,0.7184781174758746,1.0
2017-11-17,56.49399948120117,-0.006515465173448587,4.9206349584791395e-05,1.0,0.0,0.7675674909394623,1.0
2017-11-20,56.31549835205078,-0.0031596475871705776,4.9206349584791395e-05,1.0,0.0,0.7922418756439025,1.0
2017-11-21,56.9744987487793,0.01170193669616193,5.071428560075306e-05,1.0,0.0,0.7500102282340462,1.0
2017-11-22,57.80799865722656,0.014629350441896172,5.019841213074941e-05,1.0,0.0,0.7004204223748135,1.0
2017-11-24,59.29999923706055,0.025809587159050906,4.9206349584791395e-05,1.0,0.0,0.6030816307652986,1.0
2017-11-27,59.791500091552734,0.008288378765863635,4.853174799964541e-05,1.0,0.0,0.59277367332387,1.0
2017-11-28,59.68000030517578,-0.0018648099848008748,5.019841213074941e-05,1.0,0.0,0.6352987317007995,1.0
2017-11-29,58.0634994506836,-0.027086140184754415,4.992063556398664e-05,1.0,0.0,0.789058164066237,1.0
2017-11-30,58.837501525878906,0.013330269145295004,4.9126985527220226e-05,1.0,0.0,0.7373304082305452,1.0
2017-12-01,58.11750030517578,-0.012237114119919568,4.900793707559979e-05,1.0,0.0,0.8003803208553949,1.0
2017-12-04,56.6974983215332,-0.02443329420890661,4.9404762093982996e-05,1.0,0.0,0.8681620196975582,1.0
2017-12-05,57.07849884033203,0.00671988235950316,5.091269810994467e-05,1.0,0.0,0.8618809389583765,1.0
2017-12-06,57.61750030517578,0.009443161186693416,5.011904807317824e-05,1.0,0.0,0.8407186899972332,1.0
2017-12-07,57.98949813842773,0.00645633412212665,4.999999962155781e-05,1.0,0.0,0.823442481945267,1.0
2017-12-08,58.09999847412109,0.0019055232281814938,4.9722223054795035e-05,1.0,0.0,0.8263115029787816,1.0
2017-12-11,58.44599914550781,0.00595526128181989,5.011904807317824e-05,1.0,0.0,0.8027573673040655,1.0
2017-12-12,58.25400161743164,-0.0032850414208537293,5.1984124713473844e-05,1.0,0.0,0.8278786978468589,1.0
2017-12-13,58.20650100708008,-0.0008154051057901457,5.051587309156145e-05,1.0,0.0,0.8378279879610974,1.0
2017-12-14,58.7130012512207,0.008701781336744707,5.091269810994467e-05,1.0,0.0,0.8110159909714424,1.0
2017-12-15,58.95700073242188,0.004155799839922203,5.099206216751583e-05,1.0,0.0,0.7926946254756342,1.0
2017-12-18,59.52899932861328,0.009701962262080421,5.2182541953192816e-05,1.0,0.0,0.7621181970227399,1.0
2017-12-19,59.36899948120117,-0.0026877630938977326,5.369047796915448e-05,1.0,0.0,0.7821489767502863,1.0
2017-12-20,58.88100051879883,-0.008219760593352499,5.357142951753405e-05,1.0,0.0,0.8253115520149601,1.0
2017-12-21,58.73799896240234,-0.00242865364271172,5.238095446238442e-05,1.0,0.0,0.8322127125764394,1.0
2017-12-22,58.417999267578125,-0.005447916178231371,5.1507935637519474e-05,1.0,0.0,0.8500129632887359,1.0
2017-12-26,58.8380012512207,0.007189598906302885,5.1706348146711075e-05,1.0,0.0,0.8313079400887917,1.0
2017-12-27,59.11299896240234,0.004673811233108838,5.587301557026213e-05,1.0,0.0,0.8196751208915105,1.0
2017-12-28,59.30500030517578,0.0032480392831288896,5.4365079554300456e-05,1.0,0.0,0.8147402480004817,1.0
2017-12-29,58.4734992980957,-0.01402075715034623,5.376984202672565e-05,1.0,0.0,0.8573576740998508,1.0
2018-01-02,59.45050048828125,0.016708444028718628,5.46825405151125e-05,1.0,0.0,0.8483735984009894,1.0
2018-01-03,60.209999084472656,0.012775310383486449,5.4365079554300456e-05,1.0,0.0,0.8081791168320589,1.0
2018-01-04,60.47949981689453,0.004476012896857506,5.4365079554300456e-05,1.0,0.0,0.8005274480838818,1.0
2018-01-05,61.45700073242188,0.016162516530176196,5.4365079554300456e-05,1.0,0.0,0.7408137716905717,1.0
2018-01-08,62.34349822998047,0.014424678832250848,5.4761904572683664e-05,1.0,0.0,0.6922093987320194,1.0
2018-01-09,62.6349983215332,0.0046757095740346255,5.615079213702489e-05,1.0,0.0,0.6873091247429626,1.0
2018-01-10,62.71649932861328,0.0013012055442500614,5.535714210025848e-05,1.0,0.0,0.6855499073119524,1.0
2018-01-11,63.83399963378906,0.01781828254348916,5.567460306107052e-05,1.0,0.0,0.6241711007057714,1.0
2018-01-12,65.26000213623047,0.022339231610462695,5.595237962783329e-05,1.0,0.0,0.5498668405475736,1.0
2018-01-16,65.24299621582031,-0.0002605871874575838,5.535714210025848e-05,1.0,0.0,0.5901311393916365,1.0
2018-01-17,64.75,-0.00755630863716783,5.615079213702489e-05,1.0,0.0,0.6558661546484974,1.0
2018-01-18,64.66600036621094,-0.0012972916415299185,5.575396711864169e-05,1.0,0.0,0.6866000755008707,1.0
2018-01-19,64.72899627685547,0.0009741736041779525,5.567460306107052e-05,1.0,0.0,0.7062029708525851,1.0
2018-01-22,66.3655014038086,0.025282411609683475,5.515872959106687e-05,1.0,0.0,0.6050294281203981,1.0
2018-01-23,68.12699890136719,0.02654236704761037,5.607142807945373e-05,1.0,0.0,0.5078546834433207,1.0
2018-01-24,67.87550354003906,-0.0036915667119321594,5.595237962783329e-05,1.0,0.0,0.5588873508236328,1.0
2018-01-25,68.89749908447266,0.015056912893923968,5.527777804268731e-05,1.0,0.0,0.5146508451883595,1.0
2018-01-26,70.10250091552734,0.017489776074125496,5.507936553349571e-05,1.0,0.0,0.4701674664005004,0.0
2018-01-29,70.88400268554688,0.011147987016343786,5.4563492063492063e-05,1.0,0.0,0.45546472503335983,0.0
2018-01-30,71.89099884033203,0.014206254114237371,5.65476171554081e-05,0.0,0.0,0.4329049663086734,0.0
2018-01-31,72.54450225830078,0.009090198056924459,5.6746029664599704e-05,0.0,0.0,0.4273004723650066,0.0
2018-02-01,69.5,-0.04196737400527717,5.765872815298656e-05,0.0,0.0,0.6264256646047666,1.0
2018-02-02,71.49749755859375,0.02874097206609716,5.753968443189349e-05,0.0,0.0,0.48897550407664325,0.0
2018-02-05,69.5,-0.027938006598856924,5.785714066217816e-05,0.0,0.0,0.6481201708428428,1.0
2018-02-06,72.14199829101562,0.03801436389950541,5.904762044785515e-05,0.0,0.0,0.4605996989767363,0.0
2018-02-07,70.83899688720703,-0.018061620618718965,6.011904705138434e-05,0.0,0.0,0.5835762631433203,1.0
2018-02-08,67.5250015258789,-0.046782076355553315,6.011904705138434e-05,1.0,0.0,0.7609871862141732,1.0
2018-02-09,66.9800033569336,-0.008071057484337008,6.051587206976755e-05,1.0,0.0,0.7451984166760783,1.0
2018-02-12,69.3115005493164,0.0348088545167482,6.0912697088150755e-05,1.0,0.0,0.6618347597271307,1.0
2018-02-13,70.72550201416016,0.020400675986486094,6.230158938301934e-05,1.0,0.0,0.5909889175955761,1.0
2018-02-14,72.55249786376953,0.025832207585371192,6.150793461572556e-05,1.0,0.0,0.48459401118561074,0.0
2018-02-15,73.08799743652344,0.007380856462852581,6.190475963410877e-05,1.0,0.0,0.474372665713334,0.0
2018-02-16,72.43450164794922,-0.008941218962002284,6.230158938301934e-05,1.0,0.0,0.5577110257747633,1.0
2018-02-20,73.4175033569336,0.013570904563712238,6.24206331041124e-05,1.0,0.0,0.5107133328950877,1.0
2018-02-21,74.14600372314453,0.009922706887337096,6.380952539898101e-05,1.0,0.0,0.4893836146037134,0.0
2018-02-22,74.26699829101562,0.001631842065593636,6.369047694736057e-05,1.0,0.0,0.511140353968624,1.0
2018-02-23,75.0,0.009869817359685173,6.369047694736057e-05,1.0,0.0,0.48519429780931034,0.0
2018-02-26,76.09750366210938,0.014633382161458375,6.380952539898101e-05,1.0,0.0,0.4407159982308402,0.0
2018-02-27,75.5989990234375,-0.006550867172796515,6.488095200251019e-05,1.0,0.0,0.5114813252698426,1.0
2018-02-28,75.62249755859375,0.0003108313001467522,6.420635041736421e-05,1.0,0.0,0.5415254603384718,1.0
2018-03-01,74.67250061035156,-0.012562358807392093,6.309523941978576e-05,1.0,0.0,0.6311266792634225,1.0
2018-03-02,75.01249694824219,0.004553166629101657,6.369047694736057e-05,1.0,0.0,0.6114466842562267,1.0
2018-03-05,76.18049621582031,0.01557072907976953,6.448412698412699e-05,1.0,0.0,0.5466926379717375,1.0
2018-03-06,76.88200378417969,0.00920849302913429,6.519841296332222e-05,1.0,0.0,0.5243234988398093,1.0
2018-03-07,77.25,0.004786506564700588,6.547618953008501e-05,1.0,0.0,0.5213592518292944,1.0
2018-03-08,77.59300231933594,0.0044401594736043215,6.488095200251019e-05,1.0,0.0,0.5240652669885489,1.0
2018-03-09,78.94450378417969,0.01741782666536884,6.488095200251019e-05,1.0,0.0,0.4696499966299242,0.0
2018-03-12,79.91950225830078,0.012350428812454961,6.519841296332222e-05,1.0,0.0,0.4448847380430136,0.0
2018-03-13,79.40899658203125,-0.006387748444923624,6.70634943341452e-05,1.0,0.0,0.5013589892496298,1.0
2018-03-14,79.55000305175781,0.001775698923243585,6.817460533172366e-05,1.0,0.0,0.5229231591758887,1.0
2018-03-15,79.11599731445312,-0.005455760159082668,6.876984285929846e-05,1.0,0.0,0.5809467116056022,1.0
2018-03-16,78.58399963378906,-0.006724274466889391,6.896825536849007e-05,1.0,0.0,0.6378064031167923,1.0
2018-03-19,77.24649810791016,-0.01702002356856136,6.857143035010686e-05,1.0,0.0,0.7171671657787098,1.0
2018-03-20,79.32550048828125,0.02691387223103381,6.976190540525649e-05,1.0,0.0,0.6083324385641405,1.0
2018-03-21,79.09300231933594,-0.0029309385697435797,6.785714437091161e-05,1.0,0.0,0.639537581971089,1.0
2018-03-22,77.24600219726562,-0.023352257063312565,6.678571303685506e-05,1.0,0.0,0.7443361514813995,1.0
2018-03-23,74.77799987792969,-0.03194990354365934,6.698412554604667e-05,1.0,0.0,0.8051876412020701,1.0
2018-03-26,77.79299926757812,0.0403193371656132,6.765873186172e-05,1.0,0.0,0.7122165654719163,1.0
2018-03-27,74.85250091552734,-0.037799009933227934,6.876984285929846e-05,1.0,0.0,0.80725740243141,1.0
2018-03-28,71.57099914550781,-0.043839574227757305,6.72619068433368e-05,1.0,0.0,0.8011331291491994,1.0
2018-03-29,72.36699676513672,0.011121789958675743,6.626983956685142e-05,1.0,0.0,0.8008466885629023,1.0
2018-04-02,68.59950256347656,-0.05206094449224363,6.678571303685506e-05,1.0,0.0,0.7945014627269945,1.0
2018-04-03,69.60250091552734,0.014621073252283123,6.797619282253204e-05,1.0,0.0,0.8063699531298694,1.0
2018-04-04,70.52850341796875,0.013304155601610468,6.619047550928025e-05,1.0,0.0,0.8069908066268909,1.0
2018-04-05,72.5875015258789,0.02919384373872269,6.646825207604302e-05,1.0,0.0,0.7752751780952147,1.0
2018-04-06,70.2614974975586,-0.032044139547784845,6.666666458523462e-05,1.0,0.0,0.8224525160332141,1.0
2018-04-09,70.30400085449219,0.0006049309856379637,6.646825207604302e-05,1.0,0.0,0.8366862458574296,1.0
2018-04-10,71.81099700927734,0.02143542524562969,6.72619068433368e-05,1.0,0.0,0.8208369059094608,1.0
2018-04-11,71.35250091552734,-0.006384761566404218,6.718253805523827e-05,1.0,0.0,0.8442932655051025,1.0
2018-04-12,72.42500305175781,0.015031037769792865,6.765873186172e-05,1.0,0.0,0.8293702650034029,1.0
2018-04-13,71.53949737548828,-0.012226519005276604,6.817460533172366e-05,1.0,0.0,0.8592829553456512,1.0
2018-04-16,72.07499694824219,0.007485369514734552,6.797619282253204e-05,1.0,0.0,0.8564834219498231,1.0
2018-04-17,75.19149780273438,0.04323969457439136,6.964285695363604e-05,1.0,0.0,0.7187643649484586,1.0
2018-04-18,76.39199829101562,0.015965907361371823,7.023809448121085e-05,1.0,0.0,0.6545756744831888,1.0
2018-04-19,77.84549713134766,0.019026846696625466,7.075396795121451e-05,1.0,0.0,0.5765554410256395,1.0
2018-04-20,76.37449645996094,-0.018896413095091713,7.003968197201925e-05,1.0,0.0,0.7118373681064728,1.0
2018-04-23,75.89299774169922,-0.006304443768269441,7.075396795121451e-05,1.0,0.0,0.7652301077408933,1.0
2018-04-24,73.00450134277344,-0.03806011733462866,7.234126802474734e-05,1.0,0.0,0.8585077561213317,1.0
2018-04-25,73.00849914550781,5.476104433066453e-05,7.202381179446265e-05,1.0,0.0,0.8566059545733293,1.0
2018-04-26,75.89800262451172,0.03957763154732241,7.083333200878568e-05,1.0,0.0,0.7382723631101894,1.0
2018-04-27,78.63099670410156,0.03600877473825914,7.023809448121085e-05,1.0,0.0,0.5637714485446356,1.0
2018-04-30,78.30650329589844,-0.004126787422321976,6.996031791444809e-05,1.0,0.0,0.6256138914338242,1.0
2018-05-01,79.11299896240234,0.010299216955919732,7.182539455474369e-05,1.0,0.0,0.5979460421927595,1.0
2018-05-02,78.48400115966797,-0.007950625194139027,7.083333200878568e-05,1.0,0.0,0.6750986024349307,1.0
2018-05-03,78.60399627685547,0.001528911821702117,7.095238046040612e-05,1.0,0.0,0.6850058844244723,1.0
2018-05-04,79.04750061035156,0.005642261901468659,7.115079296959771e-05,1.0,0.0,0.6753743790193316,1.0
2018-05-07,80.00700378417969,0.012138311349751518,7.115079296959771e-05,1.0,0.0,0.6360213958742332,1.0
2018-05-08,79.61949920654297,-0.004843383195326512,7.281746183122908e-05,1.0,0.0,0.6884932672841819,1.0
2018-05-09,80.4000015258789,0.009802904151798408,7.321428684961227e-05,1.0,0.0,0.6499196371871632,1.0
2018-05-10,80.4540023803711,0.0006716524063099527,7.321428684961227e-05,1.0,0.0,0.6717983551095188,1.0
2018-05-11,80.14550018310547,-0.003834516470754168,7.380952437718708e-05,1.0,0.0,0.7201705620737001,1.0
2018-05-14,80.0770034790039,-0.0008546543966294617,7.361111186799548e-05,1.0,0.0,0.7536061575592822,1.0
2018-05-15,78.80599975585938,-0.015872268790349864,7.44047619047619e-05,1.0,0.0,0.8211585552646479,1.0
2018-05-16,79.36399841308594,0.007080662119067549,7.40079368863787e-05,1.0,0.0,0.8055161370507179,1.0
2018-05-17,79.08799743652344,-0.003477659670395261,7.392857282880753e-05,1.0,0.0,0.8266904062233256,1.0
2018-05-18,78.71849822998047,-0.004672001043388829,7.361111186799548e-05,1.0,0.0,0.8462199013815415,1.0
2018-05-21,79.27300262451172,0.007044143460552821,7.392857282880753e-05,1.0,0.0,0.831510449272557,1.0
2018-05-22,79.06999969482422,-0.0025608078786804045,7.511904788395715e-05,1.0,0.0,0.8441013452022154,1.0
2018-05-23,80.09300231933594,0.012937936366005598,7.432539784719073e-05,1.0,0.0,0.8057294260453753,1.0
2018-05-24,80.15350341796875,0.0007553855752788774,7.380952437718708e-05,1.0,0.0,0.8012689798824839,1.0
2018-05-25,80.50749969482422,0.004416479152626884,7.353174781042433e-05,1.0,0.0,0.7871251264757194,1.0
2018-05-29,80.64350128173828,0.0016893033249025802,7.301587434042068e-05,1.0,0.0,0.7826963061732247,1.0
2018-05-30,81.24449920654297,0.00745252767120097,7.452381035638234e-05,1.0,0.0,0.7531100804247862,1.0
2018-05-31,81.48100280761719,0.0029110106331380337,7.420634939557031e-05,1.0,0.0,0.7484676505840107,1.0
2018-06-01,82.0770034790039,0.007314596664868223,7.412698533799913e-05,1.0,0.0,0.7315815749503817,1.0
2018-06-04,83.26349639892578,0.014455850842866047,7.40079368863787e-05,1.0,0.0,0.6771339015615042,1.0
2018-06-05,84.81749725341797,0.018663651200122366,7.551587290234036e-05,1.0,0.0,0.6068027076689879,1.0
2018-06-06,84.7874984741211,-0.0003536862117876627,7.539682445071991e-05,1.0,0.0,0.6456881174055823,1.0
2018-06-07,84.46499633789062,-0.003803651977406841,7.480158692314511e-05,1.0,0.0,0.6874355619398037,1.0
2018-06-08,84.19950103759766,-0.003143258294014406,7.46031744139535e-05,1.0,0.0,0.7154276862141566,1.0
2018-06-11,84.45600128173828,0.0030463392416790747,7.412698533799913e-05,1.0,0.0,0.7137470556640532,1.0
2018-06-12,84.9375,0.005701178257960349,7.492063537476556e-05,1.0,0.0,0.6933103545058975,1.0
2018-06-13,85.24299621582031,0.0035967177727189714,7.519841194152831e-05,1.0,0.0,0.6983466855217753,1.0
2018-06-14,86.19300079345703,0.011144664310384744,7.472222286557397e-05,1.0,0.0,0.6585032883064722,1.0
2018-06-15,85.79850006103516,-0.004576946257703773,7.492063537476556e-05,1.0,0.0,0.6965906335267129,1.0
2018-06-18,86.18949890136719,0.004557175708828076,7.472222286557397e-05,1.0,0.0,0.6805459782739469,1.0
2018-06-19,86.73899841308594,0.006375480989251114,7.531746039314877e-05,1.0,0.0,0.6558913309077661,1.0
2018-06-20,87.50399780273438,0.008819555259391043,7.492063537476556e-05,1.0,0.0,0.6430868023897985,1.0
2018-06-21,86.51100158691406,-0.011348009699612582,7.499999943233671e-05,1.0,0.0,0.7220874790314046,1.0
2018-06-22,85.78350067138672,-0.008409345657574563,7.420634939557031e-05,1.0,0.0,0.7771617242871466,1.0
2018-06-25,83.15750122070312,-0.030611940875939325,7.353174781042433e-05,1.0,0.0,0.856168478943035,1.0
2018-06-26,84.55449676513672,0.016799393006361685,7.511904788395715e-05,1.0,0.0,0.8308046975036879,1.0
2018-06-27,83.02549743652344,-0.018083004300295413,7.46031744139535e-05,1.0,0.0,0.8716722796735475,1.0
2018-06-28,85.07250213623047,0.024655133217022396,7.46031744139535e-05,1.0,0.0,0.825623750979757,1.0
2018-06-29,84.98999786376953,-0.0009698112831901806,7.46031744139535e-05,1.0,0.0,0.8391647836826394,1.0
2018-07-02,85.68900299072266,0.008224557530564391,7.519841194152831e-05,1.0,0.0,0.8116297937431174,1.0
2018-07-03,84.697998046875,-0.011565135656379955,7.670634795749e-05,1.0,0.0,0.8586059512703068,1.0
2018-07-05,84.98650360107422,0.0034062854005068033,7.579364946910313e-05,1.0,0.0,0.8516211824179152,1.0
2018-07-06,85.53150177001953,0.006412761389779309,7.559523695991153e-05,1.0,0.0,0.8320929116654223,1.0
2018-07-09,86.95099639892578,0.01659616164256117,7.599206197829476e-05,1.0,0.0,0.7724231471758249,1.0
2018-07-10,87.15350341796875,0.0023289787055904565,7.678571201506115e-05,1.0,0.0,0.768646043980848,1.0
2018-07-11,87.75,0.006844206585369106,7.619047448748634e-05,1.0,0.0,0.7388158487191931,1.0
2018-07-12,89.83100128173828,0.023715114321803732,7.650793544829838e-05,1.0,0.0,0.64402206381796,1.0
2018-07-13,90.65149688720705,0.00913376889672457,7.650793544829838e-05,1.0,0.0,0.6157422889884171,1.0
2018-07-16,91.12449645996094,0.0052177800587498435,7.690476046668159e-05,1.0,0.0,0.6196206115183014,1.0
2018-07-17,92.19650268554688,0.011764193682617163,7.837301681912135e-05,1.0,0.0,0.5814788448453923,1.0
2018-07-18,92.14600372314452,-0.0005477318654329988,7.777777929154655e-05,1.0,0.0,0.6190558036387241,1.0
2018-07-19,90.64849853515624,-0.016251439318926697,7.730158548506479e-05,1.0,0.0,0.7291255020104513,1.0
2018-07-20,90.68499755859376,0.000402643441726358,7.670634795749e-05,1.0,0.0,0.7441652530269324,1.0
2018-07-23,90.0999984741211,-0.006450891550112137,7.619047448748634e-05,1.0,0.0,0.7789554981566857,1.0
2018-07-24,91.46199798583984,0.01511653201758878,7.777777929154655e-05,1.0,0.0,0.7276304964343837,1.0
2018-07-25,93.18049621582033,0.018789205001256803,7.749999799425638e-05,1.0,0.0,0.6502512163550722,1.0
2018-07-26,90.4000015258789,-0.029839878546057186,7.718254176397175e-05,1.0,0.0,0.8000626719677919,1.0
2018-07-27,90.8635025024414,0.005127223105519718,7.718254176397175e-05,1.0,0.0,0.7793877480561446,1.0
2018-07-30,88.96099853515625,-0.020938043492589764,7.718254176397175e-05,1.0,0.0,0.8417491081520128,1.0
2018-07-31,88.87200164794922,-0.0010004034202905077,7.876984183750455e-05,1.0,0.0,0.8443511435822263,1.0
2018-08-01,89.8584976196289,0.011100188511422582,7.849206527074178e-05,1.0,0.0,0.8206008288989896,1.0
2018-08-02,91.71649932861328,0.020676972776122904,7.797619180073813e-05,1.0,0.0,0.7521214454941187,1.0
2018-08-03,91.16449737548828,-0.006018567620502124,7.777777929154655e-05,1.0,0.0,0.7990444861038996,1.0
2018-08-06,92.3874969482422,0.013415305387102894,7.809524025235857e-05,1.0,0.0,0.7488371848791041,1.0
2018-08-07,93.1240005493164,0.00797189690599387,7.968253559536404e-05,1.0,0.0,0.724864926273522,1.0
2018-08-08,94.32599639892578,0.012907476510019888,7.968253559536404e-05,1.0,0.0,0.675273292048592,1.0
2018-08-09,94.9260025024414,0.006360983466085601,7.956349660479834e-05,1.0,0.0,0.6622710883610108,1.0
2018-08-10,94.31500244140624,-0.006436593187619577,7.936507936507937e-05,1.0,0.0,0.7188028724706702,1.0
2018-08-13,94.80999755859376,0.005248317917343481,7.916666685588778e-05,1.0,0.0,0.7150503339885534,1.0
2018-08-14,95.98249816894533,0.012366845697121098,8.06746028718494e-05,1.0,0.0,0.6675657563008068,1.0
2018-08-15,94.13099670410156,-0.019289990364543486,8.015872940184578e-05,1.0,0.0,0.7727977685195302,1.0
2018-08-16,94.32599639892578,0.002071577924933621,7.996032162318154e-05,1.0,0.0,0.7766442183171799,1.0
2018-08-17,94.11100006103516,-0.002279290398177758,7.916666685588778e-05,1.0,0.0,0.7903683027198419,1.0
2018-08-20,93.83550262451172,-0.002927367006458015,7.908730279831658e-05,1.0,0.0,0.8089763999046157,1.0
2018-08-21,94.1709976196289,0.0035753524597155195,8.075397165994795e-05,1.0,0.0,0.8040875592946806,1.0
2018-08-22,95.24500274658205,0.011404839643848863,8.075397165994795e-05,1.0,0.0,0.76613019803951,1.0
2018-08-23,95.1449966430664,-0.0010499879325084338,8.06746028718494e-05,1.0,0.0,0.7882494115681742,1.0
2018-08-24,95.26950073242188,0.0013085721135976947,8.12698451299516e-05,1.0,0.0,0.7906465033808965,1.0
2018-08-27,96.38400268554688,0.0116984128662041,8.174602947537861e-05,1.0,0.0,0.752696540293341,1.0
2018-08-28,96.64099884033205,0.0026663776936470818,8.246032018510122e-05,1.0,0.0,0.753155908799797,1.0
2018-08-29,99.90499877929688,0.03377448472317157,8.253967951214503e-05,1.0,0.0,0.6106668702085712,1.0
2018-08-30,100.11900329589844,0.0021420801683240676,8.16666701483348e-05,1.0,0.0,0.6167532184107649,1.0
2018-08-31,100.635498046875,0.005158808357790701,8.154762169671437e-05,1.0,0.0,0.6151961422453496,1.0
2018-09-04,101.97550201416016,0.013315420436047276,8.206349516671802e-05,1.0,0.0,0.5719883990356546,1.0
2018-09-05,99.74099731445312,-0.021912171605654396,8.293650453052823e-05,1.0,0.0,0.7127316612964427,1.0
2018-09-06,97.91549682617188,-0.018302408612638987,8.253967951214503e-05,1.0,0.0,0.7977683370564036,1.0
2018-09-07,97.60350036621094,-0.0031863848938521455,8.285714520348445e-05,1.0,0.0,0.8140578478399584,1.0
2018-09-10,96.95050048828124,-0.006690332574955105,8.265872796376547e-05,1.0,0.0,0.8319296300554062,1.0
2018-09-11,99.35749816894533,0.024827078442519523,8.365079524025083e-05,1.0,0.0,0.767037092918486,1.0
2018-09-12,99.5,0.0014342332856687179,8.353174678863042e-05,1.0,0.0,0.7658251609443638,1.0
2018-09-13,99.49349975585938,-6.53290868404266e-05,8.305555298214868e-05,1.0,0.0,0.7819593094930418,1.0
2018-09-14,98.5094985961914,-0.009890105002663963,8.345237800053192e-05,1.0,0.0,0.8222298676734915,1.0
2018-09-17,95.40149688720705,-0.03155027437226776,8.365079524025083e-05,1.0,0.0,0.8750328349137237,1.0
2018-09-18,97.05249786376952,0.01730581836168099,8.432539682539683e-05,1.0,0.0,0.8615504768613287,1.0
2018-09-19,96.3209991455078,-0.007537144683164243,8.412697958567786e-05,1.0,0.0,0.8737818065488132,1.0
2018-09-20,97.21499633789062,0.009281436034859869,8.404762025863405e-05,1.0,0.0,0.864300083161142,1.0
2018-09-21,95.75050354003906,-0.015064474134848682,8.42460280372983e-05,1.0,0.0,0.8782906996780601,1.0
2018-09-24,96.71800231933594,0.010104372755515678,8.42460280372983e-05,1.0,0.0,0.8712519107638038,1.0
2018-09-25,98.72750091552734,0.020776882772626015,8.603174535055008e-05,1.0,0.0,0.8205411476443607,1.0
2018-09-26,98.74250030517578,0.00015192716831013975,8.571428912026542e-05,1.0,0.0,0.8265708731561063,1.0
2018-09-27,100.64900207519533,0.019307813394711104,8.4920639083499e-05,1.0,0.0,0.7561104455480661,1.0
2018-09-28,100.1500015258789,-0.004957829079553222,8.531746410188223e-05,1.0,0.0,0.7995297930927355,1.0
2018-10-01,100.21800231933594,0.0006789894400496266,8.551587188054645e-05,1.0,0.0,0.8079534390485276,1.0
2018-10-02,98.56549835205078,-0.016489093067526883,8.630952191731287e-05,1.0,0.0,0.8588410504779285,1.0
2018-10-03,97.63800048828124,-0.00940996473691802,8.611111413864862e-05,1.0,0.0,0.8667877821307918,1.0
2018-10-04,95.47100067138672,-0.022194225670922108,8.611111413864862e-05,1.0,0.0,0.8758063578819939,1.0
2018-10-05,94.48249816894533,-0.010353955604213705,8.591269689892968e-05,1.0,0.0,0.8709899038298246,1.0
2018-10-08,93.22100067138672,-0.013351652655319346,8.591269689892968e-05,1.0,0.0,0.8637926274648221,1.0
2018-10-09,93.51599884033205,0.003164503350325809,8.670634693569607e-05,1.0,0.0,0.8753608512303368,1.0
2018-10-10,87.76249694824219,-0.061524252143350444,8.809523923056466e-05,1.0,0.0,0.8314181797132365,1.0
2018-10-11,85.96800231933594,-0.020447169250033426,8.78968219908457e-05,1.0,0.0,0.8053775051657834,1.0
2018-10-12,89.43049621582031,0.04027654247009993,8.801587044246613e-05,1.0,0.0,0.847380185632274,1.0
2018-10-15,88.04750061035156,-0.015464474245241777,8.849206424894787e-05,1.0,0.0,0.8416076429854636,1.0
2018-10-16,90.9980010986328,0.033510326446840155,8.96825393040975e-05,1.0,0.0,0.8638611865205429,1.0
2018-10-17,91.58650207519533,0.006467185756362515,8.96825393040975e-05,1.0,0.0,0.8754904279244387,1.0
2018-10-18,88.53600311279297,-0.03330729849140657,8.948413152543324e-05,1.0,0.0,0.8725291050058859,1.0
2018-10-19,88.20149993896484,-0.0037781598679350603,8.96825393040975e-05,1.0,0.0,0.8643127574242071,1.0
2018-10-22,89.46499633789062,0.014325112382443717,8.960317051599896e-05,1.0,0.0,0.8813800262274223,1.0
2018-10-23,88.43499755859375,-0.011512868959461908,9.087301435924713e-05,1.0,0.0,0.8771254551101546,1.0
2018-10-24,83.20999908447266,-0.059082926650834144,9.067460658058289e-05,1.0,0.0,0.8398703091462119,1.0
2018-10-25,89.1084976196289,0.07088689580645524,9.047618934086392e-05,1.0,0.0,0.8653828908537481,1.0
2018-10-26,82.1405029296875,-0.07819674751655215,9.019841277410113e-05,1.0,0.0,0.8174301990063713,1.0
2018-10-29,76.94400024414062,-0.06326358495753426,8.96825393040975e-05,1.0,0.0,0.7680407088371421,1.0
2018-10-30,76.52100372314453,-0.005497459446531794,9.059523779248432e-05,1.0,0.0,0.7606291323676696,1.0
2018-10-31,79.90049743652344,0.04416426273766638,9.03968300138201e-05,1.0,0.0,0.7936689313848291,1.0
2018-11-01,83.27649688720703,0.04225254609166407,9.00793643224807e-05,1.0,0.0,0.8030325116413828,1.0
2018-11-02,83.27649688720703,0.0,9.019841277410113e-05,1.0,0.0,0.8305636021416486,1.0
2018-11-05,81.38999938964844,-0.022653420449634698,8.999999553438216e-05,1.0,0.0,0.8334188206684178,1.0
2018-11-06,82.1405029296875,0.00922107808904249,9.166666439601353e-05,1.0,0.0,0.8486929481705862,1.0
2018-11-07,87.77449798583984,0.06858973168176319,9.166666439601353e-05,1.0,0.0,0.7608896750544795,1.0
2018-11-08,87.74549865722656,-0.0003303844428476088,9.138888782925076e-05,1.0,0.0,0.7733657603360435,1.0
2018-11-09,85.62149810791016,-0.024206376188181555,9.126983937763033e-05,1.0,0.0,0.8247270762742259,1.0
2018-11-12,81.84249877929688,-0.04413610380713673,9.126983937763033e-05,1.0,0.0,0.8393431934752498,1.0
2018-11-13,81.55850219726562,-0.003470038015299326,9.107143159896609e-05,1.0,0.0,0.8350587797790736,1.0
2018-11-14,79.95050048828125,-0.019715929862163195,9.226190665411572e-05,1.0,0.0,0.823665402608847,1.0
2018-11-15,80.97200012207031,0.012776650897123432,9.166666439601353e-05,1.0,0.0,0.8436542721961537,1.0
2018-11-16,79.67050170898438,-0.016073437868940443,9.126983937763033e-05,1.0,0.0,0.8382355872018946,1.0
2018-11-19,75.614501953125,-0.05090968010562913,9.126983937763033e-05,1.0,0.0,0.8073999486871511,1.0
2018-11-20,74.77300262451172,-0.011128808718927297,9.265873167249892e-05,1.0,0.0,0.7942219612203093,1.0
2018-11-21,75.83650207519531,0.014223040580892299,9.325396446954637e-05,1.0,0.0,0.812900674657678,1.0
2018-11-23,75.10299682617188,-0.009672192531983259,9.317460514250255e-05,1.0,0.0,0.8122654638823952,1.0
2018-11-26,79.06649780273438,0.052774205345442304,9.297618790278358e-05,1.0,0.0,0.8327946042592391,1.0
2018-11-27,79.07099914550781,5.693110101656629e-05,9.337301292116682e-05,1.0,0.0,0.8456256677272906,1.0
2018-11-28,83.88749694824219,0.06091358215761211,9.265873167249892e-05,1.0,0.0,0.7658075169339627,1.0
2018-11-29,83.67849731445312,-0.0024914277024860043,9.166666439601353e-05,1.0,0.0,0.7834946757473829,1.0
2018-11-30,84.50849914550781,0.009918938050902604,9.158730506896972e-05,1.0,0.0,0.778867141508766,1.0
2018-12-03,88.61799621582031,0.04862821032044029,9.07936550322033e-05,1.0,0.0,0.6294732813908053,1.0
2018-12-04,83.41999816894531,-0.05865623540184539,9.384920672764854e-05,1.0,0.0,0.8190948769478242,1.0
2018-12-06,84.95950317382812,0.0184548674019982,9.337301292116682e-05,1.0,0.0,0.7861083454449804,1.0
2018-12-07,81.45649719238281,-0.041231479123390424,9.285713945116316e-05,1.0,0.0,0.8452580953770822,1.0
2018-12-10,82.05149841308594,0.007304527462037358,9.246031443277995e-05,1.0,0.0,0.8451425339191097,1.0
2018-12-11,82.16200256347656,0.0013467657815862122,9.404761450631278e-05,1.0,0.0,0.8504881229324337,1.0
2018-12-12,83.177001953125,0.01235363498916997,9.424603174603175e-05,1.0,0.0,0.8387578360787515,1.0
2018-12-13,82.91899871826172,-0.0031018578309504052,9.376983793955e-05,1.0,0.0,0.849819027974987,1.0
2018-12-14,79.59549713134766,-0.04008130390245668,9.396825517926897e-05,1.0,0.0,0.8583638791313253,1.0
2018-12-17,76.04550170898438,-0.04460045543160707,9.285713945116316e-05,1.0,0.0,0.830132008852073,1.0
2018-12-18,77.5739974975586,0.020099752835132323,9.238095510573614e-05,1.0,0.0,0.8511576232351653,1.0
2018-12-19,74.75399780273438,-0.03635238334743507,9.277778012411937e-05,1.0,0.0,0.8240985750555441,1.0
2018-12-20,73.04149627685547,-0.022908494210543306,9.265873167249892e-05,1.0,0.0,0.8058881853469244,1.0
2018-12-21,68.87249755859375,-0.0570771264386426,9.246031443277995e-05,1.0,0.0,0.7627069178556917,1.0
2018-12-24,67.197998046875,-0.024313035987901577,9.257936288440038e-05,1.0,0.0,0.7563287315446936,1.0
2018-12-26,73.54499816894531,0.09445222040160872,9.444444898575071e-05,1.0,0.0,0.7988420866513314,1.0
2018-12-27,73.08200073242188,-0.006295430662189294,9.317460514250255e-05,1.0,0.0,0.7915599578990866,1.0
2018-12-28,73.9010009765625,0.011206593086295902,9.238095510573614e-05,1.0,0.0,0.8016282397332618,1.0
2018-12-31,75.09850311279297,0.016204139597652434,9.126983937763033e-05,1.0,0.0,0.8054239058893148,1.0
2019-01-02,76.95649719238281,0.024740760502233394,9.384920672764854e-05,1.0,20.0,0.14280194899121232,0.0
2019-01-03,75.01399993896484,-0.025241497784936007,9.345238170926534e-05,1.0,20.0,0.14400019458185495,0.0
2019-01-04,78.76950073242188,0.05006399867375011,9.357143016088577e-05,0.0,20.0,0.15400914107476987,0.0
2019-01-07,81.47550201416016,0.03435341415874271,9.337301292116682e-05,0.0,20.0,0.18443329938703373,0.0
2019-01-08,82.8290023803711,0.01661235994563981,9.523809902251714e-05,0.0,20.0,0.1992171453775377,0.0
2019-01-09,82.97100067138672,0.0017143547179709895,9.484127400413391e-05,0.0,20.0,0.18320864313471147,0.0
2019-01-10,82.81099700927734,-0.0019284287379283116,9.424603174603175e-05,0.0,20.0,0.16384850476971383,0.0
2019-01-11,82.02799987792969,-0.009455231305329326,9.404761450631278e-05,0.0,20.0,0.13373657147912657,0.0
2019-01-14,80.8604965209961,-0.014232985793521946,9.365078948792958e-05,0.0,20.0,0.11758025434003014,0.0
2019-01-15,83.72799682617188,0.035462313843586335,9.456348797631641e-05,0.0,20.0,0.14772995205870643,0.0
2019-01-16,84.18900299072266,0.005505997778829874,9.376983793955e-05,0.0,20.0,0.14092788196559877,0.0
2019-01-17,84.66100311279297,0.005606434395265758,9.345238170926534e-05,0.0,20.0,0.1349120347764028,0.0
2019-01-18,84.80999755859375,0.0017598946424279838,9.317460514250255e-05,0.0,20.0,0.12709284675205526,0.0
2019-01-22,81.6084976196289,-0.03774908655967102,9.305555669088211e-05,0.0,20.0,0.09384570098897799,0.0
2019-01-23,82.0009994506836,0.004809570602366753,9.337301292116682e-05,0.0,20.0,0.09023427865736675,0.0
2019-01-24,82.74649810791016,0.009091336230296898,9.14682566173493e-05,0.0,20.0,0.08855396217286113,0.0
2019-01-25,83.52850341796875,0.009450615167288179,9.238095510573614e-05,0.0,20.0,0.08994964851296564,0.0
2019-01-28,81.89450073242188,-0.019562216712664893,9.257936288440038e-05,0.0,20.0,0.07905898962706437,0.0
2019-01-29,79.69400024414062,-0.02686994204251958,9.384920672764854e-05,0.0,20.0,0.08460426386090161,0.0
2019-01-30,83.52149963378906,0.04802744720961405,9.384920672764854e-05,0.0,20.0,0.08320109067888934,0.0
2019-01-31,85.9365005493164,0.02891472167185971,9.285713945116316e-05,0.0,20.0,0.12454473259718161,0.0
2019-02-01,81.3115005493164,-0.05381880772938674,9.285713945116316e-05,0.0,20.0,0.09237960644567612,0.0
2019-02-04,81.66549682617188,0.004353581897566405,9.265873167249892e-05,0.0,20.0,0.08648273355571887,0.0
2019-02-05,82.94049835205078,0.015612487224473615,9.384920672764854e-05,0.0,20.0,0.08390766380246699,0.0
2019-02-06,82.01300048828125,-0.011182689786027766,9.384920672764854e-05,0.0,20.0,0.07729014882639675,0.0
2019-02-07,80.71849822998047,-0.015784110453143985,9.345238170926534e-05,0.0,20.0,0.07822205844434588,0.0
2019-02-08,79.41100311279297,-0.016198209157239574,9.384920672764854e-05,0.0,20.0,0.08829545973119024,0.0
2019-02-11,79.55000305175781,0.0017503863887402549,9.424603174603175e-05,0.0,20.0,0.07861048205055403,0.0
2019-02-12,81.90049743652344,0.029547382710171766,9.436508019765218e-05,0.0,20.0,0.06875838803607337,0.0
2019-02-13,82.0,0.001214920135908626,9.416666295793321e-05,0.0,20.0,0.062416865799139,0.0
2019-02-14,81.13249969482422,-0.010579272014338836,9.416666295793321e-05,0.0,20.0,0.061646485411303895,0.0
2019-02-15,80.39749908447266,-0.009059262479477748,9.404761450631278e-05,0.0,20.0,0.06588833304311456,0.0
2019-02-19,81.37899780273438,0.012208075244112715,9.416666295793321e-05,0.0,20.0,0.057217393263738356,0.0
2019-02-20,81.1050033569336,-0.0033668938325457365,9.456348797631641e-05,0.0,20.0,0.057079531849616665,0.0
2019-02-21,80.97200012207031,-0.0016398893947140447,9.503968178279817e-05,0.0,20.0,0.05819279959827382,0.0
2019-02-22,81.5780029296875,0.0074841032295558385,9.496031299469963e-05,0.0,20.0,0.05525268073552443,0.0
2019-02-25,81.6500015258789,0.0008825736547322105,9.496031299469963e-05,0.0,20.0,0.05087187579079648,0.0
2019-02-26,81.81999969482422,0.00208203509820426,9.523809902251714e-05,0.0,20.0,0.05066149495072196,0.0
2019-02-27,82.05449676513672,0.0028660116253622636,9.496031299469963e-05,0.0,20.0,0.055558371323792294,0.0
2019-02-28,81.99150085449219,-0.0007677325817357916,9.456348797631641e-05,0.0,20.0,0.051278302197568015,0.0
2019-03-01,83.58650207519531,0.019453250691601864,9.436508019765218e-05,0.0,20.0,0.05883565705205506,0.0
2019-03-04,84.80850219726562,0.014619586796095208,9.424603174603175e-05,0.0,20.0,0.06974716443899233,0.0
2019-03-05,84.62149810791016,-0.0022050158240090045,9.523809902251714e-05,0.0,20.0,0.056216444324024235,0.0
2019-03-06,83.44750213623047,-0.013873495481994347,9.543650680118137e-05,0.0,20.0,0.044843195175374405,0.0
2019-03-07,81.29750061035156,-0.02576471998369667,9.503968178279817e-05,0.0,20.0,0.05370963421203088,0.0
2019-03-08,81.04000091552734,-0.0031673752931026256,9.496031299469963e-05,0.0,20.0,0.05374959939164332,0.0
2019-03-11,83.53099822998047,0.030737873720530162,9.444444898575071e-05,0.0,20.0,0.043630297614380156,0.0
2019-03-12,83.65499877929688,0.0014844854239022265,9.503968178279817e-05,0.0,20.0,0.04183177121850772,0.0
2019-03-13,84.54049682617188,0.010585118161452245,9.476190521603539e-05,0.0,20.0,0.04466418785208991,0.0
2019-03-14,84.31099700927734,-0.002714673150861824,9.476190521603539e-05,0.0,20.0,0.04072893171930746,0.0
2019-03-15,85.61799621582031,0.015502120161135613,9.476190521603539e-05,0.0,20.0,0.050424172693473504,0.0
2019-03-18,87.10749816894531,0.017397066258948213,9.464285676441495e-05,0.0,20.0,0.06928250057924396,0.0
2019-03-19,88.09249877929688,0.011307873960989534,9.543650680118137e-05,0.0,20.0,0.08153599177061006,0.0
2019-03-20,89.8635025024414,0.02010391063581385,9.555555525280179e-05,0.0,20.0,0.11794146026717003,0.0
2019-03-21,90.96299743652344,0.012235166707998735,9.555555525280179e-05,0.0,20.0,0.14110796662779218,0.0
2019-03-22,88.2385025024414,-0.029951683771010984,9.51587302344186e-05,0.0,20.0,0.05506300801698149,0.0
2019-03-25,88.71299743652344,0.005377413721055602,9.484127400413391e-05,0.0,20.0,0.06324375126256573,0.0
2019-03-26,89.18800354003906,0.0053544138654035844,9.543650680118137e-05,0.0,20.0,0.06658775809814947,0.0
2019-03-27,88.28500366210938,-0.01012467867973188,9.436508019765218e-05,0.0,20.0,0.047661579992924405,0.0
2019-03-28,88.6709976196289,0.00437213503435796,9.404761450631278e-05,0.0,20.0,0.05266240804152697,0.0
2019-03-29,89.0374984741211,0.004133266392968293,9.238095510573614e-05,0.0,20.0,0.05322253028509077,0.0
2019-04-01,90.70950317382812,0.018778657625842854,9.218253786601717e-05,0.0,20.0,0.07618108884991497,0.0
2019-04-02,90.6989974975586,-0.00011581671050930886,9.404761450631278e-05,0.0,20.0,0.06671766939209939,0.0
2019-04-03,91.03500366210938,0.003704629310371743,9.416666295793321e-05,0.0,20.0,0.07006489079927213,0.0
2019-04-04,90.94300079345705,-0.001010631789435723,9.404761450631278e-05,0.0,20.0,0.06274082322028716,0.0
2019-04-05,91.86399841308594,0.0101271962833136,9.404761450631278e-05,0.0,20.0,0.08009919813474801,0.0
2019-04-08,92.49299621582033,0.00684705448924583,9.384920672764854e-05,0.0,20.0,0.09886436758870142,0.0
2019-04-09,91.79199981689452,-0.007578913297284995,9.384920672764854e-05,0.0,20.0,0.0686448030891381,0.0
2019-04-10,92.3665008544922,0.006258726672734971,9.376983793955e-05,0.0,20.0,0.08521636931212333,0.0
2019-04-11,92.20349884033205,-0.001764730856449126,9.384920672764854e-05,0.0,20.0,0.07317690259917756,0.0
2019-04-12,92.15299987792967,-0.0005476903050047888,9.424603174603175e-05,0.0,20.0,0.06296113370478107,0.0
2019-04-15,92.24349975585938,0.0009820611162911774,9.365078948792958e-05,0.0,20.0,0.07249100061856646,0.0
2019-04-16,93.1520004272461,0.009848939749589336,9.436508019765218e-05,0.0,20.0,0.08281041839646135,0.0
2019-04-17,93.24099731445312,0.0009553942674214166,9.444444898575071e-05,0.0,20.0,0.07811030105278279,0.0
2019-04-18,93.08450317382812,-0.001678383384266291,9.384920672764854e-05,0.0,20.0,0.07036433470596651,0.0
2019-04-22,94.3655014038086,0.01376167016316665,9.424603174603175e-05,0.0,20.0,0.08646617299893787,0.0
2019-04-23,96.1884994506836,0.019318479950358514,9.484127400413391e-05,0.0,20.0,0.11713916202451577,0.0
2019-04-24,95.0875015258789,-0.01144625325368731,9.424603174603175e-05,0.0,20.0,0.07168367461562263,0.0
2019-04-25,95.1125030517578,0.00026293177839042947,9.384920672764854e-05,0.0,20.0,0.07169959349756602,0.0
2019-04-26,97.53150177001952,0.02543302552920257,9.365078948792958e-05,0.0,20.0,0.11592525654748399,0.0
2019-04-29,96.92150115966795,-0.006254395751948416,9.365078948792958e-05,0.0,20.0,0.08597826559252152,0.0
2019-04-30,96.32599639892578,-0.006144196629405685,9.396825517926897e-05,0.0,20.0,0.06962154676186637,0.0
2019-05-01,95.57599639892578,-0.007786060129541195,9.376983793955e-05,0.0,20.0,0.05604372829049268,0.0
2019-05-02,95.04100036621094,-0.005597598276473326,9.416666295793321e-05,0.0,20.0,0.05129674767383864,0.0
2019-05-03,98.1230010986328,0.03242811755501651,9.396825517926897e-05,0.0,20.0,0.08310602794978013,0.0
2019-05-06,97.52749633789062,-0.006068961956672836,9.376983793955e-05,0.0,20.0,0.07063304252702673,0.0
2019-05-07,96.0500030517578,-0.015149504925400237,9.396825517926897e-05,0.0,20.0,0.04822814467367238,0.0
2019-05-08,95.88849639892578,-0.0016814851400367425,9.404761450631278e-05,0.0,20.0,0.047925315606924056,0.0
2019-05-09,94.99349975585938,-0.009333722778829934,9.404761450631278e-05,0.0,20.0,0.04956871913598889,0.0
2019-05-10,94.4990005493164,-0.005205610992477072,9.404761450631278e-05,0.0,20.0,0.056725275650475464,0.0
2019-05-13,91.13400268554688,-0.035608819608768605,9.325396446954637e-05,0.0,20.0,0.06833807232945692,0.0
2019-05-14,92.00599670410156,0.009568262041155462,9.337301292116682e-05,0.0,20.0,0.05128998280666923,0.0
2019-05-15,93.55750274658205,0.01686309695084609,9.325396446954637e-05,0.0,20.0,0.04179571725452715,0.0
2019-05-16,95.37850189208984,0.019463956305463936,9.277778012411937e-05,0.0,20.0,0.04417200460234567,0.0
2019-05-17,93.4499969482422,-0.020219492921261573,9.246031443277995e-05,0.0,20.0,0.03555304672581402,0.0
2019-05-20,92.94850158691406,-0.005366456690265031,9.206348941439675e-05,0.0,20.0,0.040608514239052936,0.0
2019-05-21,92.8759994506836,-0.0007800247985996211,9.246031443277995e-05,0.0,20.0,0.04163500523226369,0.0
2019-05-22,92.98400115966795,0.0011628591845378455,9.206348941439675e-05,0.0,20.0,0.03763682799193414,0.0
2019-05-23,90.77400207519533,-0.023767519755121258,9.138888782925076e-05,0.0,20.0,0.05155632466538078,0.0
2019-05-24,91.16400146484376,0.004296377605180091,9.07936550322033e-05,0.0,20.0,0.045510977752445794,0.0
2019-05-28,91.82150268554688,0.007212290050219838,9.119048005058652e-05,0.0,20.0,0.03954469004544217,0.0
2019-05-29,90.95950317382812,-0.009387773958249856,9.119048005058652e-05,0.0,20.0,0.04542863474509414,0.0
2019-05-30,90.81600189208984,-0.001577639243082074,9.166666439601353e-05,0.0,20.0,0.048167300153515155,0.0
2019-05-31,88.75350189208984,-0.022710755340790256,9.099206281086755e-05,0.0,20.0,0.0693128571794368,0.0
2019-06-03,84.6344985961914,-0.04640947352034053,9.047618934086392e-05,0.0,20.0,0.11871865145252826,0.0
2019-06-04,86.47799682617188,0.02178187690076805,9.107143159896609e-05,0.0,20.0,0.07345122200769028,0.0
2019-06-05,86.92500305175781,0.005169016882808464,9.067460658058289e-05,0.0,20.0,0.05981565993726429,0.0
2019-06-06,87.71800231933594,0.009122798271355315,8.948413152543324e-05,0.0,20.0,0.04627339100447744,0.0
2019-06-07,90.20149993896484,0.02831229113708922,8.78968219908457e-05,0.0,20.0,0.029896259763756528,0.0
2019-06-10,93.03150177001952,0.03137422141504964,8.809523923056466e-05,0.0,20.0,0.04011045907699984,0.0
2019-06-11,93.18499755859376,0.001649933470424969,8.78174626638019e-05,0.0,20.0,0.03468785082411814,0.0
2019-06-12,92.76599884033205,-0.004496418192190821,8.591269689892968e-05,0.0,20.0,0.02758844083463481,0.0
2019-06-13,93.51499938964844,0.008074084887562893,8.4920639083499e-05,0.0,20.0,0.031059270134161838,0.0
2019-06-14,93.4834976196289,-0.00033686328637261287,8.432539682539683e-05,0.0,20.0,0.028454236820605897,0.0
2019-06-17,94.30149841308594,0.008750215966301989,8.484127029540047e-05,0.0,20.0,0.0334533372840397,0.0
2019-06-18,95.06849670410156,0.008133468756305495,8.603174535055008e-05,0.0,20.0,0.04153207719287804,0.0
2019-06-19,95.4394989013672,0.0039024725343073108,8.432539682539683e-05,0.0,20.0,0.04306685617301728,0.0
2019-06-20,95.90950012207033,0.004924598579345574,8.246032018510122e-05,0.0,20.0,0.04785168851170424,0.0
2019-06-21,95.56500244140624,-0.0035919036198251986,8.154762169671437e-05,0.0,20.0,0.04322480681391968,0.0
2019-06-24,95.69499969482422,0.0013603018897812014,8.16666701483348e-05,0.0,20.0,0.040973173495575624,0.0
2019-06-25,93.91349792480467,-0.01861645619625729,8.265872796376547e-05,0.0,20.0,0.03490080808088717,0.0
2019-06-26,94.8915023803711,0.010413885939479117,8.305555298214868e-05,0.0,20.0,0.035001794310226944,0.0
2019-06-27,95.21399688720705,0.0033985604479445097,8.2738096751864e-05,0.0,20.0,0.03856113239450297,0.0
2019-06-28,94.68150329589844,-0.005592597818778855,8.075397165994795e-05,0.0,20.0,0.03890146704878748,0.0
2019-07-01,96.1094970703125,0.015082077541072714,8.194444671509758e-05,0.0,20.0,0.0430830092313502,0.0
2019-07-02,96.71549987792967,0.006305337412949141,8.523809531378367e-05,0.0,20.0,0.044971280305924205,0.0
2019-07-03,96.9499969482422,0.0024246069203850418,8.531746410188223e-05,0.0,20.0,0.049206725283700584,0.0
2019-07-05,97.14550018310548,0.002016536782024403,8.583333757188585e-05,0.0,20.0,0.055896748581626625,0.0
2019-07-08,97.61599731445312,0.004843221049465107,8.64285703689333e-05,0.0,20.0,0.06633018539561956,0.0
2019-07-09,99.41500091552734,0.018429393240526393,8.710317195407928e-05,0.0,20.0,0.09114079798681404,0.0
2019-07-10,100.87049865722656,0.014640624938845548,8.452381406511579e-05,0.0,20.0,0.1126469321887483,0.0
2019-07-11,100.05349731445312,-0.008099507325226352,8.325397022186763e-05,0.0,20.0,0.07359507823923397,0.0
2019-07-12,100.5500030517578,0.0049624026209122984,8.293650453052823e-05,0.0,20.0,0.07819937233881463,0.0
2019-07-15,101.04949951171876,0.004967642414728246,8.2738096751864e-05,0.0,20.0,0.09125932597569668,0.0
2019-07-16,100.49500274658205,-0.0054873776497271765,8.345237800053192e-05,0.0,20.0,0.07261622071990684,0.0
2019-07-17,99.60150146484376,-0.008891002112726198,8.226190294538226e-05,0.0,20.0,0.05398299561372183,0.0
2019-07-18,98.8949966430664,-0.007093314974039089,7.9880952835083e-05,0.0,20.0,0.05089762074936069,0.0
2019-07-19,98.22599792480467,-0.006764737761974948,7.9880952835083e-05,0.0,20.0,0.04879903871679552,0.0
2019-07-22,99.28150177001952,0.010745666804249376,8.035714664156477e-05,0.0,20.0,0.05165393230728994,0.0
2019-07-23,99.72450256347656,0.004462067812826209,8.06746028718494e-05,0.0,20.0,0.05995823777359892,0.0
2019-07-24,100.04049682617188,0.003168672237739978,8.095237943861221e-05,0.0,20.0,0.07276201817226732,0.0
2019-07-25,98.69100189208984,-0.013489486526910066,8.174602947537861e-05,0.0,20.0,0.05237926435519591,0.0
2019-07-26,97.15249633789062,-0.015589116785757695,8.186507792699906e-05,0.0,20.0,0.053722201556171745,0.0
2019-07-29,95.62249755859376,-0.015748424764872926,8.13492044569954e-05,0.0,20.0,0.05990563049165747,0.0
2019-07-30,94.92649841308594,-0.007278612913047433,8.095237943861221e-05,0.0,20.0,0.06436205471643125,0.0
2019-07-31,93.33899688720705,-0.016723481350493508,8.055555442022898e-05,0.0,20.0,0.07358750322316213,0.0
2019-08-01,92.76599884033205,-0.006138892274227259,8.055555442022898e-05,0.0,20.0,0.07690498509400362,0.0
2019-08-02,91.16200256347656,-0.01729077783786137,7.936507936507937e-05,0.0,20.0,0.0898833852757496,0.0
2019-08-05,88.25650024414062,-0.03187185710749196,7.749999799425638e-05,0.0,20.0,0.116831073912926,0.0
2019-08-06,89.3915023803711,0.01286026675758456,7.916666685588778e-05,0.0,20.0,0.08587950079666232,0.0
2019-08-07,89.66999816894531,0.0031154615501278737,7.809524025235857e-05,0.0,20.0,0.07699246845084977,0.0
2019-08-08,91.64450073242188,0.022019656560675394,7.817460430992973e-05,0.0,20.0,0.053166834975668036,0.0
2019-08-09,90.37899780273438,-0.013808825620453047,7.738095427316333e-05,0.0,20.0,0.057426906668216475,0.0
2019-08-12,89.24600219726562,-0.0125360496687702,7.650793544829838e-05,0.0,20.0,0.06546656090186874,0.0
2019-08-13,91.21700286865234,0.022085030397553274,7.757936678235492e-05,0.0,20.0,0.044274234510698986,0.0
2019-08-14,88.14800262451172,-0.033645045853565536,7.571428541153195e-05,0.0,20.0,0.06811711964785054,0.0
2019-08-15,88.80599975585938,0.007464685662255555,7.313492279204111e-05,0.0,20.0,0.05643093270243681,0.0
2019-08-16,89.62850189208984,0.009261785673171152,7.234126802474734e-05,0.0,20.0,0.0465032575528525,0.0
2019-08-19,90.80599975585938,0.013137538159314621,7.353174781042433e-05,0.0,20.0,0.03805185750224832,0.0
2019-08-20,90.06900024414062,-0.008116198419710674,7.539682445071991e-05,0.0,20.0,0.04604528764159695,0.0
2019-08-21,91.177001953125,0.012301698764070057,7.650793544829838e-05,0.0,20.0,0.03889144285870969,0.0
2019-08-22,90.23300170898438,-0.010353490725939274,7.690476046668159e-05,0.0,20.0,0.047678810893242114,0.0
2019-08-23,87.48100280761719,-0.030498806969126657,7.579364946910313e-05,0.0,20.0,0.07394346192296772,0.0
2019-08-26,88.44349670410156,0.011002318967479496,7.670634795749e-05,0.0,20.0,0.05355903817320201,0.0
2019-08-27,88.09149932861328,-0.003979912470737479,7.710317297587319e-05,0.0,20.0,0.05636802459342552,0.0
2019-08-28,88.2125015258789,0.0013735967509673763,7.698412925478012e-05,0.0,20.0,0.052126293586162414,0.0
2019-08-29,89.31999969482422,0.012554889043934425,7.698412925478012e-05,0.0,20.0,0.04345784830267684,0.0
2019-08-30,88.81449890136719,-0.005659435682760394,7.670634795749e-05,0.0,20.0,0.04825767167528866,0.0
2019-09-03,89.49199676513672,0.007628234940805445,7.579364946910313e-05,0.0,20.0,0.04370575246839076,0.0
2019-09-04,90.03099822998047,0.006022901313268436,7.559523695991153e-05,0.0,20.0,0.043863300413970255,0.0
2019-09-05,92.03600311279295,0.022270161635782104,7.619047448748634e-05,0.0,20.0,0.039421886423304874,0.0
2019-09-06,91.67549896240234,-0.00391699050586547,7.579364946910313e-05,0.0,20.0,0.03824956008305649,0.0
2019-09-09,91.56749725341795,-0.0011780869502404645,7.571428541153195e-05,0.0,20.0,0.039130094030631585,0.0
2019-09-10,91.02749633789062,-0.005897299060526384,7.591269792072356e-05,0.0,20.0,0.04095784089403726,0.0
2019-09-11,91.14949798583984,0.0013402724765312346,7.591269792072356e-05,0.0,20.0,0.042786888282297625,0.0
2019-09-12,92.17749786376952,0.011278173776550826,7.519841194152831e-05,0.0,20.0,0.042919740745292916,0.0
2019-09-13,91.96700286865234,-0.0022835833039021036,7.539682445071991e-05,0.0,20.0,0.044574525884965105,0.0
2019-09-16,90.39199829101562,-0.01712575737502442,7.718254176397175e-05,0.0,20.0,0.046565817431941346,0.0
2019-09-17,91.12750244140624,0.008136828085409276,7.690476046668159e-05,0.0,20.0,0.044375869317842466,0.0
2019-09-18,90.8730010986328,-0.0027928049815375555,7.46031744139535e-05,0.0,20.0,0.049068306489960016,0.0
2019-09-19,91.0749969482422,0.002222836785044313,7.472222286557397e-05,0.0,20.0,0.04889419925777507,0.0
2019-09-20,89.70800018310547,-0.01500957245064305,7.341269935880388e-05,0.0,20.0,0.05350121542685382,0.0
2019-09-23,89.26499938964844,-0.004938252915601793,7.321428684961227e-05,0.0,20.0,0.057748526510832475,0.0
2019-09-24,87.08049774169922,-0.024472096150627953,7.46031744139535e-05,0.0,20.0,0.07451437690496614,0.0
2019-09-25,88.41649627685547,0.015342109540061655,7.321428684961227e-05,0.0,20.0,0.05401567822064439,0.0
2019-09-26,86.99199676513672,-0.01611124135996367,7.023809448121085e-05,0.0,20.0,0.06601265211513412,0.0
2019-09-27,86.27249908447266,-0.008270849128875435,6.865079440767803e-05,0.0,20.0,0.07332441255680913,0.0
2019-09-30,86.79550170898438,0.006062217161457495,7.023809448121085e-05,0.0,20.0,0.06413259151745647,0.0
2019-10-01,86.78250122070312,-0.00014978297291068365,6.956349289606488e-05,0.0,20.0,0.06539720571427499,0.0
2019-10-02,85.6614990234375,-0.01291737598591125,6.884920691686963e-05,0.0,20.0,0.07543734586426104,0.0
2019-10-03,86.22100067138672,0.0065315416415505645,6.607142705765981e-05,0.0,20.0,0.06639472087278794,0.0
2019-10-04,86.98249816894531,0.008831925999802426,6.567460203927661e-05,0.0,20.0,0.061724678373332606,0.0
2019-10-07,86.63300323486328,-0.00401799145160453,6.638888801847186e-05,0.0,20.0,0.0637048957035497,0.0
2019-10-08,85.27549743652344,-0.01566961490022023,6.567460203927661e-05,0.0,20.0,0.07241420427723173,0.0
2019-10-09,86.09950256347656,0.009662859223618092,6.460317543574742e-05,0.0,20.0,0.06336579500677117,0.0
2019-10-10,86.01300048828125,-0.0010046756673366408,6.480158794493902e-05,0.0,20.0,0.06673667545873295,0.0
2019-10-11,86.59600067138672,0.006778047269550891,6.440476292655581e-05,0.0,20.0,0.06590266429763261,0.0
2019-10-14,86.82150268554688,0.002604069615361304,6.420635041736421e-05,0.0,20.0,0.06349316084151498,0.0
2019-10-15,88.36900329589844,0.017823932579885904,6.420635041736421e-05,0.0,20.0,0.053172561011674335,0.0
2019-10-16,88.87149810791016,0.005686324313618707,6.408730196574378e-05,0.0,20.0,0.055024903849471805,0.0
2019-10-17,89.3740005493164,0.005654258700535264,6.448412698412699e-05,0.0,20.0,0.058411301439176486,0.0
2019-10-18,87.87550354003906,-0.016766587598934568,6.448412698412699e-05,0.0,20.0,0.05831561087817842,0.0
2019-10-21,89.28299713134766,0.01601690499181374,6.448412698412699e-05,0.0,20.0,0.05052421495198954,0.0
2019-10-22,88.2864990234375,-0.011161118465189634,6.408730196574378e-05,0.0,20.0,0.053985037734282884,0.0
2019-10-23,88.1084976196289,-0.0020161792094772757,6.408730196574378e-05,0.0,20.0,0.05440408488944643,0.0
2019-10-24,89.03900146484375,0.010560886524610735,6.440476292655581e-05,0.0,20.0,0.051965132070090986,0.0
2019-10-25,88.06649780273438,-0.010922221117825037,6.448412698412699e-05,0.0,20.0,0.05439701151566943,0.0
2019-10-28,88.85399627685547,0.008942089145920873,6.369047694736057e-05,0.0,20.0,0.05681549034598232,0.0
2019-10-29,88.135498046875,-0.008086279290598686,6.329365192897736e-05,0.0,20.0,0.05625069484831958,0.0
2019-10-30,88.99949645996094,0.009803069503577566,6.329365192897736e-05,0.0,20.0,0.05888907083512082,0.0
2019-10-31,88.83300018310547,-0.0018707552680410355,5.944444546623834e-05,0.0,20.0,0.05705071234583113,0.0
2019-11-01,89.5719985961914,0.008318962677863917,5.8928571996234715e-05,0.0,20.0,0.05672232111490833,0.0
2019-11-04,90.23300170898438,0.007379573116068405,5.9642857975429956e-05,0.0,20.0,0.0572414320975991,0.0
2019-11-05,90.08550262451172,-0.0016346467664720699,6.023809550300477e-05,0.0,20.0,0.05908185784036795,0.0
2019-11-06,89.78849792480469,-0.003296920048778351,6.011904705138434e-05,0.0,20.0,0.061137601847326764,0.0
2019-11-07,89.41000366210938,-0.004215398090435696,6.023809550300477e-05,0.0,20.0,0.06421304846376479,0.0
2019-11-08,89.29399871826172,-0.0012974492684962868,5.992063454219273e-05,0.0,20.0,0.06676806910441825,0.0
2019-11-11,88.5824966430664,-0.007968083918385438,6.0039682993813164e-05,0.0,20.0,0.0691357203750552,0.0
2019-11-12,88.9000015258789,0.003584284648149527,6.0833333030579586e-05,0.0,20.0,0.07012105366944836,0.0
2019-11-13,87.65550231933594,-0.013998865975055064,6.0912697088150755e-05,0.0,20.0,0.07384163394227047,0.0
2019-11-14,87.7300033569336,0.0008499299602007238,6.063492052138797e-05,0.0,20.0,0.07646796265929365,0.0
2019-11-15,86.97450256347656,-0.00861165809356279,6.063492052138797e-05,0.0,20.0,0.08335091619126493,0.0
2019-11-18,87.62650299072266,0.007496454800304697,6.043650801219637e-05,0.0,20.0,0.07219042108788859,0.0
2019-11-19,87.6395034790039,0.00014836251405148104,6.051587206976755e-05,0.0,20.0,0.0737777741385771,0.0
2019-11-20,87.27649688720703,-0.004142042998724227,6.031745956057594e-05,0.0,20.0,0.07753589479263837,0.0
2019-11-21,86.7354965209961,-0.006198694786181735,6.071428457895915e-05,0.0,20.0,0.08299544433709725,0.0
2019-11-22,87.28600311279297,0.0063469584412145785,6.123015804896279e-05,0.0,20.0,0.07644601649847801,0.0
2019-11-25,88.69200134277344,0.016107946060534006,6.130952210653396e-05,0.0,20.0,0.06647202406949437,0.0
2019-11-26,89.84700012207031,0.013022581087476892,6.210317687382774e-05,0.0,20.0,0.07081234533811721,0.0
2019-11-27,90.92549896240234,0.01200372676735717,6.210317687382774e-05,0.0,20.0,0.07772094715487812,0.0
2019-11-29,90.04000091552734,-0.009738720787676458,6.111110959734234e-05,0.0,20.0,0.06426889987506976,0.0
2019-12-02,89.08000183105469,-0.01066191775556835,6.1031745539771194e-05,0.0,20.0,0.06118780129959938,0.0
2019-12-03,88.49800109863281,-0.006533461163659049,6.1031745539771194e-05,0.0,20.0,0.06549580242763046,0.0
2019-12-04,88.03450012207031,-0.005237417464897476,5.944444546623834e-05,0.0,20.0,0.06693945195762074,0.0
2019-12-05,87.02400207519531,-0.011478432267733929,5.924603295704674e-05,0.0,20.0,0.07402610294168555,0.0
2019-12-06,87.58000183105469,0.006389039145533015,5.873015948704311e-05,0.0,20.0,0.06824856929418026,0.0
2019-12-09,87.47550201416016,-0.0011931926776630464,5.944444546623834e-05,0.0,20.0,0.07319461353559384,0.0
2019-12-10,86.96050262451172,-0.005887355634324631,6.011904705138434e-05,0.0,20.0,0.07900903213901098,0.0
2019-12-11,87.43599700927734,0.005467935101741261,6.031745956057594e-05,0.0,20.0,0.07358100644485813,0.0
2019-12-12,88.0165023803711,0.00663920342821922,6.071428457895915e-05,0.0,20.0,0.0717303168838241,0.0
2019-12-13,88.0469970703125,0.00034646559584494696,6.043650801219637e-05,0.0,20.0,0.07412641454083481,0.0
2019-12-16,88.46050262451172,0.0046964185941400505,6.051587206976755e-05,0.0,20.0,0.07687295862869101,0.0
2019-12-17,89.53299713134766,0.012123992912275838,6.071428457895915e-05,0.0,20.0,0.07925936544843627,0.0
2019-12-18,89.20149993896484,-0.00370251419034362,6.023809550300477e-05,0.0,20.0,0.07440224250073185,0.0
2019-12-19,89.61399841308594,0.004624344595139496,6.0833333030579586e-05,0.0,20.0,0.08061064740488894,0.0
2019-12-20,89.32499694824219,-0.0032249589345579865,6.063492052138797e-05,0.0,20.0,0.07722097263479574,0.0
2019-12-23,89.6500015258789,0.0036384504756830083,6.031745956057594e-05,0.0,20.0,0.08381357784743512,0.0
2019-12-24,89.46050262451172,-0.00211376350409187,6.1031745539771194e-05,0.0,20.0,0.08370499829722527,0.0
2019-12-26,93.4384994506836,0.04446651549531899,6.0912697088150755e-05,0.0,20.0,0.09443226560506579,0.0
2019-12-27,93.48999786376952,0.0005511476895356804,6.023809550300477e-05,0.0,20.0,0.08866143888617846,0.0
2019-12-30,92.34449768066406,-0.012252649580489217,5.9126984505426316e-05,0.0,20.0,0.062454772866472684,0.0
2019-12-31,92.39199829101562,0.0005143848474418178,5.972222203300113e-05,0.0,20.0,0.06406177417876137,0.0
2020-01-02,94.90049743652344,0.02715061035487687,5.932539701461792e-05,0.0,20.0,0.0845073485576193,0.0
2020-01-03,93.74849700927734,-0.012139034655920922,5.845238292028033e-05,0.0,20.0,0.061025853764040905,0.0
2020-01-06,95.1439971923828,0.01488557393050649,5.904762044785515e-05,0.0,20.0,0.08006893796791055,0.0
2020-01-07,95.34300231933594,0.0020916204156395946,5.9523809523809524e-05,0.0,20.0,0.08296205399114129,0.0
2020-01-08,94.59850311279295,-0.007808640261289468,5.924603295704674e-05,0.0,20.0,0.06360730890570039,0.0
2020-01-09,95.05249786376952,0.0047991747864684076,5.9523809523809524e-05,0.0,20.0,0.06540041373577121,0.0
2020-01-10,94.15799713134766,-0.009410596802031157,5.944444546623834e-05,0.0,20.0,0.05604836758351826,0.0
2020-01-13,94.56500244140624,0.00432257824569926,5.992063454219273e-05,0.0,20.0,0.0597330743723503,0.0
2020-01-14,93.47200012207033,-0.01155821171805238,6.071428457895915e-05,0.0,20.0,0.05332627539473995,0.0
2020-01-15,93.10099792480467,-0.003969126548925228,5.984127048462156e-05,0.0,20.0,0.05575734278119574,0.0
2020-01-16,93.89700317382812,0.00854991102959346,6.023809550300477e-05,0.0,20.0,0.05697100682514415,0.0
2020-01-17,93.23600006103516,-0.00703966144232826,6.043650801219637e-05,0.0,20.0,0.058316362616855744,0.0
2020-01-21,94.5999984741211,0.014629525206926841,5.9642857975429956e-05,0.0,20.0,0.05769957336452692,0.0
2020-01-22,94.3730010986328,-0.0023995494624705627,6.0039682993813164e-05,0.0,20.0,0.05958572420733416,0.0
2020-01-23,94.22899627685548,-0.0015259112256779117,6.011904705138434e-05,0.0,20.0,0.060682545706329014,0.0
2020-01-24,93.08200073242188,-0.012172426638861866,5.9126984505426316e-05,0.0,20.0,0.05943019283322136,0.0
2020-01-27,91.41699981689452,-0.01788746376771222,5.972222203300113e-05,0.0,20.0,0.062362934764255674,0.0
2020-01-28,92.6624984741211,0.01362436592451366,6.071428457895915e-05,0.0,20.0,0.05347542023632717,0.0
2020-01-29,92.9000015258789,0.0025630978623367717,6.031745956057594e-05,0.0,20.0,0.05551604074069065,0.0
2020-01-30,93.53399658203124,0.006824489189870775,6.063492052138797e-05,0.0,20.0,0.05471914179544961,0.0
2020-01-31,100.43599700927734,0.07379135586484753,5.992063454219273e-05,0.0,20.0,0.13823984494053598,0.0
2020-02-03,100.20999908447266,-0.0022501685803328897,6.023809550300477e-05,0.0,20.0,0.11680250420291419,0.0
2020-02-04,102.4834976196289,0.022687342140775613,6.1031745539771194e-05,0.0,20.0,0.1522251813042551,0.0
2020-02-05,101.99349975585938,-0.004781236737139594,6.031745956057594e-05,0.0,20.0,0.12301783084770147,0.0
2020-02-06,102.5114974975586,0.0050787328892443195,6.071428457895915e-05,0.0,20.0,0.11735048532538297,0.0
2020-02-07,103.96399688720705,0.014169136390608683,6.023809550300477e-05,0.0,20.0,0.1380324754100913,0.0
2020-02-10,106.69550323486328,0.026273579599096264,6.031745956057594e-05,0.0,20.0,0.19330802455150792,0.0
2020-02-11,107.54000091552734,0.007915025985726132,6.1031745539771194e-05,0.0,20.0,0.19796799712920177,0.0
2020-02-12,108.0,0.004277469597884664,6.0912697088150755e-05,0.0,20.0,0.191104390778367,0.0
2020-02-13,107.49349975585938,-0.00468981707537619,6.130952210653396e-05,0.0,20.0,0.15599570777140292,0.0
2020-02-14,106.74349975585938,-0.006977166077050345,6.0912697088150755e-05,0.0,20.0,0.12427292401948037,0.0
2020-02-18,107.78350067138672,0.009742990607446878,6.0912697088150755e-05,0.0,20.0,0.1338218751082873,0.0
2020-02-19,108.51100158691406,0.006749650094826309,6.123015804896279e-05,0.0,20.0,0.14117998465952009,0.0
2020-02-20,107.65499877929688,-0.007888626914309249,6.1031745539771194e-05,0.0,20.0,0.10889989289370368,0.0
2020-02-21,104.79850006103516,-0.026533823330561868,6.023809550300477e-05,0.0,20.0,0.06109790340960802,0.0
2020-02-24,100.4645004272461,-0.04135555023463999,5.9642857975429956e-05,0.0,20.0,0.057223704371881644,0.0
2020-02-25,98.63700103759766,-0.018190498951138112,5.9126984505426316e-05,0.0,20.0,0.0737804437775964,0.0
2020-02-26,98.97949981689452,0.003472315416060745,5.865079542947194e-05,0.0,20.0,0.06565676017641751,0.0
2020-02-27,94.21499633789062,-0.048136265467272565,5.535714210025848e-05,0.0,20.0,0.11581362253027909,0.0
2020-02-28,94.1875,-0.0002918467224900523,4.880952456640819e-05,0.0,20.0,0.105526166807343,0.0
2020-03-02,97.69750213623048,0.03726611425327664,4.503968216124035e-05,0.0,20.0,0.051252231621304885,0.0
2020-03-03,95.44950103759766,-0.023009811402324165,3.642857074737549e-05,0.0,20.0,0.07745483136368904,0.0
2020-03-04,98.79149627685548,0.035013229015638414,2.6785714758767023e-05,0.0,20.0,0.041152714094039596,0.0
2020-03-05,96.20149993896484,-0.026216794314283698,2.3611112246437678e-05,0.0,20.0,0.057558317720286384,0.0
2020-03-06,95.05449676513672,-0.011922924014239333,1.6468253637117052e-05,0.0,20.0,0.0662316261782796,0.0
2020-03-09,90.03050231933594,-0.05285383245165354,1.3095238615596102e-05,0.0,20.0,0.12304162132053399,0.0
2020-03-10,94.59100341796876,0.05065506668458708,1.547618990852719e-05,0.0,20.0,0.06043417183152105,0.0
2020-03-11,91.04299926757812,-0.037508896429749194,1.4603174631557765e-05,0.0,20.0,0.09414753060210693,0.0
2020-03-12,83.83049774169922,-0.07922082514747941,1.0833333409021768e-05,0.0,20.0,0.1808906672480129,0.0
2020-03-13,89.25,0.06464833687376514,9.642857171240305e-06,0.0,20.0,0.10078697690815171,0.0
2020-03-16,84.4574966430664,-0.053697516604298,7.3412699358803885e-06,0.0,20.0,0.15456495055460395,0.0
2020-03-17,90.39199829101562,0.07026613247879654,6.547619307798051e-06,0.0,20.0,0.08785039597604609,0.0
2020-03-18,91.5,0.012257741060410998,1.1904762008242064e-07,0.0,20.0,0.08055588725190234,0.0
2020-03-19,94.04650115966795,0.02783061376686291,-1.1111111454074327e-06,0.0,20.0,0.0859881400266146,0.0
2020-03-20,92.30449676513672,-0.018522798541688812,-1.309523802428016e-06,0.0,20.0,0.08592112311757691,0.0
2020-03-23,95.1415023803711,0.030735291504301987,-1.5873015518226308e-06,0.0,20.0,0.09285959329504173,0.0
2020-03-24,97.00499725341795,0.019586561347294085,-1.309523802428016e-06,0.0,20.0,0.10797393916062112,0.0
2020-03-25,94.29199981689452,-0.027967604900147047,-2.777777789604095e-06,0.0,20.0,0.07622286044095054,0.0
2020-03-26,97.77449798583984,0.03693312450375408,-4.166666536577163e-06,0.0,20.0,0.10209363161721532,0.0
2020-03-27,95.00499725341795,-0.028325389436650306,-2.3015872353599167e-06,0.0,20.0,0.0687752959629145,0.0
2020-03-30,98.19750213623048,0.03360354691971401,5.158730265167024e-07,0.0,20.0,0.09060773945728189,0.0
2020-03-31,97.48600006103516,-0.007245622950859287,1.1904761638669722e-06,0.0,20.0,0.07289704148901245,0.0
2020-04-01,95.38500213623048,-0.021551791267353848,2.5000000402094805e-06,0.0,20.0,0.059463894359715976,0.0
2020-04-02,95.94149780273438,0.005834205106051149,2.5793649847545313e-06,0.0,20.0,0.04997835919184303,0.0
2020-04-03,95.32949829101562,-0.0063788821910731874,2.3015872353599167e-06,0.0,20.0,0.04621681437477336,0.0
2020-04-06,99.87950134277344,0.04772922477644714,2.3809523277339444e-06,0.0,20.0,0.07986263391560511,0.0
2020-04-07,100.58000183105467,0.007013456003121199,5.0793653206219725e-06,0.0,20.0,0.07962969833507584,0.0
2020-04-08,102.1500015258789,0.015609461784076961,7.3412699358803885e-06,0.0,20.0,0.10063670411974275,0.0
2020-04-09,102.13800048828124,-0.0001174844583299306,8.333333073154326e-06,0.0,20.0,0.08543559598588615,0.0
2020-04-13,108.44349670410156,0.06173506614263302,7.93650805477112e-06,0.0,20.0,0.26435690606157536,0.0
2020-04-14,114.16600036621094,0.052769449861283624,6.547619307798051e-06,0.0,20.0,0.41771685847020595,0.0
2020-04-15,115.38400268554688,0.010668695718768717,4.563492146276289e-06,0.0,20.0,0.4169533786589923,0.0
2020-04-16,120.40950012207033,0.043554542393708706,4.365079341426725e-06,0.0,20.0,0.5136868982816891,0.0
2020-04-17,118.75,-0.013782136130354616,4.0873015920321115e-06,0.0,20.0,0.4449080904669586,0.0
2020-04-20,119.68049621582033,0.007835757606907912,2.777777789604095e-06,0.0,20.0,0.4340818115867064,0.0
2020-04-21,116.40599822998048,-0.02736033095931456,3.888888787182548e-06,0.0,20.0,0.2899529383423595,0.0
2020-04-22,118.17449951171876,0.015192527091639096,3.6904762779909446e-06,0.0,20.0,0.3158879757338221,0.0
2020-04-23,119.97250366210938,0.01521482348408254,3.6904762779909446e-06,0.0,20.0,0.3452806575169296,0.0
2020-04-24,120.51100158691406,0.004488511186874211,3.96825402738556e-06,0.0,20.0,0.327052116105566,0.0
2020-04-27,118.8000030517578,-0.01419786171076065,3.6904762779909446e-06,0.0,20.0,0.23308877311887718,0.0
2020-04-28,115.7040023803711,-0.02606061104255919,3.3730159084948255e-06,0.0,20.0,0.1334915661655947,0.0
2020-04-29,118.635498046875,0.02533616474965794,3.571428713344389e-06,0.0,20.0,0.19233539786365558,0.0
2020-04-30,123.6999969482422,0.04268957423996422,3.571428713344389e-06,0.0,20.0,0.35533054569793326,0.0
2020-05-01,114.302001953125,-0.07597409237648933,3.6904762779909446e-06,0.0,20.0,0.11495364985183368,0.0
2020-05-04,115.79949951171876,0.013101236487597978,3.571428713344389e-06,0.0,20.0,0.12672519899649948,0.0
2020-05-05,115.88999938964844,0.0007815221854263754,4.365079341426725e-06,0.0,20.0,0.11365283126899901,0.0
2020-05-06,117.56300354003906,0.014436139090531874,4.285714396881679e-06,0.0,20.0,0.13285838340459394,0.0
2020-05-07,118.38050079345705,0.0069536948597912485,3.7698412225359962e-06,0.0,20.0,0.14052179682287255,0.0
2020-05-08,118.98049926757812,0.005068389389295769,3.7698412225359962e-06,0.0,20.0,0.14468660101250908,0.0
2020-05-11,120.4499969482422,0.012350743942999287,4.166666536577163e-06,0.0,20.0,0.17073267368701261,0.0
2020-05-12,117.84750366210938,-0.021606420523622938,4.880952515772409e-06,0.0,20.0,0.09280547523397811,0.0
2020-05-13,118.39600372314452,0.004654320575239179,4.563492146276289e-06,0.0,20.0,0.09752537289691494,0.0
2020-05-14,119.44249725341795,0.008838926123896362,4.166666536577163e-06,0.0,20.0,0.11479404118970048,0.0
2020-05-15,120.48899841308594,0.008761547889003518,4.0873015920321115e-06,0.0,20.0,0.13957976989856855,0.0
2020-05-18,121.31300354003906,0.006838841203809398,4.166666536577163e-06,0.0,20.0,0.15815844118531638,0.0
2020-05-19,122.46649932861328,0.009508426590011165,4.682539710922846e-06,0.0,20.0,0.16644113927675028,0.0
2020-05-20,124.89700317382812,0.019846275173532213,4.682539710922846e-06,0.0,20.0,0.22229394538714192,0.0
2020-05-21,122.33699798583984,-0.02049693045417056,4.365079341426725e-06,0.0,20.0,0.12521688335891895,0.0
2020-05-22,121.84400177001952,-0.004029821100215214,4.365079341426725e-06,0.0,20.0,0.09642623670254645,0.0
2020-05-26,121.09300231933594,-0.0061636144559753525,4.682539710922846e-06,0.0,20.0,0.07596643668175139,0.0
2020-05-27,120.51950073242188,-0.004736042347035618,5.357143070016588e-06,0.0,20.0,0.06759151834356643,0.0
2020-05-28,120.05500030517578,-0.003854151605534595,5.476190339005182e-06,0.0,20.0,0.059612118184653375,0.0
2020-05-29,122.11849975585938,0.017187950901155657,5.0793653206219725e-06,0.0,20.0,0.08165929868160757,0.0
2020-06-01,123.552001953125,0.011738616181262485,5.0793653206219725e-06,0.0,20.0,0.10432463139102709,0.0
2020-06-02,123.62049865722656,0.0005543957444538172,5.753968088399794e-06,0.0,20.0,0.11300369154448602,0.0
2020-06-03,123.91999816894533,0.002422733405640143,5.87301594870431e-06,0.0,20.0,0.11390977261206389,0.0
2020-06-04,123.02999877929688,-0.0071820481181340545,5.55555557920819e-06,0.0,20.0,0.08149176534636213,0.0
2020-06-05,124.1500015258789,0.009103493113018724,5.753968088399794e-06,0.0,20.0,0.10247422030707048,0.0
2020-06-08,126.2030029296875,0.016536458949464095,6.071428457895913e-06,0.0,20.0,0.13850889243789155,0.0
2020-06-09,130.04299926757812,0.030427139202305886,6.547619307798051e-06,0.0,20.0,0.21601923583865926,0.0
2020-06-10,132.37249755859375,0.017913292558120908,6.547619307798051e-06,0.0,20.0,0.2482560921218392,0.0
2020-06-11,127.89800262451172,-0.03380230045218746,6.071428457895913e-06,0.0,20.0,0.10715482752072587,0.0
2020-06-12,127.2509994506836,-0.005058743377937103,5.952381188907317e-06,0.0,20.0,0.08323168271448413,0.0
2020-06-15,128.63400268554688,0.01086830941079775,6.150793698098924e-06,0.0,20.0,0.10594543627087386,0.0
2020-06-16,130.7635040283203,0.0165547312399128,6.3492062072905275e-06,0.0,20.0,0.1488573948190313,0.0
2020-06-17,132.0489959716797,0.009830663019560593,6.547619307798051e-06,0.0,20.0,0.16038643229409463,0.0
2020-06-18,132.69900512695312,0.004922484646629588,5.55555557920819e-06,0.0,20.0,0.1664085308819847,0.0
2020-06-19,133.75050354003906,0.007923935918584757,5.674603439512706e-06,0.0,20.0,0.17784689092063263,0.0
2020-06-22,135.6909942626953,0.014508287231048467,5.55555557920819e-06,0.0,20.0,0.21804830270172895,0.0
2020-06-23,138.2205047607422,0.018641697717608263,5.55555557920819e-06,0.0,20.0,0.26609925033848897,0.0
2020-06-24,136.72000122070312,-0.010855867894827953,5.357143070016588e-06,0.0,20.0,0.19092675550764518,0.0
2020-06-25,137.72900390625,0.007380066387785211,5.158729969509063e-06,0.0,20.0,0.2097583268105788,0.0
2020-06-26,134.64349365234375,-0.02240276315369638,5.277777829813576e-06,0.0,20.0,0.11636151010330581,0.0
2020-06-29,134.0189971923828,-0.004638148068063508,4.96031746031746e-06,0.0,20.0,0.104657531092487,0.0
2020-06-30,137.9409942626953,0.029264486024190406,5.357143070016588e-06,0.0,20.0,0.17433422562050646,0.0
2020-07-01,143.93499755859375,0.043453386195574595,5.158729969509063e-06,0.0,20.0,0.3217051713640251,0.0
2020-07-02,144.51499938964844,0.004029609482701257,5.277777829813576e-06,0.0,20.0,0.3074435041107379,0.0
2020-07-06,152.8520050048828,0.05768955229869066,5.0793653206219725e-06,0.0,20.0,0.4997902629826181,0.0
2020-07-07,150.00599670410156,-0.018619371729473477,5.55555557920819e-06,0.0,20.0,0.3988479684863305,0.0
2020-07-08,154.0554962158203,0.026995584181255694,5.357143070016588e-06,0.0,20.0,0.47213550222794354,0.0
2020-07-09,159.13150024414062,0.032949191382365184,4.880952515772409e-06,0.0,20.0,0.5465031535932772,0.0
2020-07-10,160.0,0.005457748808544549,4.761904655467893e-06,0.0,20.0,0.5328097201430032,0.0
2020-07-13,155.1999969482422,-0.030000019073486373,4.96031746031746e-06,0.0,20.0,0.4038766823204241,0.0
2020-07-14,154.1999969482422,-0.006443299095769239,5.277777829813576e-06,0.0,20.0,0.35062769564914703,0.0
2020-07-15,150.44349670410156,-0.02436122126125273,4.96031746031746e-06,0.0,20.0,0.23433404526213647,0.0
2020-07-16,149.9949951171875,-0.002981196241378159,4.0873015920321115e-06,0.0,20.0,0.21846115123252915,0.0
2020-07-17,148.09849548339844,-0.01264375276193297,4.166666536577163e-06,0.0,20.0,0.1693096563940973,0.0
2020-07-20,159.8419952392578,0.07929519957328535,4.166666536577163e-06,0.0,20.0,0.45566350022677876,0.0
2020-07-21,156.9145050048828,-0.018314900474015072,4.365079341426725e-06,0.0,20.0,0.3469283651490982,0.0
2020-07-22,154.99549865722656,-0.012229630062539742,3.96825402738556e-06,0.0,20.0,0.2708876059053366,0.0
2020-07-23,149.32749938964844,-0.036568799201794455,4.0873015920321115e-06,0.0,20.0,0.16195676503164327,0.0
2020-07-24,150.44549560546875,0.007486874288995304,3.888888787182548e-06,0.0,20.0,0.16243120796546096,0.0
2020-07-27,152.760498046875,0.015387648743417026,3.6904762779909446e-06,0.0,20.0,0.18377462930156283,0.0
2020-07-28,150.01649475097656,-0.017962780502695397,4.0873015920321115e-06,0.0,20.0,0.1304408297258386,0.0
2020-07-29,151.67649841308594,0.011065474265779418,3.571428713344389e-06,0.0,20.0,0.1397303328662954,0.0
2020-07-30,152.593994140625,0.006049030252796905,3.3730159084948255e-06,0.0,20.0,0.14682442453894234,0.0
2020-07-31,158.23399353027344,0.036960821567137314,3.2936506682918174e-06,0.0,20.0,0.267582375978615,0.0
2020-08-03,155.59449768066406,-0.01668096589563972,3.0952381591002142e-06,0.0,20.0,0.18615024093989022,0.0
2020-08-04,156.94149780273438,0.008657119256458845,3.571428713344389e-06,0.0,20.0,0.19948661277637342,0.0
2020-08-05,160.25149536132812,0.021090645909052075,3.7698412225359962e-06,0.0,20.0,0.26016703230634125,0.0
2020-08-06,161.25,0.0062308600392182445,3.492063473141381e-06,0.0,20.0,0.26393567223759956,0.0
2020-08-07,158.3730010986328,-0.017841853651889505,3.492063473141381e-06,0.0,20.0,0.17450813964286718,0.0
2020-08-10,157.4080047607422,-0.006093187166982039,3.492063473141381e-06,0.0,20.0,0.14344654872497453,0.0
2020-08-11,154.0334930419922,-0.021437993092404684,3.96825402738556e-06,0.0,20.0,0.0981416745294642,0.0
2020-08-12,158.11199951171875,0.026478049605839216,3.96825402738556e-06,0.0,20.0,0.13896953467850068,0.0
2020-08-13,158.05099487304688,-0.0003858318082136103,3.571428713344389e-06,0.0,20.0,0.12850032747675208,0.0
2020-08-14,157.4010009765625,-0.004112558082955964,3.492063473141381e-06,0.0,20.0,0.11130615892398518,0.0
2020-08-17,159.12049865722656,0.010924312234330102,3.3730159084948255e-06,0.0,20.0,0.12552891180297004,0.0
2020-08-18,165.62449645996094,0.04087466955935781,3.96825402738556e-06,0.0,20.0,0.2553996141388933,0.0
2020-08-19,163.0240020751953,-0.015701145907449088,3.7698412225359962e-06,0.0,20.0,0.17075741137845146,0.0
2020-08-20,164.86849975585938,0.011314270642265756,3.492063473141381e-06,0.0,20.0,0.19517562379852016,0.0
2020-08-21,164.23599243164062,-0.0038364352508537536,3.492063473141381e-06,0.0,20.0,0.1643999597661511,0.0
2020-08-24,165.3730010986328,0.006923017605080961,3.3730159084948255e-06,0.0,20.0,0.17567775768875613,0.0
2020-08-25,167.32449340820312,0.011800549645987202,3.7698412225359962e-06,0.0,20.0,0.20227016826029284,0.0
2020-08-26,172.09249877929688,0.0284955613728457,3.6904762779909446e-06,0.0,20.0,0.3037518083304582,0.0
2020-08-27,170.0,-0.01215915158498826,3.7698412225359962e-06,0.0,20.0,0.2221418880363115,0.0
2020-08-28,170.08999633789062,0.0005293902228860059,3.7698412225359962e-06,0.0,20.0,0.20519752056710824,0.0
2020-08-31,172.54800415039062,0.014451219151166761,3.7698412225359962e-06,0.0,20.0,0.24396577436993266,0.0
2020-09-01,174.95599365234375,0.01395547583299983,3.96825402738556e-06,0.0,20.0,0.278392379497407,0.0
2020-09-02,176.57249450683594,0.009239471142122424,3.96825402738556e-06,0.0,20.0,0.293915270316802,0.0
2020-09-03,168.39999389648438,-0.04628410915968095,3.96825402738556e-06,0.0,20.0,0.12324037917697589,0.0
2020-09-04,164.7310028076172,-0.021787358799564616,4.0873015920321115e-06,0.0,20.0,0.09595063029797883,0.0
2020-09-08,157.49200439453125,-0.04394435952982134,4.285714396881679e-06,0.0,20.0,0.09977737303225259,0.0
2020-09-09,163.4304962158203,0.03770662418145765,4.166666536577163e-06,0.0,20.0,0.08222062502276888,0.0
2020-09-10,158.7554931640625,-0.02860545100214451,4.0873015920321115e-06,0.0,20.0,0.08175546983522262,0.0
2020-09-11,155.81100463867188,-0.018547317429499666,4.0873015920321115e-06,0.0,20.0,0.09075729263736158,0.0
2020-09-14,155.14849853515625,-0.004251985314208007,3.96825402738556e-06,0.0,20.0,0.09376860474201407,0.0
2020-09-15,157.80650329589844,0.017132004407634627,3.96825402738556e-06,0.0,20.0,0.06535996472691775,0.0
2020-09-16,153.90499877929688,-0.024723344317983953,3.96825402738556e-06,0.0,20.0,0.08616292192873978,0.0
2020-09-17,150.43649291992188,-0.02253666798925036,3.3730159084948255e-06,0.0,20.0,0.09912368387749894,0.0
2020-09-18,147.74549865722656,-0.01788790878106783,3.2936506682918174e-06,0.0,20.0,0.11855487570450511,0.0
2020-09-21,148.02349853515625,0.001881613182508124,3.1746031036452616e-06,0.0,20.0,0.09221274589087201,0.0
2020-09-22,156.44949340820312,0.05692335984779917,3.492063473141381e-06,0.0,20.0,0.04864429878181951,0.0
2020-09-23,149.9929962158203,-0.04126889165142078,3.492063473141381e-06,0.0,20.0,0.06955030355680279,0.0
2020-09-24,150.989501953125,0.006643681788120581,3.6904762779909446e-06,0.0,20.0,0.053752054583495724,0.0
2020-09-25,154.75650024414062,0.02494874307344297,3.571428713344389e-06,0.0,20.0,0.03871046967563393,0.0
2020-09-28,158.70249938964844,0.025498115680328004,3.492063473141381e-06,0.0,20.0,0.05804212525697349,0.0
2020-09-29,157.24400329589844,-0.009190126805558863,3.3730159084948255e-06,0.0,20.0,0.038471571913840284,0.0
2020-09-30,157.43649291992188,0.0012241460404771587,3.3730159084948255e-06,0.0,20.0,0.035937408331336636,0.0
2020-10-01,161.06300354003906,0.023034752317315554,3.2936506682918174e-06,0.0,20.0,0.06292831212335372,0.0
2020-10-02,156.25,-0.02988273802333874,3.3730159084948255e-06,0.0,20.0,0.03337137817978025,0.0
2020-10-05,159.9600067138672,0.0237440429687501,3.3730159084948255e-06,0.0,20.0,0.04538044676595048,0.0
2020-10-06,154.9980010986328,-0.03102028886576813,3.492063473141381e-06,0.0,20.0,0.0337030534207681,0.0
2020-10-07,159.7845001220703,0.030881037106998743,3.492063473141381e-06,0.0,20.0,0.04203045532708313,0.0
2020-10-08,159.52749633789062,-0.0016084400175445657,3.492063473141381e-06,0.0,20.0,0.03490710923902547,0.0
2020-10-09,164.33250427246094,0.030120249141207367,3.6904762779909446e-06,0.0,20.0,0.08199732849361632,0.0
2020-10-12,172.14649963378906,0.04754990740220588,3.571428713344389e-06,0.0,20.0,0.23771266867772717,0.0
2020-10-13,172.18150329589844,0.00020333647320058823,3.6904762779909446e-06,0.0,20.0,0.20800069936016743,0.0
2020-10-14,168.1855010986328,-0.023208080547411636,3.96825402738556e-06,0.0,20.0,0.10115338292773728,0.0
2020-10-15,166.9324951171875,-0.007450142689235051,3.7698412225359962e-06,0.0,20.0,0.07273683373090145,0.0
2020-10-16,163.635498046875,-0.019750480983333984,3.571428713344389e-06,0.0,20.0,0.04819319365662973,0.0
2020-10-19,160.36050415039062,-0.020013957457728493,3.571428713344389e-06,0.0,20.0,0.04865576343776745,0.0
2020-10-20,160.85049438476562,0.003055554339711275,3.7698412225359962e-06,0.0,20.0,0.04325447939137238,0.0
2020-10-21,159.2469940185547,-0.009968886774915697,3.571428713344389e-06,0.0,20.0,0.04839434062697941,0.0
2020-10-22,158.82000732421875,-0.0026812857408547996,3.3730159084948255e-06,0.0,20.0,0.046147284908105296,0.0
2020-10-23,160.22000122070312,0.008814971867029398,3.2936506682918174e-06,0.0,20.0,0.0354685366001419,0.0
2020-10-26,160.3520050048828,0.0008238907949942309,3.1746031036452616e-06,0.0,20.0,0.03262500921225832,0.0
2020-10-27,164.31649780273438,0.024723687101579017,3.571428713344389e-06,0.0,20.0,0.0447553421213868,0.0
2020-10-28,158.13900756835938,-0.037595069983728635,3.571428713344389e-06,0.0,20.0,0.037391088185494095,0.0
2020-10-29,160.55050659179688,0.015249235849637444,3.2936506682918174e-06,0.0,20.0,0.03177997083177446,0.0
2020-10-30,151.8074951171875,-0.0544564552314909,3.2936506682918174e-06,0.0,20.0,0.07916731200387876,0.0
2020-11-02,150.2239990234375,-0.010430948040659138,3.2936506682918174e-06,0.0,20.0,0.08848887737210358,0.0
2020-11-03,152.42050170898438,0.014621516534147005,3.571428713344389e-06,0.0,20.0,0.059755421481611656,0.0
2020-11-04,162.05799865722656,0.06322966294024535,3.2936506682918174e-06,0.0,20.0,0.05459994945109065,0.0
2020-11-05,166.10000610351562,0.024941733698923496,3.3730159084948255e-06,0.0,20.0,0.09304925503744876,0.0
2020-11-06,165.56849670410156,-0.003199936061909714,3.2936506682918174e-06,0.0,20.0,0.07521361423577692,0.0
2020-11-09,157.18699645996094,-0.05062255447737596,3.492063473141381e-06,0.0,20.0,0.047333524176270445,0.0
2020-11-10,151.75100708007812,-0.03458294580536425,3.571428713344389e-06,0.0,20.0,0.07812629733200598,0.0
2020-11-11,156.8695068359375,0.03372959332756431,3.571428713344389e-06,0.0,20.0,0.04461213883733581,0.0
2020-11-12,155.51400756835938,-0.008640935353967705,3.3730159084948255e-06,0.0,20.0,0.047487870987317486,0.0
2020-11-13,156.4405059814453,0.005957652481424658,3.2936506682918174e-06,0.0,20.0,0.03754895530021644,0.0
2020-11-16,156.55299377441406,0.0007190451875813686,2.9761905944536585e-06,0.0,20.0,0.0350992399434745,0.0
2020-11-17,156.7830047607422,0.001469221257177411,3.1746031036452616e-06,0.0,20.0,0.02829464618620189,0.0
2020-11-18,155.2729949951172,-0.00963120822903818,2.9761905944536585e-06,0.0,20.0,0.035577367560728,0.0
2020-11-19,155.8509979248047,0.003722494885254779,2.3809523277339444e-06,0.0,20.0,0.026663368673565477,0.0
2020-11-20,154.97000122070312,-0.005652814007175211,2.3015872353599167e-06,0.0,20.0,0.03466385618704547,0.0
2020-11-23,154.91949462890625,-0.00032591205652088284,2.777777789604095e-06,0.0,20.0,0.036239621783300834,0.0
2020-11-24,155.9029998779297,0.006348492495275249,3.1746031036452616e-06,0.0,20.0,0.027343748993562404,0.0
2020-11-25,159.2534942626953,0.02149089105013391,3.1746031036452616e-06,0.0,20.0,0.022925865344015337,0.0
2020-11-27,159.76699829101562,0.003224444340751864,2.896825354250651e-06,0.0,20.0,0.026318098011975762,0.0
2020-11-30,158.40199279785156,-0.008543726224847115,2.9761905944536585e-06,0.0,20.0,0.024825635827702745,0.0
2020-12-01,161.00399780273438,0.01642659261366375,3.1746031036452616e-06,0.0,20.0,0.02690076108426762,0.0
2020-12-02,160.17649841308594,-0.005139620139509304,2.9761905944536585e-06,0.0,20.0,0.023605940761683306,0.0
2020-12-03,159.3365020751953,-0.005244192164348127,2.9761905944536585e-06,0.0,20.0,0.02892242257232919,0.0
2020-12-04,158.12899780273438,-0.007578327983446487,2.9761905944536585e-06,0.0,20.0,0.03924379488146263,0.0
2020-12-07,157.89999389648438,-0.00144820943300783,2.777777789604095e-06,0.0,20.0,0.04139503450721149,0.0
2020-12-08,158.864501953125,0.006108347649924184,2.698412845059044e-06,0.0,20.0,0.029416678269192545,0.0
2020-12-09,155.2100067138672,-0.02300385041546993,2.777777789604095e-06,0.0,20.0,0.042575944808401295,0.0
2020-12-10,155.07449340820312,-0.0008730964486967085,2.777777789604095e-06,0.0,20.0,0.04531973965368677,0.0
2020-12-11,155.8209991455078,0.004813852496939441,2.5793649847545313e-06,0.0,20.0,0.03254137877041109,0.0
2020-12-14,157.84849548339844,0.013011701561464806,2.3809523277339444e-06,0.0,20.0,0.02626073203600884,0.0
2020-12-15,158.25599670410156,0.0025815971159888207,2.777777789604095e-06,0.0,20.0,0.02640532058404893,0.0
2020-12-16,162.04800415039062,0.023961224378619583,2.9761905944536585e-06,0.0,20.0,0.03142276052700056,0.0
2020-12-17,161.8040008544922,-0.0015057469987226346,3.1746031036452616e-06,0.0,20.0,0.028013354633176744,0.0
2020-12-18,160.08250427246094,-0.01063939440891426,3.1746031036452616e-06,0.0,20.0,0.024990705049355067,0.0
2020-12-21,160.3090057373047,0.0014149045573290664,3.0952381591002142e-06,0.0,20.0,0.02502946052806181,0.0
2020-12-22,160.3260040283203,0.00010603453584812073,3.0952381591002142e-06,0.0,20.0,0.026588110085345663,0.0
2020-12-23,159.2635040283203,-0.006627122071927394,2.9761905944536585e-06,0.0,20.0,0.03012776205865017,0.0
2020-12-24,158.63450622558594,-0.003949415822362745,2.9761905944536585e-06,0.0,20.0,0.03883982425486579,0.0
2020-12-28,164.197998046875,0.03507113271672124,3.1746031036452616e-06,0.0,20.0,0.038823961461593046,0.0
2020-12-29,166.10000610351562,0.011583625131030173,3.571428713344389e-06,0.0,20.0,0.0505577816613703,0.0
2020-12-30,164.29249572753906,-0.010882060864285004,2.777777789604095e-06,0.0,20.0,0.03856965957220544,0.0
2020-12-31,162.84649658203125,-0.008801370623195415,2.5793649847545313e-06,0.0,20.0,0.03419811227949756,0.0
2021-01-04,159.3314971923828,-0.021584740620304466,2.698412845059044e-06,0.0,20.0,0.03529921234883688,0.0
2021-01-05,160.92550659179688,0.010004358381754175,3.0952381591002142e-06,0.0,20.0,0.023119189788442508,0.0
2021-01-06,156.91900634765625,-0.024896614147709384,3.0952381591002142e-06,0.0,20.0,0.0413025342461854,0.0
2021-01-07,158.10800170898438,0.0075771277744003385,3.1746031036452616e-06,0.0,20.0,0.04208650709318762,0.0
2021-01-08,159.13499450683594,0.006495514374673217,3.1746031036452616e-06,0.0,20.0,0.029826425312094486,0.0
2021-01-11,155.7104949951172,-0.021519462280005563,3.1746031036452616e-06,0.0,20.0,0.04963879854181514,0.0
2021-01-12,156.04150390625,0.002125797051401035,3.1746031036452616e-06,0.0,20.0,0.04281271259011866,0.0
2021-01-13,158.29449462890625,0.014438406874172749,3.1746031036452616e-06,0.0,20.0,0.0309108065146691,0.0
2021-01-14,156.37350463867188,-0.012135545173177387,2.9761905944536585e-06,0.0,20.0,0.04362892964009476,0.0
2021-01-15,155.21249389648438,-0.007424600125642833,2.9761905944536585e-06,0.0,20.0,0.054455374331546805,0.0
2021-01-19,156.03799438476562,0.005318518294228358,2.896825354250651e-06,0.0,20.0,0.04861279278313502,0.0
2021-01-20,163.16900634765625,0.04570048462239673,2.9761905944536585e-06,0.0,20.0,0.0393740936922516,0.0
2021-01-21,165.34950256347656,0.013363421550624865,2.896825354250651e-06,0.0,20.0,0.056895597284576896,0.0
2021-01-22,164.6114959716797,-0.00446331304512726,2.777777789604095e-06,0.0,20.0,0.05204644055386013,0.0
2021-01-25,164.6999969482422,0.0005376354551673845,2.777777789604095e-06,0.0,20.0,0.052327303217970085,0.0
2021-01-26,166.30650329589844,0.009754137082109926,2.698412845059044e-06,0.0,20.0,0.0519099642968356,0.0
2021-01-27,161.62899780273438,-0.02812581228312927,2.3809523277339444e-06,0.0,20.0,0.0363773440326672,0.0
2021-01-28,161.88099670410156,0.0015591193708615059,2.182539670713361e-06,0.0,20.0,0.04799606610584804,0.0
2021-01-29,160.30999755859375,-0.009704654514695155,1.90476192131875e-06,0.0,20.0,0.04807168256218569,0.0
2021-02-01,167.1439971923828,0.042629902924745666,1.90476192131875e-06,0.0,20.0,0.04968833539673968,0.0
2021-02-02,169.0,0.011104214562255077,1.984127013692778e-06,0.0,20.0,0.06839357789639973,0.0
2021-02-03,165.62649536132812,-0.019961565909300982,1.5873015518226308e-06,0.0,20.0,0.05398476051453844,0.0
2021-02-04,166.5500030517578,0.005575845147329783,1.1904761638669722e-06,0.0,20.0,0.045093501269545776,0.0
2021-02-05,167.6074981689453,0.006349415177487883,9.126984144723571e-07,0.0,20.0,0.044354298442869276,0.0
2021-02-08,166.14700317382812,-0.008713780773966562,7.936507759113135e-07,0.0,20.0,0.04024955086694722,0.0
2021-02-09,165.25,-0.00539885256244832,1.309523802428016e-06,0.0,20.0,0.04673281646844981,0.0
2021-02-10,164.32899475097656,-0.005573405440383872,1.3888888948020476e-06,0.0,20.0,0.04460709676479441,0.0
2021-02-11,163.10650634765625,-0.007439273910078148,1.3888888948020476e-06,0.0,20.0,0.049939498705057705,0.0
2021-02-12,163.885498046875,0.004775969497859078,1.3888888948020476e-06,0.0,20.0,0.03735086843876169,0.0
2021-02-16,163.44749450683594,-0.0026726192693009576,1.3888888948020476e-06,0.0,20.0,0.04337355594193716,0.0
2021-02-17,165.4320068359375,0.012141589169594624,1.3888888948020476e-06,0.0,20.0,0.037206702157739656,0.0
2021-02-18,166.4114990234375,0.005920814274298136,9.126984144723571e-07,0.0,20.0,0.036765563447735745,0.0
2021-02-19,162.4949951171875,-0.023535055745747435,9.126984144723571e-07,0.0,20.0,0.039244486095645424,0.0
2021-02-22,159.03700256347656,-0.021280609604111933,9.92063506846389e-07,0.0,20.0,0.0574221145533895,0.0
2021-02-23,159.72500610351562,0.004326059526709614,9.126984144723571e-07,0.0,20.0,0.04454104922532415,0.0
2021-02-24,157.97650146484375,-0.010946968676518232,1.1111111454074327e-06,0.0,20.0,0.049369620148829646,0.0
2021-02-25,152.85800170898438,-0.03240038681954516,1.309523802428016e-06,0.0,20.0,0.08144104097668539,0.0
2021-02-26,154.64649963378906,0.011700387973209825,1.3888888948020476e-06,0.0,20.0,0.059831811415851956,0.0
2021-03-01,157.3070068359375,0.017203798394717307,1.1111111454074327e-06,0.0,20.0,0.03777537121206939,0.0
2021-03-02,154.72650146484375,-0.016404262105025436,1.3888888948020476e-06,0.0,20.0,0.052404085340733375,0.0
2021-03-03,150.25,-0.02893170479822993,1.3888888948020476e-06,0.0,20.0,0.08286640058362141,0.0
2021-03-04,148.8784942626953,-0.009128157985388907,1.1111111454074327e-06,0.0,20.0,0.09081842628975682,0.0
2021-03-05,150.0229949951172,0.007687481916645478,1.1111111454074327e-06,0.0,20.0,0.06916198481091262,0.0
2021-03-08,147.59750366210938,-0.016167463748385735,1.3888888948020476e-06,0.0,20.0,0.08844886988643227,0.0
2021-03-09,153.1425018310547,0.03756837366056898,1.3888888948020476e-06,0.0,20.0,0.04407954696556435,0.0
2021-03-10,152.8820037841797,-0.0017010173123747085,1.1904761638669722e-06,0.0,20.0,0.048231604423939416,0.0
2021-03-11,155.67950439453125,0.018298429776605563,1.1111111454074327e-06,0.0,20.0,0.036619340137291075,0.0
2021-03-12,154.47450256347656,-0.0077402727850476305,9.92063506846389e-07,0.0,20.0,0.034944857834002814,0.0
2021-03-15,154.08399963378906,-0.0025279442445658162,5.952380819334841e-07,0.0,20.0,0.035245801466660905,0.0
2021-03-16,154.59300231933594,0.0033034103914528767,3.17460332538873e-07,0.0,20.0,0.035481282591278536,0.0
2021-03-17,156.7864990234375,0.014188848597238346,3.17460332538873e-07,0.0,20.0,0.031992524304117226,0.0
2021-03-18,151.39950561523438,-0.03435878370750434,1.1904762008242064e-07,0.0,20.0,0.049432487659347386,0.0
2021-03-19,153.7480010986328,0.015511909856343209,1.9841269397782539e-07,0.0,20.0,0.03434148578753862,0.0
2021-03-22,155.5435028076172,0.01167821172408301,1.9841269397782539e-07,0.0,20.0,0.030691507240729842,0.0
2021-03-23,156.875,0.008560288075996736,3.9682538795565474e-07,0.0,20.0,0.030992800743292314,0.0
2021-03-24,154.35350036621094,-0.016073304438495972,5.952380819334841e-07,0.0,20.0,0.03835691934874439,0.0
2021-03-25,152.31300354003906,-0.013219634289670767,5.952380819334841e-07,0.0,20.0,0.051306336817899006,0.0
2021-03-26,152.60150146484375,0.0018941122432061253,5.952380819334841e-07,0.0,20.0,0.04288254811712788,0.0
2021-03-29,153.7864990234375,0.007765307334585803,3.17460332538873e-07,0.0,20.0,0.03759593816244744,0.0
2021-03-30,152.76449584960938,-0.006645597502498379,5.158730265167024e-07,0.0,20.0,0.04097865405967678,0.0
2021-03-31,154.70399475097656,0.01269600564306872,5.158730265167024e-07,0.0,20.0,0.03584716134979148,0.0
2021-04-01,158.0500030517578,0.02162845443110406,3.17460332538873e-07,0.0,20.0,0.03575549205105206,0.0
2021-04-05,161.3365020751953,0.02079404593469847,5.952380819334841e-07,0.0,20.0,0.050175326429977414,0.0
2021-04-06,161.1909942626953,-0.0009018902147276409,5.952380819334841e-07,0.0,20.0,0.0405503379077845,0.0
2021-04-07,163.96949768066406,0.01723733655641202,3.9682538795565474e-07,0.0,20.0,0.055466885942672975,0.0
2021-04-08,164.96499633789062,0.006071242952548017,1.9841269397782539e-07,0.0,20.0,0.05755473169043214,0.0
2021-04-09,168.61000061035156,0.02209562242522667,1.1904762008242064e-07,0.0,20.0,0.08882614473282793,0.0
2021-04-12,168.96949768066406,0.0021321218730274705,3.9682538795565474e-07,0.0,20.0,0.08477898309811326,0.0
2021-04-13,170.0,0.006098747605224553,5.952380819334841e-07,0.0,20.0,0.08497961173827766,0.0
2021-04-14,166.64999389648438,-0.01970591825597423,5.952380819334841e-07,0.0,20.0,0.045210640905381884,0.0
2021-04-15,168.95449829101562,0.013828409714570444,3.9682538795565474e-07,0.0,20.0,0.057688243752723446,0.0
2021-04-16,169.9720001220703,0.006022342354579324,3.17460332538873e-07,0.0,20.0,0.06256303089920481,0.0
2021-04-19,168.60049438476562,-0.00806900981526193,5.952380819334841e-07,0.0,20.0,0.048102052325537645,0.0
2021-04-20,166.7344970703125,-0.011067567276491497,5.952380819334841e-07,0.0,20.0,0.04086327800660382,0.0
2021-04-21,168.1009979248047,0.008195669633476843,5.158730265167024e-07,0.0,20.0,0.04288338467762874,0.0
2021-04-22,165.45199584960938,-0.015758395892332966,5.952380819334841e-07,0.0,20.0,0.03861396365878841,0.0
2021-04-23,167.04400634765625,0.00962218974677076,5.952380819334841e-07,0.0,20.0,0.041940733440537566,0.0
2021-04-26,170.4499969482422,0.020389780364207244,3.17460332538873e-07,0.0,20.0,0.05138023395647238,0.0
2021-04-27,170.8715057373047,0.0024729175512423485,3.9682538795565474e-07,0.0,20.0,0.056393298215426296,0.0
2021-04-28,172.9250030517578,0.012017786731569835,3.17460332538873e-07,0.0,20.0,0.06957171389818652,0.0
2021-04-29,173.5655059814453,0.0037039347600635875,3.17460332538873e-07,0.0,20.0,0.07908556570378208,0.0
2021-04-30,173.37100219726562,-0.001120636171800582,1.1904762008242064e-07,0.0,20.0,0.07017457162494711,0.0
2021-05-03,169.32449340820312,-0.023340170719312603,1.9841269397782539e-07,0.0,20.0,0.05364370156397319,0.0
2021-05-04,165.593505859375,-0.022034541333801894,3.9682538795565474e-07,0.0,20.0,0.05559756068855084,0.0
2021-05-05,163.52699279785156,-0.012479432999494278,3.17460332538873e-07,0.0,20.0,0.07077533139658969,0.0
2021-05-06,165.31849670410156,0.010955401769447537,3.17460332538873e-07,0.0,20.0,0.05034097971604526,0.0
2021-05-07,164.58050537109375,-0.0044640578502762596,3.17460332538873e-07,0.0,20.0,0.06268498447430246,0.0
2021-05-10,159.52450561523438,-0.03072052637375966,1.9841269397782539e-07,0.0,20.0,0.09206915134622716,0.0
2021-05-11,161.19549560546875,0.010474816917876772,3.9682538795565474e-07,0.0,20.0,0.06561438827167379,0.0
2021-05-12,157.5970001220703,-0.022323796765424953,3.9682538795565474e-07,0.0,20.0,0.08551308845146312,0.0
2021-05-13,158.07350158691406,0.0030235440044839024,3.17460332538873e-07,0.0,20.0,0.07823072555481633,0.0
2021-05-14,161.14500427246094,0.019430851184491837,1.9841269397782539e-07,0.0,20.0,0.04931929312109202,0.0
2021-05-17,163.51950073242188,0.0147351540352203,1.9841269397782539e-07,0.0,20.0,0.04074435203657748,0.0
2021-05-18,161.61399841308594,-0.011653058569779051,3.9682538795565474e-07,0.0,20.0,0.0537515084073407,0.0
2021-05-19,161.58999633789062,-0.000148514828115065,1.9841269397782539e-07,0.0,20.0,0.04446588076171153,0.0
2021-05-20,162.38400268554688,0.004913709794237331,1.1904762008242064e-07,0.0,20.0,0.04331043029296883,0.0
2021-05-21,160.1540069580078,-0.013732853548741542,1.1904762008242064e-07,0.0,20.0,0.05623567409147158,0.0
2021-05-24,162.24949645996094,0.013084215261017773,1.1904762008242064e-07,0.0,20.0,0.044697245908312255,0.0
2021-05-25,162.95249938964844,0.004332851226203749,3.9682538795565474e-07,0.0,20.0,0.04244909576953805,0.0
2021-05-26,163.25799560546875,0.0018747562447005706,1.9841269397782539e-07,0.0,20.0,0.049355451194622216,0.0
2021-05-27,161.5054931640625,-0.010734558114025683,1.9841269397782539e-07,0.0,20.0,0.061985508248488023,0.0
2021-05-28,161.15350341796875,-0.0021794289420000723,3.17460332538873e-07,0.0,20.0,0.07232520928470709,0.0
2021-06-01,160.9324951171875,-0.0013714148069622345,3.9682538795565474e-07,0.0,20.0,0.07929965141067188,0.0
2021-06-02,161.69949340820312,0.004765962837133042,5.952380819334841e-07,0.0,20.0,0.06388370432555004,0.0
2021-06-03,159.35049438476562,-0.014526941142032901,5.952380819334841e-07,0.0,20.0,0.07658653086959491,0.0
2021-06-04,160.31100463867188,0.006027657821926935,5.952380819334841e-07,0.0,20.0,0.07694283741137437,0.0
2021-06-07,159.90049743652344,-0.0025606925929613222,7.142856835372857e-07,0.0,20.0,0.07154204555929677,0.0
2021-06-08,163.20550537109375,0.020669153552085318,7.936507759113135e-07,0.0,20.0,0.05658797708077517,0.0
2021-06-09,164.0574951171875,0.005220349302289318,7.936507759113135e-07,0.0,20.0,0.060774429772926825,0.0
2021-06-10,167.4824981689453,0.02087684594544914,7.936507759113135e-07,0.0,20.0,0.06058516840537371,0.0
2021-06-11,167.3415069580078,-0.0008418265339896758,7.142856835372857e-07,0.0,20.0,0.058876877749938855,0.0
2021-06-14,169.19349670410156,0.011067127216432215,5.952380819334841e-07,0.0,20.0,0.06325380728274735,0.0
2021-06-15,169.156494140625,-0.0002186996793457352,7.936507759113135e-07,0.0,20.0,0.060859775321314535,0.0
2021-06-16,170.7624969482422,0.0094941835711142,1.1111111454074327e-06,0.0,20.0,0.06851190302921473,0.0
2021-06-17,174.46200561523438,0.02166464377780497,1.1111111454074327e-06,0.0,20.0,0.09394307434550804,0.0
2021-06-18,174.34500122070312,-0.0006706583139327593,1.1111111454074327e-06,0.0,20.0,0.08012513046817088,0.0
2021-06-21,172.697998046875,-0.009446804682075038,1.1904761638669722e-06,0.0,20.0,0.05947736677995149,0.0
2021-06-22,175.27200317382812,0.01490466106187549,1.5079364594485992e-06,0.0,20.0,0.07360974976915782,0.0
2021-06-23,175.1909942626953,-0.0004621896804161141,1.5873015518226308e-06,0.0,20.0,0.06933047845014155,0.0
2021-06-24,172.45399475097656,-0.015622946391951387,1.7063492642981665e-06,0.0,20.0,0.04725482147378471,0.0
2021-06-25,170.072998046875,-0.013806561613952328,1.7063492642981665e-06,0.0,20.0,0.04700921442806665,0.0
2021-06-28,172.1945037841797,0.012474089136242261,1.5873015518226308e-06,0.0,20.0,0.04538619483679232,0.0
2021-06-29,172.40699768066406,0.0012340341405479016,1.5873015518226308e-06,0.0,20.0,0.047359819759998444,0.0
2021-06-30,172.00799560546875,-0.0023143032508132766,1.5873015518226308e-06,0.0,20.0,0.04937399345518564,0.0
2021-07-01,171.64849853515625,-0.0020900020900020966,1.5873015518226308e-06,0.0,20.0,0.05174485843530612,0.0
2021-07-02,175.5489959716797,0.022723749230608936,1.5079364594485992e-06,0.0,20.0,0.05704047728820015,0.0
2021-07-06,183.78700256347656,0.04692710742205475,1.5873015518226308e-06,0.0,20.0,0.12320579409699027,0.0
2021-07-07,184.82899475097656,0.005669564076709488,1.7063492642981665e-06,0.0,20.0,0.12079894044266978,0.0
2021-07-08,186.57049560546875,0.009422227593882448,1.7063492642981665e-06,0.0,20.0,0.13397028698234698,0.0
2021-07-09,185.9669952392578,-0.003234704202571881,1.7063492642981665e-06,0.0,20.0,0.1075934755597039,0.0
2021-07-12,185.9275054931641,-0.00021234814297510507,1.7063492642981665e-06,0.0,20.0,0.09490975019924816,0.0
2021-07-13,183.8679962158203,-0.011076947823728478,1.7857143566721944e-06,0.0,20.0,0.06552884006382947,0.0
2021-07-14,184.08399963378903,0.0011747744165069296,1.7857143566721944e-06,0.0,20.0,0.06721792974791536,0.0
2021-07-15,181.5599975585937,-0.013711143174944707,1.5079364594485992e-06,0.0,20.0,0.05454700309331364,0.0
2021-07-16,178.68150329589844,-0.015854231666676988,1.5079364594485992e-06,0.0,20.0,0.058104296747860495,0.0
2021-07-19,177.47950744628906,-0.006727030092302577,1.5873015518226308e-06,0.0,20.0,0.04777476603168332,0.0
2021-07-20,178.6595001220703,0.0066486136498793424,1.7857143566721944e-06,0.0,20.0,0.04326730870173706,0.0
2021-07-21,179.25999450683594,0.003361110852517335,1.7857143566721944e-06,0.0,20.0,0.04364280510471626,0.0
2021-07-22,181.9015045166016,0.01473563589596627,1.7063492642981665e-06,0.0,20.0,0.05246190202786696,0.0
2021-07-23,182.83200073242188,0.005115384934792244,1.7857143566721944e-06,0.0,20.0,0.060432422562839254,0.0
2021-07-26,184.99099731445312,0.01180863619816197,1.5873015518226308e-06,0.0,20.0,0.07521032644109785,0.0
2021-07-27,181.3195037841797,-0.019846876786293155,1.7857143566721944e-06,0.0,20.0,0.047974901404336384,0.0
2021-07-28,181.51600646972656,0.0010837371680696428,1.7857143566721944e-06,0.0,20.0,0.04908722474320541,0.0
2021-07-29,179.99600219726562,-0.008373940689987869,1.5873015518226308e-06,0.0,20.0,0.044496106609277684,0.0
2021-07-30,166.37950134277344,-0.07564890713277761,1.5873015518226308e-06,0.0,20.0,0.09828328406770495,0.0
2021-08-02,166.57400512695312,0.0011690369463182027,1.5079364594485992e-06,0.0,20.0,0.08505406997362075,0.0
2021-08-03,168.31199645996094,0.01043374884144277,1.7857143566721944e-06,0.0,20.0,0.06453983524071692,0.0
2021-08-04,167.73599243164062,-0.0034222398904129037,1.7857143566721944e-06,0.0,20.0,0.06338153087280894,0.0
2021-08-05,168.79949951171875,0.006340362999381677,1.7063492642981665e-06,0.0,20.0,0.052565619098510534,0.0
2021-08-06,167.2469940185547,-0.009197334693852421,1.7063492642981665e-06,0.0,20.0,0.0586270882476907,0.0
2021-08-09,167.093505859375,-0.0009177334401756498,1.7857143566721944e-06,0.0,20.0,0.05736380967760873,0.0
2021-08-10,166.03399658203125,-0.006340816609805455,1.984127013692778e-06,0.0,20.0,0.06365292180451468,0.0
2021-08-11,164.60549926757812,-0.008603643493863333,1.7857143566721944e-06,0.0,20.0,0.07211598102819697,0.0
2021-08-12,165.1750030517578,0.003459810192938395,1.7063492642981665e-06,0.0,20.0,0.06256564217818623,0.0
2021-08-13,164.69850158691406,-0.0028848279463596915,1.7857143566721944e-06,0.0,20.0,0.06432183170697327,0.0
2021-08-16,164.94949340820312,0.0015239472057770875,2.3015872353599167e-06,0.0,20.0,0.05955392640007664,0.0
2021-08-17,162.09800720214844,-0.01728702615047184,2.5000000402094805e-06,0.0,20.0,0.07281625177089489,0.0
2021-08-18,160.06100463867188,-0.012566487390164305,2.182539670713361e-06,0.0,20.0,0.08514230734138037,0.0
2021-08-19,159.3874969482422,-0.0042078187123096855,1.7063492642981665e-06,0.0,20.0,0.09146062005531645,0.0
2021-08-20,159.99749755859375,0.003827154714335368,1.7063492642981665e-06,0.0,20.0,0.0795639237137572,0.0
2021-08-23,163.2935028076172,0.02060035500127988,1.5873015518226308e-06,0.0,20.0,0.04933114284314421,0.0
2021-08-24,165.28900146484375,0.012220318769066596,1.90476192131875e-06,0.0,20.0,0.04187749713185126,0.0
2021-08-25,164.95899963378906,-0.0019965141547840792,1.7857143566721944e-06,0.0,20.0,0.04476064599343439,0.0
2021-08-26,165.8000030517578,0.005098257262930783,1.7063492642981665e-06,0.0,20.0,0.04438734562686128,0.0
2021-08-27,167.48150634765625,0.01014175672465778,1.7063492642981665e-06,0.0,20.0,0.04380305908231339,0.0
2021-08-30,171.07850646972656,0.021476998866989616,1.5079364594485992e-06,0.0,20.0,0.04719116500034684,0.0
2021-08-31,173.5395050048828,0.01438520002272603,1.5873015518226308e-06,0.0,20.0,0.06106135290666978,0.0
2021-09-01,173.9499969482422,0.0023654092095504176,1.5873015518226308e-06,0.0,20.0,0.05460910739186824,0.0
2021-09-02,173.156005859375,-0.004564478889317991,1.5873015518226308e-06,0.0,20.0,0.04611085042659532,0.0
2021-09-03,173.90249633789062,0.004311086264728647,1.5873015518226308e-06,0.0,20.0,0.04995105438991824,0.0
2021-09-07,175.46449279785156,0.008982024369138308,1.3888888948020476e-06,0.0,20.0,0.05658913964292042,0.0
2021-09-08,176.27499389648438,0.004619174430729789,1.5873015518226308e-06,0.0,20.0,0.060800702489850096,0.0
2021-09-09,174.20799255371094,-0.011726004336084506,1.5079364594485992e-06,0.0,20.0,0.046721983814205226,0.0
2021-09-10,173.45750427246094,-0.004308001431212238,1.5079364594485992e-06,0.0,20.0,0.04849865414508673,0.0
2021-09-13,172.85850524902344,-0.0034532897607970625,1.5079364594485992e-06,0.0,20.0,0.051261182503859894,0.0
2021-09-14,172.5,-0.002073980962099431,1.3888888948020476e-06,0.0,20.0,0.05697540115953069,0.0
2021-09-15,173.7895050048828,0.007475391332653958,1.3888888948020476e-06,0.0,20.0,0.052597603789385924,0.0
2021-09-16,174.41200256347656,0.0035819053548502566,1.1904761638669722e-06,0.0,20.0,0.05413148731699418,0.0
2021-09-17,173.12600708007812,-0.007373319866162298,1.1111111454074327e-06,0.0,20.0,0.05271839633422342,0.0
2021-09-20,167.7864990234375,-0.03084174438431353,9.92063506846389e-07,0.0,20.0,0.05883324655912626,0.0
2021-09-21,167.18150329589844,-0.0036057473697842513,7.936507759113135e-07,0.0,20.0,0.06382498098754114,0.0
2021-09-22,169.00250244140625,0.01089234819407503,9.92063506846389e-07,0.0,20.0,0.050892532735582405,0.0
2021-09-23,170.8000030517578,0.01063594079605279,9.92063506846389e-07,0.0,20.0,0.0451979164791764,0.0
2021-09-24,171.2760009765625,0.0027868730462519142,9.92063506846389e-07,0.0,20.0,0.04809525842661387,0.0
2021-09-27,170.2899932861328,-0.005756835077931344,9.92063506846389e-07,0.0,20.0,0.05358480893083794,0.0
2021-09-28,165.79800415039062,-0.0263784679831095,1.1904761638669722e-06,0.0,20.0,0.06341150341758733,0.0
2021-09-29,165.05599975585938,-0.004475351789266391,1.1904761638669722e-06,0.0,20.0,0.0654865072513376,0.0
2021-09-30,164.2519989013672,-0.0048710792439015105,1.1111111454074327e-06,0.0,20.0,0.0705791030589322,0.0
2021-10-01,164.16299438476562,-0.0005418778291703674,1.1111111454074327e-06,0.0,20.0,0.07122919607404861,0.0
2021-10-04,159.48899841308594,-0.028471678341373097,1.1111111454074327e-06,0.0,20.0,0.09546437687531664,0.0
2021-10-05,161.0500030517578,0.00978753803838428,1.3888888948020476e-06,0.0,20.0,0.08024652259147345,0.0
2021-10-06,163.10049438476562,0.012732016728672857,1.5873015518226308e-06,0.0,20.0,0.06001807267090967,0.0
2021-10-07,165.1215057373047,0.012391203105561077,1.5873015518226308e-06,0.0,20.0,0.0512843504122399,0.0
2021-10-08,164.43099975585938,-0.004181805261295635,1.5873015518226308e-06,0.0,20.0,0.06034886218224578,0.0
2021-10-11,162.31500244140625,-0.01286860335091844,1.5873015518226308e-06,0.0,20.0,0.07272606040606594,0.0
2021-10-12,162.3665008544922,0.0003172745113595443,1.5873015518226308e-06,0.0,20.0,0.0738502994730579,0.0
2021-10-13,164.21400451660156,0.011378601203982708,1.7857143566721944e-06,0.0,20.0,0.059782890908097575,0.0
2021-10-14,164.9929962158203,0.004743759227551214,1.5873015518226308e-06,0.0,20.0,0.060422646433728064,0.0
2021-10-15,170.4510040283203,0.03308023939004423,1.5079364594485992e-06,0.0,20.0,0.04958917453635824,0.0
2021-10-18,172.33700561523438,0.011064772529006062,1.7063492642981665e-06,0.0,20.0,0.05509353496698402,0.0
2021-10-19,172.20750427246094,-0.0007514424560826072,1.984127013692778e-06,0.0,20.0,0.05177488951409047,0.0
2021-10-20,170.7530059814453,-0.008446195751808605,1.984127013692778e-06,0.0,20.0,0.04525480487996966,0.0
2021-10-21,171.75050354003906,0.005841756945129006,1.984127013692778e-06,0.0,20.0,0.04942621278813882,0.0
2021-10-22,166.77749633789062,-0.028954833317208384,1.984127013692778e-06,0.0,20.0,0.045799984669863986,0.0
2021-10-25,166.01849365234375,-0.004550989805058192,1.984127013692778e-06,0.0,20.0,0.049109880598803654,0.0
2021-10-26,168.80349731445312,0.01677526160393561,1.984127013692778e-06,0.0,20.0,0.04359675275848868,0.0
2021-10-27,169.62449645996094,0.004863638245470758,1.984127013692778e-06,0.0,20.0,0.047064215459601155,0.0
2021-10-28,172.32850646972656,0.01594115275917063,1.90476192131875e-06,0.0,20.0,0.04859939623340182,0.0
2021-10-29,168.6215057373047,-0.021511245053778105,1.90476192131875e-06,0.0,20.0,0.04100729785966364,0.0
2021-11-01,165.90550231933594,-0.01610709978002456,1.5873015518226308e-06,0.0,20.0,0.047787644602434426,0.0
2021-11-02,165.6374969482422,-0.0016154097805501921,1.7857143566721944e-06,0.0,20.0,0.049567611853177304,0.0
2021-11-03,169.1999969482422,0.021507811127532195,1.7857143566721944e-06,0.0,20.0,0.04045613943061457,0.0
2021-11-04,173.85000610351562,0.02748232410840923,1.3888888948020476e-06,0.0,20.0,0.04868492851861578,0.0
2021-11-05,175.94949340820312,0.01207642928374364,1.5873015518226308e-06,0.0,20.0,0.055715132106082664,0.0
2021-11-08,174.44900512695312,-0.008527948857282919,1.3888888948020476e-06,0.0,20.0,0.041467442404018603,0.0
2021-11-09,178.81149291992188,0.025007238016599764,1.5873015518226308e-06,0.0,20.0,0.06178555261781844,0.0
2021-11-10,174.1024932861328,-0.026334994227121156,1.7857143566721944e-06,0.0,20.0,0.03349100564332574,0.0
2021-11-11,173.625,-0.0027425987825921982,1.5873015518226308e-06,0.0,20.0,0.037899205209770956,0.0
2021-11-12,176.25750732421875,0.015162029225161966,1.7063492642981665e-06,0.0,20.0,0.03863300703488515,0.0
2021-11-15,177.28399658203125,0.0058238044631160335,1.5079364594485992e-06,0.0,20.0,0.04435529988921453,0.0
2021-11-16,177.03500366210938,-0.001404486161877938,1.5873015518226308e-06,0.0,20.0,0.045064389223365045,0.0
2021-11-17,177.4499969482422,0.0023441312596286235,1.7857143566721944e-06,0.0,20.0,0.05498824260430664,0.0
2021-11-18,184.8029937744141,0.04143700734081501,1.7857143566721944e-06,0.0,20.0,0.08811013910643001,0.0
2021-11-19,183.82850646972656,-0.005273114275827551,1.7857143566721944e-06,0.0,20.0,0.0755343675279359,0.0
2021-11-22,178.6284942626953,-0.02828730052206352,1.5873015518226308e-06,0.0,20.0,0.054714124087468945,0.0
2021-11-23,179.0019989013672,0.0020909577736383245,1.7857143566721944e-06,0.0,20.0,0.05026412000159482,0.0
2021-11-24,179.02049255371094,0.00010331533981333685,1.984127013692778e-06,0.0,20.0,0.047043086951216444,0.0
2021-11-26,175.22799682617188,-0.021184701669844985,1.7063492642981665e-06,0.0,20.0,0.058302443513835726,0.0
2021-11-29,178.07850646972656,0.016267432688752415,1.5079364594485992e-06,0.0,20.0,0.055591776973838894,0.0
2021-11-30,175.35350036621094,-0.015302274022490625,1.90476192131875e-06,0.0,20.0,0.06354464240343122,0.0
2021-12-01,172.18600463867188,-0.0180634873037836,1.984127013692778e-06,0.0,20.0,0.08214988205017223,0.0
2021-12-02,171.8679962158203,-0.0018468889124809706,1.7063492642981665e-06,0.0,20.0,0.08831432672054851,0.0
2021-12-03,169.489501953125,-0.013839076006382012,1.7063492642981665e-06,0.0,20.0,0.093566165356118,0.0
2021-12-06,171.36849975585938,0.011086219388703134,1.7063492642981665e-06,0.0,20.0,0.07476317622894957,0.0
2021-12-07,176.1645050048828,0.027986504263362688,2.3015872353599167e-06,0.0,20.0,0.05841413545861521,0.0
2021-12-08,176.1580047607422,-3.689871657430732e-05,2.3809523277339444e-06,0.0,20.0,0.0549240174976088,0.0
2021-12-09,174.17100524902344,-0.011279643604146683,2.103174578339333e-06,0.0,20.0,0.06859817988674904,0.0
2021-12-10,172.21200561523438,-0.011247564604614624,1.984127013692778e-06,0.0,20.0,0.07488275947242977,0.0
2021-12-13,169.5675048828125,-0.015356076499860039,1.7063492642981665e-06,0.0,20.0,0.08915373988038028,0.0
2021-12-14,169.0915069580078,-0.0028071293797337082,1.90476192131875e-06,0.0,20.0,0.07734572605268712,0.0
2021-12-15,173.31500244140625,0.024977573145925636,1.7857143566721944e-06,0.0,20.0,0.051456544020569324,0.0
2021-12-16,168.87100219726562,-0.025641174633125208,1.3888888948020476e-06,0.0,20.0,0.06825740118751719,0.0
2021-12-17,170.0175018310547,0.00678920370502567,1.1904761638669722e-06,0.0,20.0,0.054503893759063775,0.0
2021-12-20,167.07899475097656,-0.017283556389377508,1.5079364594485992e-06,0.0,20.0,0.06291284460957693,0.0
2021-12-21,170.41700744628906,0.019978649621920752,2.5793649847545313e-06,0.0,20.0,0.044893608363213086,0.0
2021-12-22,171.03700256347656,0.0036381058820253998,2.5793649847545313e-06,0.0,20.0,0.04324039488973755,0.0
2021-12-23,171.06849670410156,0.0001841364158221559,2.3015872353599167e-06,0.0,20.0,0.043998967906472,0.0
2021-12-27,169.66949462890625,-0.008178022851368039,1.7063492642981665e-06,0.0,20.0,0.049358165061380674,0.0
2021-12-28,170.66099548339844,0.005843719029521299,1.984127013692778e-06,0.0,20.0,0.04784272472212108,0.0
2021-12-29,169.2010040283203,-0.0085549217086347,1.7857143566721944e-06,0.0,20.0,0.05514467963829431,0.0
2021-12-30,168.64450073242188,-0.0032890070546229833,9.92063506846389e-07,0.0,20.0,0.06526901024606348,0.0
2021-12-31,166.7169952392578,-0.011429400216389607,1.309523802428016e-06,0.0,20.0,0.0797105361547851,0.0
2022-01-03,170.4044952392578,0.022118320898886212,2.103174578339333e-06,0.0,20.0,0.0523036719194488,0.0
2022-01-04,167.52200317382812,-0.016915587005979504,3.1746031036452616e-06,0.0,20.0,0.06220972980408858,0.0
2022-01-05,164.35699462890625,-0.018893091563845,3.3730159084948255e-06,0.0,20.0,0.08246340076409792,0.0
2022-01-06,163.25399780273438,-0.006710981961323137,3.571428713344389e-06,0.0,20.0,0.08479125225469518,0.0
2022-01-07,162.5540008544922,-0.004287778294336242,3.492063473141381e-06,0.0,20.0,0.09246226249375109,0.0
2022-01-10,161.48599243164062,-0.006570176170610398,3.571428713344389e-06,0.0,20.0,0.08545147687783658,0.0
2022-01-11,165.36199951171875,0.024002125643924677,4.682539710922846e-06,0.0,20.0,0.05885284928606926,0.0
2022-01-12,165.20700073242188,-0.0009373300985386912,4.563492146276289e-06,0.0,20.0,0.06310622092337007,0.0
2022-01-13,161.21400451660156,-0.024169655027437842,4.365079341426725e-06,0.0,20.0,0.08344094342324022,0.0
2022-01-14,162.13800048828125,0.005731487003565627,4.682539710922846e-06,0.0,20.0,0.06823660061636529,0.0
2022-01-18,158.91749572753906,-0.019862738846190164,5.158729969509063e-06,0.0,20.0,0.0805859857784687,0.0
2022-01-19,156.2989959716797,-0.016477101806013472,6.547619307798051e-06,0.0,20.0,0.09754405813144189,0.0
2022-01-20,151.66749572753906,-0.02963230963415675,6.666666576786647e-06,0.0,20.0,0.1252613280271001,0.0
2022-01-21,142.64300537109375,-0.05950180896147472,6.2698415584034366e-06,0.0,20.0,0.17899826122174728,0.0
2022-01-24,144.54400634765625,0.01332698348311534,6.150793698098924e-06,0.0,20.0,0.14608943292795876,0.0
2022-01-25,139.98599243164062,-0.031533745543573244,7.3412699358803885e-06,0.0,20.0,0.16809214021537514,0.0
2022-01-26,138.87249755859375,-0.007954330670553511,7.063492186485774e-06,0.0,20.0,0.16904728793311882,0.0
2022-01-27,139.6374969482422,0.005508645722495764,7.3412699358803885e-06,0.0,20.0,0.15771352557081691,0.0
2022-01-28,143.97799682617188,0.031084056738273746,6.86507908597825e-06,0.0,20.0,0.11344374415161113,0.0
2022-01-31,149.57350158691406,0.03886361030218932,6.86507908597825e-06,0.0,20.0,0.07706513169195521,0.0
2022-02-01,151.19349670410156,0.010830762802234384,8.055555323759714e-06,0.0,20.0,0.06654961603868867,0.0
2022-02-02,150.6125030517578,-0.0038427158906232384,7.3412699358803885e-06,0.0,20.0,0.06982427388428575,0.0
2022-02-03,138.8455047607422,-0.0781276325178123,7.658730305376503e-06,0.0,20.0,0.14112737408062354,0.0
2022-02-04,157.63949584960938,0.13535901735711864,8.849206543157968e-06,0.0,20.0,0.11486239188608599,0.0
2022-02-07,157.9355010986328,0.0018777353189827206,8.055555323759714e-06,0.0,20.0,0.10885794726684524,0.0
2022-02-08,161.4134979248047,0.022021627828944013,1.0912698649224782e-05,0.0,20.0,0.11272903151865853,0.0
2022-02-09,161.1894989013672,-0.0013877341505965646,1.0714286140033176e-05,0.0,20.0,0.09744698510438073,0.0
2022-02-10,159.0034942626953,-0.013561706274733853,1.4682539871760777e-05,0.0,20.0,0.07540034032860032,0.0
2022-02-11,153.2935028076172,-0.03591110674363196,1.34126983937763e-05,0.0,20.0,0.077638158320466,0.0
2022-02-14,155.16700744628906,0.012221683270054351,1.4285714853377567e-05,0.0,20.0,0.06919793898025715,0.0
2022-02-15,156.510498046875,0.008658352201907249,1.5873016109542244e-05,0.0,20.0,0.06248029051588522,0.0
2022-02-16,158.10049438476562,0.010159039538768955,1.480158714074937e-05,0.0,20.0,0.0532514334386749,0.0
2022-02-17,154.65249633789062,-0.021808901106176726,1.3690476143170916e-05,0.0,20.0,0.061248549029756,0.0
2022-02-18,152.60150146484375,-0.013261957754408193,1.2619047174378047e-05,0.0,20.0,0.06778402340390403,0.0
2022-02-22,150.19749450683594,-0.015753494788264932,1.3095238615596102e-05,0.0,20.0,0.07790415070874632,0.0
2022-02-23,144.82699584960938,-0.03575624663287669,1.3492063633979314e-05,0.0,20.0,0.11375709015728885,0.0
2022-02-24,151.35800170898438,0.04509522427819257,1.1230158427404976e-05,0.0,20.0,0.06563106715861404,0.0
2022-02-25,153.7884979248047,0.01605793012842116,1.1825397137611633e-05,0.0,20.0,0.049775536117270765,0.0
2022-02-28,153.56300354003906,-0.0014662630028149382,1.1428570936596582e-05,0.0,20.0,0.04678080009007496,0.0
2022-03-01,151.14199829101562,-0.015765550251120253,1.2420634665186441e-05,0.0,20.0,0.054666119114944074,0.0
2022-03-02,152.05250549316406,0.0060241839623909055,1.2896824923772657e-05,0.0,20.0,0.04671776643039692,0.0
2022-03-03,147.89849853515625,-0.027319556126581324,1.3293651124787706e-05,0.0,20.0,0.06810743661792171,0.0
2022-03-04,145.64100646972656,-0.0152637929917393,1.2103174887006245e-05,0.0,20.0,0.07980922066007383,0.0
2022-03-07,137.4530029296875,-0.05622045424233624,1.2103174887006245e-05,0.0,20.0,0.13828738890336414,0.0
2022-03-08,136.01449584960938,-0.010465446730283379,1.4285714853377567e-05,0.0,20.0,0.14206019122146793,0.0
2022-03-09,139.2790069580078,0.024001199930983708,1.4682539871760777e-05,0.0,20.0,0.10587823248790036,0.0
2022-03-10,146.8175048828125,0.05412515560997311,1.4285714853377567e-05,0.0,20.0,0.0624951262492579,0.0
2022-03-11,145.52450561523438,-0.008806846762653975,1.4484127362569171e-05,0.0,20.0,0.07331738436921095,0.0
2022-03-14,141.85299682617188,-0.025229488143872714,1.4999999649940975e-05,0.0,20.0,0.09456385213050117,0.0
2022-03-15,147.3665008544922,0.038867730338306705,1.777777832651895e-05,0.0,20.0,0.06383780100040054,0.0
2022-03-16,153.10400390625,0.038933563723705156,1.7182539616312296e-05,0.0,20.0,0.06324675265793263,0.0
2022-03-17,157.23899841308594,0.027007748989816838,1.4285714853377567e-05,0.0,20.0,0.08110994861912374,0.0
2022-03-18,161.25050354003906,0.025512151358369817,1.5198412159132579e-05,0.0,20.0,0.1124945585588908,0.0
2022-03-21,161.4915008544922,0.0014945523217748669,1.8055556075913563e-05,0.0,20.0,0.09456895293184846,0.0
2022-03-22,164.88900756835938,0.02103830044237709,2.0634919878036257e-05,0.0,20.0,0.12108919132680103,0.0
2022-03-23,163.4080047607422,-0.008981816492546923,1.9047618621871583e-05,0.0,20.0,0.0759780624646745,0.0
2022-03-24,163.64950561523438,0.0014779010051912955,1.916666707349202e-05,0.0,20.0,0.06688058288217712,0.0
2022-03-25,164.77349853515625,0.006868294014676479,2.0634919878036257e-05,0.0,20.0,0.06940211970996693,0.0
2022-03-28,168.99049377441406,0.025592678900108856,2.015873080208188e-05,0.0,20.0,0.11513504142376735,0.0
2022-03-29,169.31500244140625,0.00192027764251268,2.2023809807641167e-05,0.0,20.0,0.09904781866630996,0.0
2022-03-30,166.30099487304688,-0.01780118433038691,2.083333238722786e-05,0.0,20.0,0.044434624078646276,0.0
2022-03-31,162.99749755859375,-0.019864567358571672,1.9563492091875226e-05,0.0,20.0,0.02061819814308035,0.0
2022-04-01,163.55999755859375,0.003450973226124532,1.984126984126984e-05,0.0,20.0,0.023098604044894073,0.0
2022-04-04,168.34649658203125,0.029264484561530857,2.1349205857231504e-05,0.0,20.0,0.04698469357694589,0.0
2022-04-05,164.05499267578125,-0.025492089193307588,2.650793582674057e-05,0.0,20.0,0.02009865986064384,0.0
2022-04-06,158.75599670410156,-0.032300120131985244,2.6309523317548965e-05,0.0,20.0,0.02992718829085869,0.0
2022-04-07,157.7845001220703,-0.0061194323502751224,2.619047723119221e-05,0.0,20.0,0.03227786810099721,0.0
2022-04-08,154.4604949951172,-0.021066740550443774,2.650793582674057e-05,0.0,20.0,0.05385031030729171,0.0
2022-04-11,151.1219940185547,-0.021613947156313595,2.6984127267958627e-05,0.0,20.0,0.0766017838293895,0.0
2022-04-12,150.78750610351562,-0.002213363562407644,2.9285713320686706e-05,0.0,20.0,0.08033931601348043,0.0
2022-04-13,155.54100036621094,0.03152445706895657,2.9365079743521554e-05,0.0,20.0,0.038663735446221474,0.0
2022-04-14,151.7064971923828,-0.024652684274885983,2.9682540704333593e-05,0.0,20.0,0.06488344185436616,0.0
2022-04-18,152.78500366210938,0.007109164667870926,2.9960317271096366e-05,0.0,20.0,0.050207319526245894,0.0
2022-04-19,158.11549377441406,0.03488883060861969,3.3055555725854536e-05,0.0,20.0,0.02575468459374982,0.0
2022-04-20,153.9980010986328,-0.026041044919075107,3.154761970989288e-05,0.0,20.0,0.04197209203077386,0.0
2022-04-21,148.29600524902344,-0.037026427673936824,3.174603221908449e-05,0.0,20.0,0.07954746488157609,0.0
2022-04-22,144.35000610351562,-0.026608937569704394,3.0952379817054386e-05,0.0,20.0,0.10755990491844734,0.0
2022-04-25,146.07400512695312,0.011943186356370372,3.166666579624963e-05,0.0,20.0,0.07777671849112057,0.0
2022-04-26,139.39100646972656,-0.0457507730510871,3.3055555725854536e-05,0.0,20.0,0.12646516896804064,0.0
2022-04-27,138.16700744628906,-0.008781047317448887,3.206349317989652e-05,0.0,20.0,0.127475523431064,0.0
2022-04-28,144.59649658203125,0.04653418536434306,3.115079469150967e-05,0.0,20.0,0.06928637261463629,0.0
2022-04-29,124.28150177001952,-0.14049437774923412,3.206349317989652e-05,0.0,20.0,0.2129757141758633,0.0
2022-05-02,124.5,0.0017580913238786078,3.0357142289479574e-05,0.0,20.0,0.1924787218611641,0.0
2022-05-03,124.25350189208984,-0.0019799044812061073,3.551587225898864e-05,0.0,20.0,0.18170621075251922,0.0
2022-05-04,125.92849731445312,0.01348046853293483,3.3055555725854536e-05,0.0,20.0,0.15488736885137272,0.0
2022-05-05,116.40699768066406,-0.07561036490424522,3.186507830544124e-05,0.0,20.0,0.21446771055273933,0.0
2022-05-06,114.77249908447266,-0.014041240035030156,3.2341269746659296e-05,0.0,20.0,0.21472721509392284,0.0
2022-05-09,108.78900146484376,-0.05213354825727923,3.174603221908449e-05,0.0,20.0,0.24253720938371143,0.0
2022-05-10,108.85900115966795,0.0006434445934941913,3.4841270673842654e-05,0.0,20.0,0.2279193137655341,0.0
2022-05-11,105.37200164794922,-0.03203225709010693,3.503968318303426e-05,0.0,20.0,0.24008362112299703,0.0
2022-05-12,106.93049621582033,0.014790404884573505,3.5912697277371846e-05,0.0,20.0,0.21705637925947163,0.0
2022-05-13,113.05500030517578,0.05727556035084902,3.742063565859719e-05,0.0,20.0,0.1645918086720127,0.0
2022-05-16,110.8105010986328,-0.01985316173972207,3.8888889645773273e-05,0.0,20.0,0.1754505427128456,0.0
2022-05-17,115.36849975585938,0.04113327357999652,4.119047569850135e-05,0.0,20.0,0.1397007716389199,0.0
2022-05-18,107.1125030517578,-0.07156196640827228,3.980158813416012e-05,0.0,20.0,0.1892408959902453,0.0
2022-05-19,107.31900024414062,0.0019278532990965047,3.968253968253968e-05,0.0,20.0,0.18080530269549752,0.0
2022-05-20,107.59100341796876,0.0025345295167618076,3.880952322293841e-05,0.0,20.0,0.17199678397493026,0.0
2022-05-23,107.55699920654295,-0.00031605069518414464,3.940476075051322e-05,0.0,20.0,0.1662729373223772,0.0
2022-05-24,104.0999984741211,-0.03214110432537587,4.1388888207692946e-05,0.0,20.0,0.1839045444843448,0.0
2022-05-25,106.7750015258789,0.025696475417555487,4.1468252265264115e-05,0.0,20.0,0.1592512687427837,0.0
2022-05-26,111.07749938964844,0.04029499229486544,4.079365068011814e-05,0.0,20.0,0.13299253318707693,0.0
2022-05-27,115.14649963378906,0.036632083603781895,4.06746022284977e-05,0.0,20.0,0.12139679291390292,0.0
2022-05-31,120.20950317382812,0.04397010379074828,4.0873014737689306e-05,0.0,20.0,0.13069355438855712,0.0
2022-06-01,121.68399810791016,0.012266042992872705,4.376984304851956e-05,0.0,20.0,0.1287616839121911,0.0
2022-06-02,125.51100158691406,0.03145034300738625,4.4166668066902766e-05,0.0,20.0,0.1483934403095652,0.0
2022-06-03,122.3499984741211,-0.025185068024527135,4.503968216124035e-05,0.0,20.0,0.10768924294440371,0.0
2022-06-06,124.79000091552734,0.01994280728922404,4.6031744707198374e-05,0.0,20.0,0.11482884465441791,0.0
2022-06-07,123.0,-0.014344105316090427,4.861111205721658e-05,0.0,20.0,0.0933504030395162,0.0
2022-06-08,121.18000030517578,-0.014796745486375773,4.892857301802862e-05,0.0,20.0,0.08513523621567809,0.0
2022-06-09,116.1500015258789,-0.04150848957443054,4.9126985527220226e-05,0.0,20.0,0.10345501587074521,0.0
2022-06-10,109.6500015258789,-0.05596211721574329,5.111111061913627e-05,0.0,20.0,0.14860275279511445,0.0
2022-06-13,103.66999816894533,-0.05453719355874531,5.944444546623834e-05,0.0,20.0,0.18863564238165167,0.0
2022-06-14,102.30999755859376,-0.013118555361940287,6.916666787768166e-05,0.0,20.0,0.19090242387529935,0.0
2022-06-15,107.66999816894533,0.052389802934770247,6.72619068433368e-05,0.0,20.0,0.14010119679137428,0.0
2022-06-16,103.66000366210938,-0.037243378610853695,5.884920793866354e-05,0.0,20.0,0.1635320110014835,0.0
2022-06-17,106.22000122070312,0.02469609751257895,5.992063454219273e-05,0.0,20.0,0.13627591039583303,0.0
2022-06-21,108.68000030517578,0.023159471438541024,5.904762044785515e-05,0.0,20.0,0.11632540936233403,0.0
2022-06-22,108.9499969482422,0.0024843268523027096,6.130952210653396e-05,0.0,20.0,0.11218183372116838,0.0
2022-06-23,112.44000244140624,0.032033093996523876,6.190475963410877e-05,0.0,20.0,0.09701692586055595,0.0
2022-06-24,116.45999908447266,0.03575237064906056,6.341270038059779e-05,0.0,20.0,0.09875611181586899,0.0
2022-06-27,113.22000122070312,-0.027820692849391482,6.480158794493902e-05,0.0,20.0,0.0896900948525965,0.0
2022-06-28,107.4000015258789,-0.05140434227234392,6.896825536849007e-05,0.0,20.0,0.11801401721143052,0.0
2022-06-29,108.91999816894533,0.014152668728781848,6.765873186172e-05,0.0,20.0,0.10518043531266168,0.0
2022-06-30,106.20999908447266,-0.024880638358708018,6.349206443816897e-05,0.0,20.0,0.11967504504228829,0.0
2022-07-01,109.55999755859376,0.03154127203651269,6.36111128897894e-05,0.0,20.0,0.09594680168512083,0.0
2022-07-05,113.5,0.035962053023039564,6.468253949331859e-05,0.0,20.0,0.0874022827870208,0.0
2022-07-06,114.33000183105467,0.007312791463036872,7.301587434042068e-05,0.0,20.0,0.08371012316667242,0.0
2022-07-07,116.33000183105467,0.01749322109655349,7.353174781042433e-05,0.0,20.0,0.08481589211898852,0.0
2022-07-08,115.54000091552734,-0.006791033294013427,7.313492279204111e-05,0.0,20.0,0.0760739730090753,0.0
2022-07-11,111.75,-0.03280250030721621,7.749999799425638e-05,0.0,20.0,0.07710307674450477,0.0
2022-07-12,109.22000122070312,-0.022639810105564928,8.384920301891509e-05,0.0,20.0,0.08866952869009045,0.0
2022-07-13,110.4000015258789,0.010803884746268588,9.218253786601717e-05,0.0,20.0,0.07947170994947061,0.0
2022-07-14,110.62999725341795,0.002083294604711794,9.019841277410113e-05,0.0,20.0,0.07828749500215436,0.0
2022-07-15,113.5500030517578,0.02639434033114041,8.888888926733108e-05,0.0,20.0,0.06766836963497214,0.0
2022-07-18,113.76000213623048,0.0018493974357443044,8.96825393040975e-05,0.0,20.0,0.06485296234732478,0.0
2022-07-19,118.20999908447266,0.03911741266419089,9.722222411443316e-05,0.0,20.0,0.07406986106945272,0.0
2022-07-20,122.7699966430664,0.03857539627705431,9.436508019765218e-05,0.0,20.0,0.1120150752034048,0.0
2022-07-21,124.62999725341795,0.01515028639903937,9.365078948792958e-05,0.0,20.0,0.12437003039726136,0.0
2022-07-22,122.41999816894533,-0.01773248120979176,9.345238170926534e-05,0.0,20.0,0.07244992179034544,0.0
2022-07-25,121.13999938964844,-0.010455798059483934,9.496031299469963e-05,0.0,20.0,0.050533976464740726,0.0
2022-07-26,114.80999755859376,-0.052253606265046604,9.821428192986383e-05,0.0,20.0,0.055926188269880266,0.0
2022-07-27,120.97000122070312,0.05365389594199388,9.456348797631641e-05,0.0,20.0,0.05041353978709183,0.0
2022-07-28,122.27999877929688,0.010829110898360028,9.158730506896972e-05,0.0,20.0,0.05592211066068069,0.0
2022-07-29,134.9499969482422,0.10361464095050721,9.119048005058652e-05,0.0,20.0,0.27792435013114186,0.0
2022-08-01,135.38999938964844,0.0032604850044939404,8.988095654381647e-05,0.0,20.0,0.24820809829652996,0.0
2022-08-02,134.16000366210938,-0.009084834427092181,9.773809758443683e-05,0.0,20.0,0.18077895394636329,0.0
2022-08-03,139.52000427246094,0.039952299225118226,9.634920528956822e-05,0.0,20.0,0.271709023093598,0.0
2022-08-04,142.57000732421875,0.021860686341448332,9.436508019765218e-05,0.0,20.0,0.30347805932895494,0.0
2022-08-05,140.8000030517578,-0.012414983387324718,9.563492404090033e-05,0.0,20.0,0.21809468023931924,0.0
2022-08-08,139.41000366210938,-0.009872154542052702,9.761904913281637e-05,0.0,20.0,0.15194164108066352,0.0
2022-08-09,137.8300018310547,-0.011333489631663474,0.00010198412433503166,0.0,20.0,0.09580767942330425,0.0
2022-08-10,142.69000244140625,0.0352608325167747,0.0001005952415012178,0.0,20.0,0.17954697097167957,0.0
2022-08-11,140.63999938964844,-0.014366830308238487,9.880952418796599e-05,0.0,20.0,0.11278897636980642,0.0
2022-08-12,143.5500030517578,0.020691152408548463,9.92063492063492e-05,0.0,20.0,0.14886678116188237,0.0
2022-08-15,143.17999267578125,-0.0025775713556979163,9.972222267635285e-05,0.0,20.0,0.11774874688630718,0.0
2022-08-16,144.77999877929688,0.0111747882760318,0.00010309524006313749,0.0,20.0,0.13162080969312268,0.0
2022-08-17,142.10000610351562,-0.01851079360669594,0.00010190476500798786,0.0,20.0,0.06821842828240227,0.0
2022-08-18,142.3000030517578,0.0014074379989574837,0.00010178571655636741,0.0,20.0,0.06601758982210258,0.0
2022-08-19,138.22999572753906,-0.02860159688639219,0.00010238094935341486,0.0,20.0,0.02838393650953656,0.0
2022-08-22,133.22000122070312,-0.036243902638259384,0.00010507936515505352,0.0,20.0,0.04003225061067625,0.0
2022-08-23,133.6199951171875,0.003002506326521548,0.00010726190748668851,0.0,20.0,0.03591823625959122,0.0
2022-08-24,133.8000030517578,0.001347163157822573,0.00010765873250507174,0.0,20.0,0.03231161273524303,0.0
2022-08-25,137.27999877929688,0.026008936084948253,0.00010833333409021771,0.0,20.0,0.0243991169956296,0.0
2022-08-26,130.75,-0.04756700784791723,0.0001093254013667031,0.0,20.0,0.04765441676757232,0.0
2022-08-29,129.7899932861328,-0.007342307563037775,0.00011103174989185636,0.0,20.0,0.05048110927937693,0.0
2022-08-30,128.72999572753906,-0.008167020675137082,0.00011400793279920305,0.0,20.0,0.05424514807067977,0.0
2022-08-31,126.7699966430664,-0.015225659516225343,0.00011349205932919941,0.0,20.0,0.07181169782623306,0.0
2022-09-01,127.81999969482422,0.008282741023605045,0.00011361110778081984,0.0,20.0,0.047820482166303316,0.0
2022-09-02,127.51000213623048,-0.002425266463259801,0.00011190475925566658,0.0,20.0,0.0497875483245102,0.0
2022-09-06,126.11000061035156,-0.010979542799969266,0.00011289682653215195,0.0,20.0,0.058368014564391786,0.0
2022-09-07,129.47999572753906,0.026722663554652915,0.00011638889237055703,0.0,20.0,0.026035593567318962,0.0
2022-09-08,129.82000732421875,0.0026259778181887405,0.00011706349395570301,0.0,20.0,0.02193354259442839,0.0
2022-09-09,133.27000427246094,0.02657523304266962,0.00011777777520437089,0.0,20.0,0.019607663098219985,0.0
2022-09-12,136.4499969482422,0.023861278411006825,0.00011884920180790008,0.0,20.0,0.040423438311366584,0.0
2022-09-13,126.81999969482422,-0.0705752837581286,0.00012511905223604232,0.0,20.0,0.0445181429563133,0.0
2022-09-14,128.5500030517578,0.01364140798846103,0.00012412698495955693,0.0,20.0,0.033592047391254806,0.0
2022-09-15,126.27999877929688,-0.0176585314552421,0.00012281746145278687,0.0,20.0,0.042391572770760895,0.0
2022-09-16,123.52999877929688,-0.021777003694830932,0.00012182539417630151,0.0,20.0,0.06236652305129251,0.0
2022-09-19,124.66000366210938,0.009147615105472573,0.00012043651134248764,0.0,20.0,0.05217200217260745,0.0
2022-09-20,122.19000244140624,-0.019813903001303257,0.00012869047740149119,0.0,20.0,0.06513157537688366,0.0
2022-09-21,118.54000091552734,-0.02987152347123634,0.00012658730385795472,0.0,20.0,0.09142860262102113,0.0
2022-09-22,117.30999755859376,-0.010376272544574183,0.00012420635374765549,0.0,20.0,0.09550060924890728,0.0
2022-09-23,113.77999877929688,-0.0300912015408894,0.00012333333492279053,0.0,20.0,0.12198155578431615,0.0
2022-09-26,115.1500015258789,0.012040804722097675,0.00012559523658146936,0.0,20.0,0.09677386285298896,0.0
2022-09-27,114.41000366210938,-0.006426381710496365,0.00012896825396825398,0.0,20.0,0.09807000312920015,0.0
2022-09-28,118.01000213623048,0.0314657666190894,0.00012817460393148755,0.0,20.0,0.05675088975326526,0.0
2022-09-29,114.8000030517578,-0.027201076403397306,0.00012769841012500582,0.0,20.0,0.0815500714283795,0.0
2022-09-30,113.0,-0.015679468675155572,0.00012619047883957152,0.0,20.0,0.09505508137406447,0.0
2022-10-03,115.87999725341795,0.02548670135768094,0.00012500000378442192,0.0,20.0,0.06226033090262439,0.0
2022-10-04,121.08999633789062,0.04496029692750958,0.00013154762131827217,0.0,20.0,0.03603982176856141,0.0
2022-10-05,120.9499969482422,-0.001156159830559167,0.00013067460249340722,0.0,20.0,0.03457526770171561,0.0
2022-10-06,120.3000030517578,-0.005374071210291542,0.000130476194714743,0.0,20.0,0.0361674862686251,0.0
2022-10-07,114.55999755859376,-0.04771409266460669,0.00013067460249340722,0.0,20.0,0.07419334590164142,0.0
2022-10-10,113.66999816894533,-0.007768849586377025,0.00013035714626312257,0.0,20.0,0.07951548635803483,0.0
2022-10-11,112.20999908447266,-0.01284419027000161,0.00013253967913370285,0.0,20.0,0.08954626548645375,0.0
2022-10-12,112.9000015258789,0.006149206372302096,0.00014019841239565892,0.0,20.0,0.07647495033922996,0.0
2022-10-13,112.52999877929688,-0.00327726077574253,0.00014218253748757498,0.0,20.0,0.07572016672493799,0.0
2022-10-14,106.9000015258789,-0.05003107895219994,0.0001439682548008268,0.0,20.0,0.12546719082602792,0.0
2022-10-17,113.79000091552734,0.06445275295885255,0.00014634920491112604,0.0,20.0,0.06009738364580003,0.0
2022-10-18,116.36000061035156,0.022585461588422673,0.00015210317240820992,0.0,20.0,0.047854959646096595,0.0
2022-10-19,115.06999969482422,-0.01108629175628062,0.00015448412251850918,0.0,20.0,0.05099716346914602,0.0
2022-10-20,115.25,0.0015642678860967596,0.00015436508352794344,0.0,20.0,0.048757015556453176,0.0
2022-10-21,119.31999969482422,0.03531453097461368,0.00015416666628822448,0.0,20.0,0.04229067239492286,0.0
2022-10-24,119.81999969482422,0.004190412347291339,0.0001552777820163303,0.0,20.0,0.040892736690756326,0.0
2022-10-25,120.5999984741211,0.006509754475742646,0.00015734126643529017,0.0,20.0,0.04083217674119931,0.0
2022-10-26,115.66000366210938,-0.040961814879887926,0.00015595238360147627,0.0,20.0,0.044415323273636266,0.0
2022-10-27,110.95999908447266,-0.04063638620803933,0.00015595238360147627,0.0,20.0,0.07988687866412798,0.0
2022-10-28,103.41000366210938,-0.06804249715805744,0.0001575396836750091,0.0,20.0,0.1539739705463844,0.0
2022-10-31,102.44000244140624,-0.009380148789788323,0.00015773809145367334,0.0,20.0,0.15423481499918187,0.0
2022-11-01,96.79000091552734,-0.05515425020719411,0.0001607142932831295,0.0,20.0,0.19909742171027617,0.0
2022-11-02,92.12000274658205,-0.04824876665742572,0.0001597222260066441,0.0,20.0,0.22831429269000933,0.0
2022-11-03,89.30000305175781,-0.030612240672440283,0.0001597222260066441,0.0,20.0,0.24026801017578375,0.0
2022-11-04,90.9800033569336,0.01881299269611514,0.0001592460322001624,0.0,20.0,0.2095889349480431,0.0
2022-11-07,90.52999877929688,-0.00494619214148917,0.00015805555714501273,0.0,20.0,0.20270581695428047,0.0
2022-11-08,89.9800033569336,-0.006075283660437414,0.00016230159335666234,0.0,20.0,0.19838156612003832,0.0
2022-11-09,86.13999938964844,-0.042676192754212194,0.00016242063234722803,0.0,20.0,0.22230293199448367,0.0
2022-11-10,96.62999725341795,0.12177847617944271,0.000160912691600739,0.0,20.0,0.13721628147184603,0.0
2022-11-11,100.79000091552734,0.04305085149903842,0.00016123016675313314,0.0,20.0,0.1189536201113483,0.0
2022-11-14,98.48999786376952,-0.022819754250081536,0.00016142856507074264,0.0,20.0,0.12108770926465336,0.0
2022-11-15,98.94000244140624,0.004569038353104293,0.00016388889343019517,0.0,20.0,0.11463488989572916,0.0
2022-11-16,97.12000274658205,-0.018394983322362668,0.0001636904761904762,0.0,20.0,0.11951047290445944,0.0
2022-11-17,94.8499984741211,-0.023373189953300733,0.00016321428238399446,0.0,20.0,0.1330241159011697,0.0
2022-11-18,94.13999938964844,-0.007485493894513584,0.00016408731066991413,0.0,20.0,0.13536961147904691,0.0
2022-11-21,92.45999908447266,-0.017845764989037338,0.00016261904958694698,0.0,20.0,0.1459495989316099,0.0
2022-11-22,93.1999969482422,0.008003437930963697,0.00016658729977077908,0.0,20.0,0.13002663721726626,0.0
2022-11-23,94.12999725341795,0.009978544373689502,0.0001666666590978229,0.0,20.0,0.11663647309329424,0.0
2022-11-25,93.41000366210938,-0.007648928209040617,0.00016567461074344696,0.0,20.0,0.11873874203890197,0.0
2022-11-28,93.9499969482422,0.00578089353348199,0.00016599206697373163,0.0,20.0,0.1121007894492229,0.0
2022-11-29,92.41999816894533,-0.016285245651894598,0.00016876983264135935,0.0,20.0,0.12221811064032267,0.0
2022-11-30,96.54000091552734,0.04457912603558567,0.00016876983264135935,0.0,20.0,0.09423455606728884,0.0
2022-12-01,95.5,-0.010772746070691896,0.00016638888253106012,0.0,20.0,0.09816910405156325,0.0
2022-12-02,94.12999725341795,-0.014345578498241363,0.00016698413425021702,0.0,20.0,0.10700837944710245,0.0
2022-12-05,91.01000213623048,-0.03314559872755318,0.00016499999969724625,0.0,20.0,0.1320931013802821,0.0
2022-12-06,88.25,-0.03032636052572668,0.0001674603091345893,0.0,20.0,0.1556743948785389,0.0
2022-12-07,88.45999908447266,0.0023795930251859776,0.00016599206697373163,0.0,20.0,0.1464213053625053,0.0
2022-12-08,90.3499984741211,0.021365582288144003,0.00016468254346696157,0.0,20.0,0.12144671751114426,0.0
2022-12-09,89.08999633789062,-0.01394579034322141,0.0001655952324942937,0.0,20.0,0.12923010949024474,0.0
2022-12-12,90.5500030517578,0.01638799835988114,0.0001653968341766842,0.0,20.0,0.10914002525857569,0.0
2022-12-13,92.48999786376952,0.02142456926150338,0.00016857143432374985,0.0,20.0,0.0963219532781395,0.0
2022-12-14,91.58000183105467,-0.009838858835905628,0.0001674603091345893,0.0,20.0,0.09949187408546879,0.0
2022-12-15,88.44999694824219,-0.03417782070573294,0.00016718253256782652,0.0,20.0,0.12210473270157897,0.0
2022-12-16,87.86000061035156,-0.006670394101153776,0.00016519841693696523,0.0,20.0,0.12871535954042568,0.0
2022-12-19,84.91999816894531,-0.033462353983410575,0.00016519841693696523,0.0,20.0,0.15452102765342648,0.0
2022-12-20,85.19000244140625,0.0031795134041781026,0.00016785714361402723,0.0,20.0,0.14476399914413907,0.0
2022-12-21,86.7699966430664,0.018546709195681466,0.00016686507633754187,0.0,20.0,0.12264592963609534,0.0
2022-12-22,83.79000091552734,-0.034343619255829294,0.00016698413425021702,0.0,20.0,0.14649174518943814,0.0
2022-12-23,85.25,0.01742450254827599,0.00016638888253106012,0.0,20.0,0.12549280897533763,0.0
2022-12-27,83.04000091552734,-0.025923742926365456,0.00016646826078021336,0.0,20.0,0.1447748023594369,0.0
2022-12-28,81.81999969482422,-0.01469172937442731,0.00017214285002814398,0.0,20.0,0.15510744512883007,0.0
2022-12-29,84.18000030517578,0.02884381103830358,0.00017043651096404543,0.0,20.0,0.12591289408975206,0.0
2022-12-30,84.0,-0.002138278742257471,0.00016904762813023158,0.0,20.0,0.12247495767260577,0.0
2023-01-03,85.81999969482422,0.021666663033621747,0.00016884921089051262,0.0,20.0,0.10112956218661674,0.0
2023-01-04,85.13999938964844,-0.007923564525679994,0.0001746031783875965,0.0,20.0,0.10468033433353253,0.0
2023-01-05,83.12000274658203,-0.023725589118479662,0.00017849206924438476,0.0,20.0,0.12119343253133574,0.0
2023-01-06,86.08000183105469,0.035611152390083056,0.00017829365200466577,0.0,20.0,0.09595591646955699,0.0
2023-01-09,87.36000061035156,0.01486987397850048,0.00017789681752522789,0.0,20.0,0.09156995149058175,0.0
2023-01-10,89.87000274658203,0.028731709234134817,0.0001811507959214468,0.0,20.0,0.08653034213175258,0.0
2023-01-11,95.08999633789062,0.058083825879343465,0.00018075396144200885,0.0,20.0,0.12921901938084604,0.0
2023-01-12,95.2699966430664,0.0018929468094222024,0.00017757936129494318,0.0,20.0,0.11337041848784508,0.0
2023-01-13,98.12000274658205,0.029915043601747238,0.00017809523476494682,0.0,20.0,0.14482775841173992,0.0
2023-01-17,96.0500030517578,-0.02109661268732843,0.00017829365200466577,0.0,20.0,0.08930934453663088,0.0
2023-01-18,95.45999908447266,-0.00614267515397382,0.00017976191308763294,0.0,20.0,0.07544723345574901,0.0
2023-01-19,93.68000030517578,-0.01864654092151996,0.00017956349584791396,0.0,20.0,0.06396025929110197,0.0
2023-01-20,97.25,0.03810845093076898,0.0001800793693179176,0.0,20.0,0.0786616100316429,0.0
2023-01-23,97.5199966430664,0.002776315095798454,0.00017996031140524242,0.0,20.0,0.07109042592458706,0.0
2023-01-24,96.31999969482422,-0.012305137300550828,0.00018146825215173144,0.0,20.0,0.05505805323995148,0.0
2023-01-25,97.18000030517578,0.008928577793566816,0.00018035714588468036,0.0,20.0,0.05571059230094114,0.0
2023-01-26,99.22000122070312,0.02099198301215366,0.00018027778655763655,0.0,20.0,0.07062945818581527,0.0
2023-01-27,102.23999786376952,0.03043737760442844,0.00018047618487524608,0.0,20.0,0.10894030486422138,0.0
2023-01-30,100.5500030517578,-0.01652968356145279,0.00017996031140524242,0.0,20.0,0.06654922805687921,0.0
2023-01-31,103.12999725341795,0.025658817736008643,0.00018134921316116578,0.0,20.0,0.10168347415048239,0.0
2023-02-01,105.1500015258789,0.019586971068148662,0.000179365078608195,0.0,20.0,0.1289642003187749,0.0
2023-02-02,112.91000366210938,0.07379935352944922,0.0001789682630508665,0.0,20.0,0.3166824448762725,0.0
2023-02-03,103.38999938964844,-0.08431497620839845,0.0001794841175987607,0.0,20.0,0.07444278820758206,0.0
2023-02-06,102.18000030517578,-0.011703250716856073,0.0001798809520781986,0.0,20.0,0.05306961815453787,0.0
2023-02-07,102.11000061035156,-0.0006850625818668465,0.00018134921316116578,0.0,20.0,0.05908047101196127,0.0
2023-02-08,100.0500030517578,-0.02017429777965285,0.0001819444459582132,0.0,20.0,0.04959554106716773,0.0
2023-02-09,98.23999786376952,-0.01809100582487666,0.00018305555222526427,0.0,20.0,0.05192159985584414,0.0
2023-02-10,97.61000061035156,-0.006412838631079554,0.00018392858051118397,0.0,20.0,0.053587913065494736,0.0
2023-02-13,99.54000091552734,0.019772567289289666,0.00018432539606851245,0.0,20.0,0.042534481562479784,0.0
2023-02-14,99.6999969482422,0.0016073541414836079,0.0001849206288655599,0.0,20.0,0.038572670543107875,0.0
2023-02-15,101.16000366210938,0.014643999584324163,0.00018424603674146864,0.0,20.0,0.044435493814177225,0.0
2023-02-16,98.1500015258789,-0.02975486385196624,0.00018511904610527886,0.0,20.0,0.04046236304607399,0.0
2023-02-17,97.1999969482422,-0.009679109147911924,0.00018571427890232633,0.0,20.0,0.04739803523515569,0.0
2023-02-21,94.58000183105467,-0.02695468312187954,0.00018603175405472046,0.0,20.0,0.06686274441864938,0.0
2023-02-22,95.79000091552734,0.012793392483054333,0.0001863095306214832,0.0,20.0,0.04856179278631235,0.0
2023-02-23,95.81999969482422,0.000313172345862478,0.00018611111338176424,0.0,20.0,0.045734668619978276,0.0
2023-02-24,93.5,-0.024212061179431754,0.00018662698685176788,0.0,20.0,0.06632270420823667,0.0
2023-02-27,93.76000213623048,0.0027807715104863906,0.00018511904610527886,0.0,20.0,0.057373176825287316,0.0
2023-02-28,94.2300033569336,0.005012811540044737,0.00018690476341853067,0.0,20.0,0.05099835342124075,0.0
2023-03-01,92.16999816894533,-0.021861457228067538,0.0001874999962155781,0.0,20.0,0.0669381522551212,0.0
2023-03-02,92.12999725341795,-0.0004339906295109941,0.0001874206368885343,0.0,20.0,0.06623246432584443,0.0
2023-03-03,94.9000015258789,0.030066258059702644,0.00018722221964881535,0.0,20.0,0.045985770205443345,0.0
2023-03-06,93.75,-0.012118034851298809,0.0001876190541282533,0.0,20.0,0.045955573539448714,0.0
2023-03-07,93.5500030517578,-0.0021333007812501803,0.00019226189643617659,0.0,20.0,0.046539581658046274,0.0
2023-03-08,93.91999816894533,0.003955051898638873,0.0001937698371826656,0.0,20.0,0.04401657516114823,0.0
2023-03-09,92.25,-0.017781071140368865,0.00019238095434885176,0.0,20.0,0.05488871503057701,0.0
2023-03-10,90.7300033569336,-0.0164769283801236,0.00019059523703559997,0.0,20.0,0.0698577058312955,0.0
2023-03-13,92.43000030517578,0.01873687738723384,0.0001848412695385161,0.0,20.0,0.04823581341021427,0.0
2023-03-14,94.87999725341795,0.0265065123894086,0.00018571427890232633,0.0,20.0,0.03439929765349629,0.0
2023-03-15,96.1999969482422,0.013912307472971452,0.00018087301935468402,0.0,20.0,0.0359796920522075,0.0
2023-03-16,100.04000091552734,0.039916882423095545,0.00017976191308763294,0.0,20.0,0.06551809336430565,0.0
2023-03-17,98.9499969482422,-0.010895681300578275,0.00017035715163700164,0.0,20.0,0.04307487679103014,0.0
2023-03-20,97.70999908447266,-0.012531560404374309,0.0001771825457376147,0.0,20.0,0.036932959707758846,0.0
2023-03-21,100.61000061035156,0.029679680207260972,0.00018273809599497962,0.0,20.0,0.060676584708142065,0.0
2023-03-22,98.6999969482422,-0.018984232685839375,0.00018107143659440298,0.0,20.0,0.030852671680388258,0.0
2023-03-23,98.70999908447266,0.0001013387693993284,0.0001786904675619943,0.0,20.0,0.026312167996080514,0.0
2023-03-24,98.12999725341795,-0.00587581639584811,0.0001786904675619943,0.0,20.0,0.030029431718702187,0.0
2023-03-27,98.04000091552734,-0.0009171134251455548,0.00018186508663116938,0.0,20.0,0.029134424013071203,0.0
2023-03-28,97.23999786376952,-0.008159965772002842,0.00018365078502231174,0.0,20.0,0.03068295246000203,0.0
2023-03-29,100.25,0.0309543624265336,0.000183730163271465,0.0,20.0,0.03719870199689078,0.0
2023-03-30,102.0,0.0174563591022443,0.00018511904610527886,0.0,20.0,0.04559681110217759,0.0
2023-03-31,103.29000091552734,0.012647067799287592,0.0001819444459582132,0.0,20.0,0.06042735692354249,0.0
2023-04-03,102.41000366210938,-0.008519675143944028,0.00018134921316116578,0.0,20.0,0.043318372278480094,0.0
2023-04-04,103.9499969482422,0.015037527888524194,0.0001876190541282533,0.0,20.0,0.06208582728903326,0.0
2023-04-05,101.0999984741211,-0.027417013542964774,0.0001867063461788117,0.0,20.0,0.026123798079173508,0.0
2023-04-06,102.05999755859376,0.009495540049077267,0.00018690476341853067,0.0,20.0,0.03441245390874698,0.0
2023-04-10,102.16999816894533,0.0010778033801970288,0.00019198411986941384,0.0,20.0,0.04542940775784127,0.0
2023-04-11,99.91999816894533,-0.02202212039075757,0.00019365079819209992,0.0,20.0,0.0384859365321515,0.0
2023-04-12,97.83000183105467,-0.020916697119598426,0.0001928571481553335,0.0,20.0,0.03945221394242599,0.0
2023-04-13,102.4000015258789,0.04671368301429957,0.00019265873091561453,0.0,20.0,0.03560942322023299,0.0
2023-04-14,102.51000213623048,0.001074224694457504,0.00019456348721943206,0.0,20.0,0.03661015839074466,0.0
2023-04-17,102.73999786376952,0.0022436418178333195,0.00019535713725619844,0.0,20.0,0.03560147591285695,0.0
2023-04-18,102.3000030517578,-0.004282604839014548,0.00019960318292890276,0.0,20.0,0.027153317989732195,0.0
2023-04-19,104.3000030517578,0.019550341547772243,0.00019821428117297945,0.0,20.0,0.04057359326781524,0.0
2023-04-20,103.80999755859376,-0.004698039106680318,0.00019623016554211814,0.0,20.0,0.029049880254964734,0.0
2023-04-21,106.95999908447266,0.030343912917452087,0.00019642856385972766,0.0,20.0,0.05807392609688314,0.0
2023-04-24,106.20999908447266,-0.007011967150520215,0.00019337302162533715,0.0,20.0,0.036988434124579236,0.0
2023-04-25,102.56999969482422,-0.03427172037496595,0.0001965476217724028,0.0,20.0,0.019340849247215245,0.0
2023-04-26,104.9800033569336,0.023496184744855597,0.00019781746561565097,0.0,20.0,0.02152447822698152,0.0
2023-04-27,109.81999969482422,0.046103983455159314,0.0001984126984126984,0.0,20.0,0.08311066451124928,0.0
2023-04-28,105.4499969482422,-0.039792412663683274,0.00019535713725619844,0.0,20.0,0.020761192995499982,0.0
2023-05-01,102.0500030517578,-0.0322427121373291,0.00019305554647294302,0.0,20.0,0.030993797805777976,0.0
2023-05-02,103.62999725341795,0.015482549283793778,0.00019999999848623124,0.0,20.0,0.01673327944916907,0.0
2023-05-03,103.6500015258789,0.00019303553981608879,0.00020218253135681152,0.0,20.0,0.019253748344357037,0.0
2023-05-04,104.0,0.0033767339022539034,0.0002005952312832787,0.0,20.0,0.02078957674080889,0.0
2023-05-05,105.66000366210938,0.015961573674128537,0.00020158729855976408,0.0,20.0,0.01813715974688591,0.0
2023-05-08,105.83000183105467,0.0016089169321718,0.00020170635647243925,0.0,20.0,0.01885426633431344,0.0
2023-05-09,106.62000274658205,0.007464810562779034,0.00020329365654597208,0.0,20.0,0.02651652644862547,0.0
2023-05-10,110.19000244140624,0.033483395262233095,0.00020099206576271663,0.0,20.0,0.0723234730802017,0.0
2023-05-11,112.18000030517578,0.01805969525073503,0.00019900793120974586,0.0,20.0,0.10110296000080264,0.0
2023-05-12,110.26000213623048,-0.01711533396079612,0.00019952380467974954,0.0,20.0,0.04549133067600785,0.0
2023-05-15,111.1999969482422,0.008525256609829501,0.0001984126984126984,0.0,20.0,0.05541158047687561,0.0
2023-05-16,113.4000015258789,0.0197842143706235,0.00020071428919595384,0.0,20.0,0.0881465565718126,0.0
2023-05-17,115.5,0.018518504813616277,0.00020190475479004875,0.0,20.0,0.12532529146103508,0.0
2023-05-18,118.1500015258789,0.022943736154795724,0.00020337301587301587,0.0,20.0,0.17847103581241996,0.0
2023-05-19,116.25,-0.01608126535201726,0.00020178571579948303,0.0,20.0,0.09714385422944374,0.0
2023-05-22,115.01000213623048,-0.010666648290490466,0.00020218253135681152,0.0,20.0,0.053959446952155724,0.0
2023-05-23,114.98999786376952,-0.00017393506729324049,0.000204484122140067,0.0,20.0,0.04319963276439994,0.0
2023-05-24,116.75,0.015305697616549097,0.00020575396598331513,0.0,20.0,0.06778108038841918,0.0
2023-05-25,115.0,-0.01498929336188437,0.00020488095661950491,0.0,20.0,0.03249315009983603,0.0
2023-05-26,120.11000061035156,0.04443478791610045,0.00020297618139357795,0.0,20.0,0.12245838107331852,0.0
2023-05-30,121.66000366210938,0.01290486257498391,0.00020408730658273848,0.0,20.0,0.14450618100890933,0.0
2023-05-31,120.58000183105467,-0.00887721353399129,0.0002082539740062895,0.0,20.0,0.09508959683611996,0.0
2023-06-01,122.7699966430664,0.01816217265513198,0.00020646825669303775,0.0,20.0,0.13623512308178135,0.0
2023-06-02,124.25,0.01205508998453797,0.00020694445049951947,0.0,20.0,0.15161290863214474,0.0
2023-06-05,125.3000030517578,0.00845072878678299,0.00020408730658273848,0.0,20.0,0.16123104915741257,0.0
2023-06-06,126.61000061035156,0.01045488848114906,0.00020468253937978596,0.0,20.0,0.17670997731351248,0.0
2023-06-07,121.2300033569336,-0.04249267220189956,0.000204484122140067,0.0,20.0,0.04477339033999584,0.0
2023-06-08,124.25,0.024911297199049942,0.00020238094859653048,0.0,20.0,0.08773869013947756,0.0
2023-06-09,123.43000030517578,-0.006599595129369917,0.00020218253135681152,0.0,20.0,0.06213724664863388,0.0
2023-06-12,126.56999969482422,0.025439515368102628,0.00020218253135681152,0.0,20.0,0.11490708786930955,0.0
2023-06-13,126.66000366210938,0.0007111003199982147,0.00020238094859653048,0.0,20.0,0.10407584511750911,0.0
2023-06-14,126.41999816894533,-0.001894879884926537,0.00020158729855976408,0.0,20.0,0.08702791639254445,0.0
2023-06-15,127.11000061035156,0.005458016543269828,0.0002005952312832787,0.0,20.0,0.09729961410342397,0.0
2023-06-16,125.48999786376952,-0.012744888197649185,0.00020099206576271663,0.0,20.0,0.05408387255614352,0.0
2023-06-20,125.77999877929688,0.002310948445805039,0.00020138888132004512,0.0,20.0,0.05498269874144702,0.0
2023-06-21,124.83000183105467,-0.007552845901271921,0.0002037698503524538,0.0,20.0,0.04098999854354403,0.0
2023-06-22,130.14999389648438,0.04261789623803569,0.0002037698503524538,0.0,20.0,0.12364674355930352,0.0
2023-06-23,129.3300018310547,-0.006300361919969633,0.0002038888893430195,0.0,20.0,0.08882955157641369,0.0
2023-06-26,127.33000183105467,-0.015464315871677181,0.00020456350038922024,0.0,20.0,0.049562971274904284,0.0
2023-06-27,129.17999267578125,0.014529104045574393,0.00020555554874359614,0.0,20.0,0.06920075983702173,0.0
2023-06-28,129.0399932861328,-0.001083754432466999,0.00020515873318626766,0.0,20.0,0.06295706973004643,0.0
2023-06-29,127.9000015258789,-0.008834406537251538,0.00020535715042598664,0.0,20.0,0.048241835944990256,0.0
2023-06-30,130.36000061035156,0.019233769000189582,0.000204484122140067,0.0,20.0,0.07195026297797766,0.0
2023-07-03,130.22000122070312,-0.0010739443770555468,0.0002041666659097823,0.0,20.0,0.07157044303729827,0.0
2023-07-05,130.3800048828125,0.0012287180203460757,0.0002060714222135998,0.0,20.0,0.07021796056017804,0.0
2023-07-06,128.36000061035156,-0.015493205988729275,0.0002068650722503662,0.0,20.0,0.040966112897150006,0.0
2023-07-07,129.77999877929688,0.011062622017709689,0.0002068650722503662,0.0,20.0,0.049522252782292324,0.0
2023-07-10,127.12999725341795,-0.02041918285409683,0.00020734126605684796,0.0,20.0,0.032331961935525524,0.0
2023-07-11,128.77999877929688,0.012978852839820698,0.00020805555676657055,0.0,20.0,0.036119213064289966,0.0
2023-07-12,130.8000030517578,0.01568569880112225,0.00020753968329656692,0.0,20.0,0.04980776779988309,0.0
2023-07-13,134.3000030517578,0.026758409161619312,0.00020726190672980415,0.0,20.0,0.09761074448079846,0.0
2023-07-14,134.67999267578125,0.002829408900884234,0.00020694445049951947,0.0,20.0,0.0948590422012812,0.0
2023-07-17,133.55999755859375,-0.008315972513331604,0.00020765872228713263,0.0,20.0,0.06831305149931718,0.0
2023-07-18,132.8300018310547,-0.005465676406731013,0.0002082539740062895,0.0,20.0,0.05268755337109355,0.0
2023-07-19,135.36000061035156,0.019046892602732513,0.00020813491609361436,0.0,20.0,0.08119316877469063,0.0
2023-07-20,129.9600067138672,-0.03989357175040831,0.00020805555676657055,0.0,20.0,0.028257135334883825,0.0
2023-07-21,130.0,0.00030773533446226686,0.0002082539740062895,0.0,20.0,0.02851766900447659,0.0
2023-07-24,128.8000030517578,-0.009230745755709147,0.00020833333333333332,0.0,20.0,0.03076314233244579,0.0
2023-07-25,129.1300048828125,0.002562125956798944,0.0002089285661303808,0.0,20.0,0.029282037295077664,0.0
2023-07-26,128.14999389648438,-0.007589335934878205,0.00020904762404305594,0.0,20.0,0.025842305432637974,0.0
2023-07-27,128.25,0.0007803832093540297,0.00020904762404305594,0.0,20.0,0.03207725063807128,0.0
2023-07-28,132.2100067138672,0.030877245332297854,0.0002085317505730523,0.0,20.0,0.0357844046979235,0.0
2023-07-31,133.67999267578125,0.011118568090654923,0.0002082539740062895,0.0,20.0,0.04731248431545104,0.0
2023-08-01,131.69000244140625,-0.014886223394710907,0.00020873016781277126,0.0,20.0,0.030686116784161815,0.0
2023-08-02,128.2100067138672,-0.026425663778747666,0.00020873016781277126,0.0,20.0,0.026688859840342208,0.0
2023-08-03,128.91000366210938,0.005459768439170398,0.00020865078956361802,0.0,20.0,0.02294076201318219,0.0
2023-08-04,139.57000732421875,0.08269337801006271,0.00020845237232389904,0.0,20.0,0.16898877918605493,0.0
2023-08-07,142.22000122070312,0.01898684357254843,0.00020873016781277126,0.0,20.0,0.20801731186326824,0.0
2023-08-08,139.94000244140625,-0.016031491771390738,0.00020932540060981873,0.0,20.0,0.12001073127793846,0.0
2023-08-09,137.85000610351562,-0.01493494570121734,0.0002095238178495377,0.0,20.0,0.06626766454027831,0.0
2023-08-10,138.55999755859375,0.005150463718840648,0.00020904762404305594,0.0,20.0,0.07349351462089675,0.0
2023-08-11,138.41000366210938,-0.0010825194798443905,0.0002089285661303808,0.0,20.0,0.059115372156489716,0.0
2023-08-14,140.57000732421875,0.015605834874352187,0.00020912698337009975,0.0,20.0,0.08484845598930045,0.0
2023-08-15,137.6699981689453,-0.020630355012962953,0.0002095238178495377,0.0,20.0,0.03961588537606979,0.0
2023-08-16,135.07000732421875,-0.018885675014943426,0.0002097222161671472,0.0,20.0,0.032628889547780704,0.0
2023-08-17,133.97999572753906,-0.008069975106044458,0.00020944443960038448,0.0,20.0,0.03749938125816332,0.0
2023-08-18,133.22000122070312,-0.005672447612115605,0.00020944443960038448,0.0,20.0,0.03009054376409576,0.0
2023-08-21,134.67999267578125,0.01095925117625085,0.0002095238178495377,0.0,20.0,0.023014528493555078,0.0
2023-08-22,134.25,-0.0031926989840012077,0.00021011905064658514,0.0,20.0,0.02642746205979874,0.0
2023-08-23,135.52000427246094,0.009459994580714559,0.00021011905064658514,0.0,20.0,0.024142157172588864,0.0
2023-08-24,131.83999633789062,-0.027154721211281152,0.0002104365068768698,0.0,20.0,0.03194756261278734,0.0
2023-08-25,133.25999450683594,0.010770617478674804,0.00021091270068335157,0.0,20.0,0.022092373537792004,0.0
2023-08-28,133.13999938964844,-0.0009004586682715976,0.00021123015691363621,0.0,20.0,0.021566929555286846,0.0
2023-08-29,134.91000366210938,0.013294308852149106,0.00021111111792307052,0.0,20.0,0.022278382950897162,0.0
2023-08-30,135.07000732421875,0.0011860029483812262,0.00021091270068335157,0.0,20.0,0.025272490142339572,0.0
2023-08-31,138.00999450683594,0.021766395374215985,0.00021023808963715085,0.0,20.0,0.043437313138569765,0.0
2023-09-01,138.1199951171875,0.0007970481467276525,0.00020904762404305594,0.0,20.0,0.04227620875385244,0.0
2023-09-05,137.27000427246094,-0.006154002858205887,0.00020944443960038448,0.0,20.0,0.035696210522736235,0.0
2023-09-06,135.36000061035156,-0.013914209970579572,0.0002103174678863041,0.0,20.0,0.02533255793614987,0.0
2023-09-07,137.85000610351562,0.018395430569861038,0.00020964285684010338,0.0,20.0,0.038271115417356845,0.0
2023-09-08,138.22999572753906,0.0027565441218631026,0.00021003969131954133,0.0,20.0,0.04424294233122612,0.0
2023-09-11,143.10000610351562,0.035231212663680456,0.00021003969131954133,0.0,20.0,0.10147638903011479,0.0
2023-09-12,141.22999572753906,-0.013067856717097759,0.00021051586620391362,0.0,20.0,0.05709343078571574,0.0
2023-09-13,144.85000610351562,0.025632022130484877,0.00021051586620391362,0.0,20.0,0.11007647174276211,0.0
2023-09-14,144.72000122070312,-0.0008975138235036706,0.00021011905064658514,0.0,20.0,0.09337572200055717,0.0
2023-09-15,140.38999938964844,-0.029919857618376344,0.00021023808963715085,0.0,20.0,0.028038759406963744,0.0
2023-09-18,139.97999572753906,-0.0029204620264398073,0.0002103174678863041,0.0,20.0,0.02439139505034007,0.0
2023-09-19,137.6300048828125,-0.016788047695762587,0.00021071428344363258,0.0,20.0,0.0243745641510467,0.0
2023-09-20,135.2899932861328,-0.01700219075536713,0.00021091270068335157,0.0,20.0,0.031307636177677706,0.0
2023-09-21,129.3300018310547,-0.04405345369833069,0.00021051586620391362,0.0,20.0,0.07458614735219726,0.0
2023-09-22,129.1199951171875,-0.0016238050792075631,0.00021051586620391362,0.0,20.0,0.07278153820220953,0.0
2023-09-25,131.27000427246094,0.01665124873434287,0.00021083334135630776,0.0,20.0,0.040280578703554316,0.0
2023-09-26,125.9800033569336,-0.040298626825268746,0.00021130951624068002,0.0,20.0,0.08376956711770996,0.0
2023-09-27,125.9800033569336,0.0,0.00021150793348039898,0.0,20.0,0.07282310325734438,0.0
2023-09-28,125.9800033569336,0.0,0.00021063492411658877,0.0,20.0,0.06243591070489696,0.0
2023-09-29,127.12000274658205,0.009049050319664964,0.0002103174678863041,0.0,20.0,0.04720599248462089,0.0
2023-10-02,129.4600067138672,0.01840783446134764,0.00021091270068335157,0.0,20.0,0.02556365180643039,0.0
2023-10-03,124.72000122070312,-0.03661366636292884,0.00021190476795983693,0.0,20.0,0.06045258043821801,0.0
2023-10-04,127.0,0.018280939360016735,0.00021170635072011797,0.0,20.0,0.034613106566077224,0.0
2023-10-05,125.95999908447266,-0.008188983586829512,0.00021130951624068002,0.0,20.0,0.03928373654006752,0.0
2023-10-06,127.95999908447266,0.015878056641289273,0.0002122222241901216,0.0,20.0,0.02543116225738463,0.0
2023-10-09,128.25999450683594,0.0023444468936362206,0.0002122222241901216,0.0,20.0,0.027731613811370733,0.0
2023-10-10,129.47999572753906,0.009511938819224852,0.00021123015691363621,0.0,20.0,0.024585402730492322,0.0
2023-10-11,131.8300018310547,0.01814956889912689,0.00021170635072011797,0.0,20.0,0.0311210249721421,0.0
2023-10-12,132.3300018310547,0.0037927633547389927,0.00021170635072011797,0.0,20.0,0.02834850620436857,0.0
2023-10-13,129.7899932861328,-0.019194502454286222,0.00021142857415335517,0.0,20.0,0.02251921844755538,0.0
2023-10-16,132.5500030517578,0.021265196921155027,0.00021142857415335517,0.0,20.0,0.024891286068487433,0.0
2023-10-17,131.47000122070312,-0.008147882355257097,0.00021190476795983693,0.0,20.0,0.023665094616698596,0.0
2023-10-18,128.1300048828125,-0.025405007278304192,0.00021150793348039898,0.0,20.0,0.02878957075439906,0.0
2023-10-19,128.39999389648438,0.002107149015711185,0.00021071428344363258,0.0,20.0,0.0272755652906294,0.0
2023-10-20,125.16999816894533,-0.025155731161039308,0.0002103174678863041,0.0,20.0,0.04789567207771276,0.0
2023-10-23,126.55999755859376,0.011104892625885654,0.00021003969131954133,0.0,20.0,0.034622838645406016,0.0
2023-10-24,128.55999755859375,0.015802781594350446,0.00021063492411658877,0.0,20.0,0.02395143454042216,0.0
2023-10-25,121.38999938964844,-0.055771610960691276,0.00021091270068335157,0.0,20.0,0.07027061902666223,0.0
2023-10-26,119.56999969482422,-0.01499299533713827,0.0002103174678863041,0.0,20.0,0.08099616573046932,0.0
2023-10-27,127.73999786376952,0.0683281608245998,0.00021051586620391362,0.0,20.0,0.02035587373419245,0.0
2023-10-30,132.7100067138672,0.03890722509168998,0.00021083334135630776,0.0,20.0,0.03722826030183334,0.0
2023-10-31,133.08999633789062,0.002863308000901066,0.00021111111792307052,0.0,20.0,0.03499328644898983,0.0
2023-11-01,137.0,0.02937864429857373,0.0002103174678863041,0.0,20.0,0.08079173712912872,0.0
2023-11-02,138.07000732421875,0.007810272439553012,0.00020912698337009975,0.0,20.0,0.08513813562878138,0.0
2023-11-03,138.60000610351562,0.0038386235328597973,0.00020845237232389904,0.0,20.0,0.07910687520931288,0.0
2023-11-06,139.74000549316406,0.008225103459209127,0.00020873016781277126,0.0,20.0,0.08432517390001784,0.0
2023-11-07,142.7100067138672,0.02125376487729147,0.00020924602236066547,0.0,20.0,0.12633579166242595,0.0
2023-11-08,142.0800018310547,-0.004414580990635519,0.00020904762404305594,0.0,20.0,0.08842575130542793,0.0
2023-11-09,140.60000610351562,-0.010416636461610618,0.00020884920680333698,0.0,20.0,0.0485041060924589,0.0
2023-11-10,143.55999755859375,0.021052569890351647,0.00020833333333333332,0.0,20.0,0.09027013392610851,0.0
2023-11-13,142.58999633789062,-0.006756765374750118,0.00020873016781277126,0.0,20.0,0.06706432527151182,0.0
2023-11-14,145.8000030517578,0.02251214528584833,0.00020845237232389904,0.0,20.0,0.1032157498168054,0.0
2023-11-15,143.1999969482422,-0.017832688951265996,0.0002085317505730523,0.0,20.0,0.04370745521212381,0.0
2023-11-16,142.8300018310547,-0.0025837648398919777,0.00020805555676657055,0.0,20.0,0.03936102894699202,0.0
2023-11-17,145.17999267578125,0.016453061783939793,0.00020765872228713263,0.0,20.0,0.07122659861847916,0.0
2023-11-20,146.1300048828125,0.0065436854591447435,0.00020785713952685162,0.0,20.0,0.08173714201886474,0.0
2023-11-21,143.89999389648438,-0.015260459261028925,0.0002085317505730523,0.0,20.0,0.0625849500306396,0.0
2023-11-22,146.7100067138672,0.019527539517508297,0.0002089285661303808,0.0,20.0,0.08787006652045778,0.0
2023-11-24,146.74000549316406,0.0002044767086364363,0.00020845237232389904,0.0,20.0,0.08851998661730948,0.0
2023-11-27,147.72999572753906,0.006746559883569869,0.00020865078956361802,0.0,20.0,0.08473674832535948,0.0
2023-11-28,147.02999877929688,-0.00473835354015173,0.00020873016781277126,0.0,20.0,0.07503291867737523,0.0
2023-11-29,146.32000732421875,-0.0048288883967405605,0.00020793649885389538,0.0,20.0,0.051842355046135144,0.0
2023-11-30,146.08999633789062,-0.001571972217158657,0.00020785713952685162,0.0,20.0,0.05106822050049629,0.0
2023-12-01,147.02999877929688,0.006434406632690459,0.00020694445049951947,0.0,20.0,0.06501659082288816,0.0
2023-12-04,144.83999633789062,-0.014894936132684111,0.00020726190672980415,0.0,20.0,0.0578724882437665,0.0
2023-12-05,146.8800048828125,0.014084566393959497,0.00020805555676657055,0.0,20.0,0.06820971661351055,0.0
2023-12-06,144.52000427246094,-0.016067541747663228,0.00020805555676657055,0.0,20.0,0.04169205859671657,0.0
2023-12-07,146.8800048828125,0.016329923474831087,0.00020765872228713263,0.0,20.0,0.04892415767820615,0.0
2023-12-08,147.4199981689453,0.0036764247561378305,0.00020765872228713263,0.0,20.0,0.05951525399536229,0.0
2023-12-11,145.88999938964844,-0.010378502226973785,0.00020765872228713263,0.0,20.0,0.05985313084352819,0.0
2023-12-12,147.47999572753906,0.010898597193382598,0.0002082539740062895,0.0,20.0,0.08052558179815157,0.0
2023-12-13,148.83999633789062,0.009221593773735215,0.00020726190672980415,0.0,20.0,0.09323205030243656,0.0
2023-12-14,147.4199981689453,-0.00954043404920335,0.00020694445049951947,0.0,20.0,0.0706406391868841,0.0
2023-12-15,149.97000122070312,0.01729753821347546,0.00020734126605684796,0.0,20.0,0.0907787855078624,0.0
2023-12-18,154.07000732421875,0.027338841569267247,0.00020734126605684796,0.0,20.0,0.13798223939810295,0.0
2023-12-19,153.7899932861328,-0.0018174467759756174,0.00020785713952685162,0.0,20.0,0.11588107629443486,0.0
2023-12-20,152.1199951171875,-0.01085895208954335,0.00020753968329656692,0.0,20.0,0.07402146310306242,0.0
2023-12-21,153.83999633789062,0.011306871390431628,0.0002067460332598005,0.0,20.0,0.09888797253805098,0.0
2023-12-22,153.4199981689453,-0.0027300973670256745,0.00020666667393275668,0.0,20.0,0.08521131900905912,0.0
2023-12-26,153.41000366210938,-6.514474615582078e-05,0.00020646825669303775,0.0,20.0,0.07811939335398956,0.0
2023-12-27,153.33999633789062,-0.0004563413242133496,0.0002077381005362859,0.0,20.0,0.06819299706906398,0.0
2023-12-28,153.3800048828125,0.0002609139551152939,0.0002070634894900852,0.0,20.0,0.06740822249080078,0.0
2023-12-29,151.94000244140625,-0.009388462612883952,0.00020555554874359614,0.0,20.0,0.055308696488191596,0.0
2024-01-02,149.92999267578125,-0.013228970207501023,0.0002068650722503662,0.0,20.0,0.04695042618051732,0.0
2024-01-03,148.47000122070312,-0.00973782115920796,0.0002077381005362859,0.0,20.0,0.048967055313840165,0.0
2024-01-04,144.57000732421875,-0.026267891590348702,0.0002074603239695231,0.0,20.0,0.06045583607173276,0.0
2024-01-05,145.24000549316406,0.00463442024626004,0.00020714284881712897,0.0,20.0,0.05354643720482682,0.0
2024-01-08,149.10000610351562,0.026576703830634596,0.00020714284881712897,0.0,20.0,0.03146453915335072,0.0
2024-01-09,151.3699951171875,0.015224607114340927,0.00020753968329656692,0.0,20.0,0.03555822789467757,0.0
2024-01-10,153.72999572753906,0.015590940651907248,0.00020734126605684796,0.0,20.0,0.04989634751555175,0.0
2024-01-11,155.17999267578125,0.009432101662268044,0.0002070634894900852,0.0,20.0,0.059648895222271896,0.0
2024-01-12,154.6199951171875,-0.0036086969005325598,0.0002062698394533188,0.0,20.0,0.04946204712224261,0.0
2024-01-16,153.16000366210938,-0.009442449238027617,0.00020646825669303775,0.0,20.0,0.03917741922147062,0.0
2024-01-17,151.7100067138672,-0.009467203666572499,0.00020694445049951947,0.0,20.0,0.03641871270170168,0.0
2024-01-18,153.5,0.011798781932089941,0.00020634919878036254,0.0,20.0,0.045524366353261354,0.0
2024-01-19,155.33999633789062,0.011986946826648914,0.0002062698394533188,0.0,20.0,0.06084999908074142,0.0
2024-01-22,154.77999877929688,-0.003604979862209201,0.00020634919878036254,0.0,20.0,0.05060209919882316,0.0
2024-01-23,156.02000427246094,0.008011406531487353,0.0002067460332598005,0.0,20.0,0.06486176620697418,0.0
2024-01-24,156.8699951171875,0.005447960655367012,0.0002067460332598005,0.0,20.0,0.06346281981003621,0.0
2024-01-25,157.75,0.005609771850602074,0.00020615080046275307,0.0,20.0,0.07409577713568218,0.0
2024-01-26,159.1199951171875,0.008684596622424712,0.00020634919878036254,0.0,20.0,0.08174403483969024,0.0
2024-01-29,161.25999450683594,0.01344896590822775,0.00020634919878036254,0.0,20.0,0.10731959592678424,0.0
2024-01-30,159.0,-0.014014601164705653,0.00020646825669303775,0.0,20.0,0.0666644381894409,0.0
2024-01-31,155.1999969482422,-0.023899390262627773,0.00020587302389599027,0.0,20.0,0.04151547103735964,0.0
2024-02-01,159.27999877929688,0.026288672108771616,0.00020634919878036254,0.0,20.0,0.055674896376935165,0.0
2024-02-02,171.80999755859375,0.07866649218561839,0.0002067460332598005,0.0,20.0,0.25152627791640525,0.0
2024-02-05,170.30999755859375,-0.008730574595861018,0.0002074603239695231,0.0,20.0,0.19537416452307105,0.0
2024-02-06,169.14999389648438,-0.00681113075414308,0.00020726190672980415,0.0,20.0,0.14853419228245476,0.0
2024-02-07,170.52999877929688,0.008158468416245013,0.00020726190672980415,0.0,20.0,0.16281135657546925,0.0
2024-02-08,169.83999633789062,-0.004046223223746481,0.0002070634894900852,0.0,20.0,0.12892952376190323,0.0
2024-02-09,174.4499969482422,0.02714319777292107,0.00020714284881712897,0.0,20.0,0.19983086629483715,0.0
2024-02-12,172.33999633789062,-0.012095159915523457,0.0002074603239695231,0.0,20.0,0.13421659778428333,0.0
2024-02-13,168.63999938964844,-0.021469171561243172,0.00020765872228713263,0.0,20.0,0.07702219621990765,0.0
2024-02-14,170.97999572753906,0.013875689909627953,0.0002070634894900852,0.0,20.0,0.10610829068375739,0.0
2024-02-15,169.8000030517578,-0.006901349311422389,0.0002070634894900852,0.0,20.0,0.08844751769418774,0.0
2024-02-16,169.50999450683594,-0.0017079419299743659,0.00020726190672980415,0.0,20.0,0.08668986025798424,0.0
2024-02-20,167.0800018310547,-0.01433539469369316,0.0002068650722503662,0.0,20.0,0.0660027240262027,0.0
2024-02-21,168.58999633789062,0.00903755380828164,0.0002077381005362859,0.0,20.0,0.06761125895742977,0.0
2024-02-22,174.5800018310547,0.035530017339574504,0.00020765872228713263,0.0,20.0,0.13218093748439072,0.0
2024-02-23,174.99000549316406,0.0023485144793740087,0.00020793649885389538,0.0,20.0,0.12989286667179056,0.0
2024-02-26,174.72999572753906,-0.0014858549486425066,0.00020833333333333332,0.0,20.0,0.10699291516080273,0.0
2024-02-27,173.5399932861328,-0.006810521779339163,0.00020813491609361436,0.0,20.0,0.08550963828023822,0.0
2024-02-28,173.16000366210938,-0.0021896371944472026,0.00020793649885389538,0.0,20.0,0.07910644427626547,0.0
2024-02-29,176.75999450683594,0.02078996747858297,0.00020726190672980415,0.0,20.0,0.11663179457352271,0.0
2024-03-01,178.22000122070312,0.00825982552183624,0.00020694445049951947,0.0,20.0,0.13344082061772186,0.0
2024-03-04,177.5800018310547,-0.003591063770984282,0.00020726190672980415,0.0,20.0,0.10616524023629546,0.0
2024-03-05,174.1199951171875,-0.01948421375262155,0.00020734126605684796,0.0,20.0,0.06590583989212821,0.0
2024-03-06,173.50999450683594,-0.0035033346396604603,0.00020753968329656692,0.0,20.0,0.0619565398909294,0.0
2024-03-07,176.82000732421875,0.019076784751165476,0.0002074603239695231,0.0,20.0,0.07983236728511293,0.0
2024-03-08,175.35000610351562,-0.008313545751684748,0.0002074603239695231,0.0,20.0,0.06719479036666118,0.0
2024-03-11,171.9600067138672,-0.019332758891648982,0.00020793649885389538,0.0,20.0,0.055501605136135536,0.0
2024-03-12,175.38999938964844,0.019946455814511488,0.00020793649885389538,0.0,20.0,0.06170049818042749,0.0
2024-03-13,176.55999755859375,0.0066708374081581034,0.00020785713952685162,0.0,20.0,0.06761424415360028,0.0
2024-03-14,178.75,0.012403729449981915,0.00020785713952685162,0.0,20.0,0.08142704329052214,0.0
2024-03-15,174.4199981689453,-0.024223786467438835,0.00020785713952685162,0.0,20.0,0.049759009357858944,0.0
2024-03-18,174.47999572753906,0.00034398325434925603,0.00020785713952685162,0.0,20.0,0.05539903462098112,0.0
2024-03-19,175.89999389648438,0.00813845829732096,0.00020785713952685162,0.0,20.0,0.05502843125186625,0.0
2024-03-20,178.14999389648438,0.012791359170393646,0.0002074603239695231,0.0,20.0,0.06738546787865503,0.0
2024-03-21,178.14999389648438,0.0,0.0002074603239695231,0.0,20.0,0.06951806043937575,0.0
2024-03-22,178.8699951171875,0.0040415450203241665,0.00020714284881712897,0.0,20.0,0.0732510982317024,0.0
2024-03-25,179.7100067138672,0.004696213001679439,0.0002070634894900852,0.0,20.0,0.07931716849560513,0.0
2024-03-26,178.3000030517578,-0.007845994154095037,0.0002070634894900852,0.0,20.0,0.06848406559088334,0.0
2024-03-27,179.8300018310547,0.008581036192426339,0.00020694445049951947,0.0,20.0,0.07761684485441152,0.0
2024-03-28,180.3800048828125,0.0030584610251771505,0.00020646825669303775,0.0,20.0,0.08094310709770675,0.0
2024-04-01,180.97000122070312,0.003270852211551434,0.0002070634894900852,0.0,20.0,0.08483195685508434,0.0
2024-04-02,180.69000244140625,-0.0015472110151306673,0.0002068650722503662,0.0,20.0,0.08345234565135004,0.0
2024-04-03,182.4100036621093,0.009519072430478337,0.0002067460332598005,0.0,20.0,0.09746969388238907,0.0
2024-04-04,180.0,-0.013212014767421953,0.00020646825669303775,0.0,20.0,0.07156528925916594,0.0
2024-04-05,185.07000732421875,0.028166707356770848,0.00020694445049951947,0.0,20.0,0.0989459745430801,0.0
2024-04-08,185.19000244140625,0.0006483768975988902,0.00020726190672980415,0.0,20.0,0.09610688286256906,0.0
2024-04-09,185.6699981689453,0.002591909504893186,0.00020714284881712897,0.0,20.0,0.09854665704974509,0.0
2024-04-10,185.9499969482422,0.0015080453603608657,0.00020805555676657055,0.0,20.0,0.10124288899041164,0.0
2024-04-11,189.0500030517578,0.016671181255133227,0.00020785713952685162,0.0,20.0,0.12780802206779016,0.0
2024-04-12,186.1300048828125,-0.015445639364236818,0.00020753968329656692,0.0,20.0,0.08719307103555184,0.0
2024-04-15,183.6199951171875,-0.013485250630092094,0.00020785713952685162,0.0,20.0,0.06682742256172447,0.0
2024-04-16,183.32000732421875,-0.001633742516860992,0.00020765872228713263,0.0,20.0,0.06578642753587348,0.0
2024-04-17,181.27999877929688,-0.011128128209780819,0.00020793649885389538,0.0,20.0,0.06212722667258758,0.0
2024-04-18,179.22000122070312,-0.011363622972558218,0.00020805555676657055,0.0,20.0,0.0647709315333349,0.0
2024-04-19,174.6300048828125,-0.02561096030926935,0.00020813491609361436,0.0,20.0,0.07291478197214687,0.0
2024-04-22,177.22999572753906,0.014888568814227066,0.00020813491609361436,0.0,20.0,0.05796296640705601,0.0
2024-04-23,179.5399932861328,0.01303389727631088,0.00020813491609361436,0.0,20.0,0.05065745472507927,0.0
2024-04-24,176.58999633789062,-0.016430862529557833,0.0002085317505730523,0.0,20.0,0.05563405631925228,0.0
2024-04-25,173.6699981689453,-0.016535467634067658,0.00020813491609361436,0.0,20.0,0.05783870479019166,0.0
2024-04-26,179.6199951171875,0.034260361668536854,0.00020785713952685162,0.0,20.0,0.042851858126147085,0.0
2024-04-29,180.9600067138672,0.007460258507441919,0.00020805555676657055,0.0,20.0,0.045326215982535216,0.0
2024-04-30,175.0,-0.03293549122868411,0.00020813491609361436,0.0,20.0,0.04455553689539551,0.0
2024-05-01,179.0,0.02285714285714291,0.00020833333333333332,0.0,20.0,0.03923751907803087,0.0
2024-05-02,184.72000122070312,0.031955314082140474,0.00020785713952685162,0.0,20.0,0.05602263508236565,0.0
2024-05-03,186.2100067138672,0.008066292135759712,0.0002077381005362859,0.0,20.0,0.06612132553984273,0.0
2024-05-06,188.6999969482422,0.013371946429286963,0.00020793649885389538,0.0,20.0,0.08359476486493278,0.0
2024-05-07,188.759994506836,0.00031795209095974997,0.00020805555676657055,0.0,20.0,0.07926970547787371,0.0
2024-05-08,188.0,-0.004026247769404745,0.00020813491609361436,0.0,20.0,0.0689574879220144,0.0
2024-05-09,189.5,0.007978723404255428,0.00020793649885389538,0.0,20.0,0.07855690030767384,0.0
2024-05-10,187.47999572753903,-0.010659653152828352,0.00020805555676657055,0.0,20.0,0.05822995217510335,0.0
2024-05-13,186.57000732421875,-0.004853789332504355,0.00020793649885389538,0.0,20.0,0.053643884223959055,0.0
2024-05-14,187.07000732421875,0.002679959159411549,0.0002077381005362859,0.0,20.0,0.057933554048730726,0.0
2024-05-15,185.9900054931641,-0.005773249525686142,0.00020793649885389538,0.0,20.0,0.053214086234508566,0.0
2024-05-16,183.6300048828125,-0.01268885714634993,0.00020805555676657055,0.0,20.0,0.0471228439505566,0.0
2024-05-17,184.6999969482422,0.005826891232250109,0.00020793649885389538,0.0,20.0,0.04949083606325369,0.0
2024-05-20,183.5399932861328,-0.006280474722663021,0.00020793649885389538,0.0,20.0,0.05067655526235238,0.0
2024-05-21,183.1499938964844,-0.0021248741632043933,0.00020793649885389538,0.0,20.0,0.0507958103589815,0.0
2024-05-22,183.1300048828125,-0.0001091401274257997,0.00020813491609361436,0.0,20.0,0.05264297046208667,0.0
2024-05-23,181.0500030517578,-0.011358061353112014,0.00020813491609361436,0.0,20.0,0.05545980199748521,0.0
2024-05-24,180.75,-0.0016570176564539851,0.00020813491609361436,0.0,20.0,0.059903511488124346,0.0
2024-05-28,182.1499938964844,0.007745471073219434,0.0002082539740062895,0.0,20.0,0.055814332142967285,0.0
2024-05-29,182.0200042724609,-0.000713640562059914,0.00020833333333333332,0.0,20.0,0.05972788133936148,0.0
2024-05-30,179.32000732421875,-0.0148335176621609,0.0002082539740062895,0.0,20.0,0.06292217387619282,0.0
2024-05-31,176.44000244140625,-0.016060700229647673,0.00020813491609361436,0.0,20.0,0.06865103689080715,0.0
2024-06-03,178.33999633789062,0.01076849847083472,0.00020805555676657055,0.0,20.0,0.05639847240964523,0.0
2024-06-04,179.33999633789062,0.00560726713319748,0.00020793649885389538,0.0,20.0,0.055205809237066236,0.0
2024-06-05,181.27999877929688,0.010817455564965828,0.00020793649885389538,0.0,20.0,0.05683507899388663,0.0
2024-06-06,185.0,0.020520748266509736,0.00020765872228713263,0.0,20.0,0.06890888647961234,0.0
2024-06-07,184.3000030517578,-0.003783767287795614,0.00020785713952685162,0.0,20.0,0.061656246210804615,0.0
2024-06-10,187.0599975585937,0.014975553234585659,0.00020765872228713263,0.0,20.0,0.07822640949941889,0.0
2024-06-11,187.22999572753903,0.0009087895389932044,0.00020813491609361436,0.0,20.0,0.08469932795309015,0.0
2024-06-12,186.88999938964844,-0.0018159287809063063,0.00020805555676657055,0.0,20.0,0.07916480939131722,0.0
2024-06-13,183.8300018310547,-0.016373254687715777,0.00020793649885389538,0.0,20.0,0.06047997357324382,0.0
2024-06-14,183.6600036621093,-0.0009247574783882717,0.00020793649885389538,0.0,20.0,0.0695056967216203,0.0
2024-06-17,184.0599975585937,0.002177904217078641,0.00020805555676657055,0.0,20.0,0.07433271014139241,0.0
2024-06-18,182.8099975585937,-0.006791263808433312,0.0002077381005362859,0.0,20.0,0.07116823672294503,0.0
2024-06-20,186.1000061035156,0.017996874289478715,0.00020734126605684796,0.0,20.0,0.07948302006078518,0.0
2024-06-21,189.0800018310547,0.01601287280926522,0.00020694445049951947,0.0,20.0,0.09819063101042019,0.0
2024-06-24,185.57000732421875,-0.0185635417434159,0.0002067460332598005,0.0,20.0,0.06390925968020514,0.0
2024-06-25,186.33999633789065,0.004149318226444931,0.00020726190672980415,0.0,20.0,0.06116215083338416,0.0
2024-06-26,193.6100006103516,0.03901472799901873,0.00020753968329656692,0.0,20.0,0.09773289336452162,0.0
2024-06-27,197.8500061035156,0.02189972356695158,0.00020726190672980415,0.0,20.0,0.13229458390391313,0.0
2024-06-28,193.25,-0.023249966952787804,0.0002068650722503662,0.0,20.0,0.06581935438920962,0.0
2024-07-01,197.1999969482422,0.02043982896891161,0.0002070634894900852,0.0,20.0,0.0969587494125368,0.0
2024-07-02,200.0,0.014198798656638534,0.0002074603239695231,0.0,20.0,0.12405199401613876,0.0
2024-07-03,197.58999633789065,-0.01205001831054675,0.00020753968329656692,0.0,20.0,0.08423051973310375,0.0
2024-07-05,200.0,0.012196992290986808,0.00020734126605684796,0.0,20.0,0.10438742210782219,0.0
2024-07-08,199.2899932861328,-0.0035500335693359197,0.0002070634894900852,0.0,20.0,0.08789998862570092,0.0
2024-07-09,199.33999633789065,0.00025090598345323123,0.00020734126605684796,0.0,20.0,0.08153976265311158,0.0
2024-07-10,199.7899932861328,0.002257434315787732,0.00020734126605684796,0.0,20.0,0.08766185980494988,0.0
2024-07-11,195.0500030517578,-0.023724863074531144,0.0002062698394533188,0.0,20.0,0.05683764838654506,0.0
2024-07-12,194.4900054931641,-0.0028710461411535215,0.0002062698394533188,0.0,20.0,0.05439807797263267,0.0
2024-07-15,192.72000122070312,-0.009100746683475047,0.0002060714222135998,0.0,20.0,0.0529405297699156,0.0
2024-07-16,193.0200042724609,0.0015566783408962337,0.0002060714222135998,0.0,20.0,0.055474405287462385,0.0
2024-07-17,187.92999267578125,-0.02637038381521717,0.00020615080046275307,0.0,20.0,0.060046117869807195,0.0
2024-07-18,183.75,-0.022242286163404512,0.0002060714222135998,0.0,20.0,0.07332873212549093,0.0
2024-07-19,183.1300048828125,-0.0033741230867346816,0.0002060714222135998,0.0,20.0,0.07010516800690313,0.0
2024-07-22,182.5500030517578,-0.003167158934036185,0.00020595238322303409,0.0,20.0,0.07409593321350509,0.0
2024-07-23,186.4100036621093,0.02114489480045134,0.00020527777217683337,0.0,20.0,0.052620784656451175,0.0
2024-07-24,180.8300018310547,-0.02993402565008818,0.00020515873318626766,0.0,20.0,0.07454607728875388,0.0
2024-07-25,179.85000610351562,-0.005419431054668911,0.0002047618987068297,0.0,20.0,0.07489298251890962,0.0
2024-07-26,182.5,0.014734466536293178,0.00020456350038922024,0.0,20.0,0.053994264916080746,0.0
2024-07-29,183.1999969482422,0.003835599716395466,0.0002042460252368261,0.0,20.0,0.05227095911668535,0.0
2024-07-30,181.7100067138672,-0.008133134602594794,0.0002037698503524538,0.0,20.0,0.05753055992623958,0.0
2024-07-31,186.97999572753903,0.029002194810164417,0.0002037698503524538,0.0,20.0,0.04098924514250955,0.0
2024-08-01,184.07000732421875,-0.015563100170141286,0.00020297618139357795,0.0,20.0,0.04566171712597972,0.0
2024-08-02,167.89999389648438,-0.0878470841762542,0.00019960318292890276,0.0,20.0,0.12093283499796058,0.0
2024-08-05,161.02000427246094,-0.04097671157906757,0.00020079364852299765,0.0,20.0,0.15430601092985471,0.0
2024-08-06,161.92999267578125,0.005651399696776416,0.00020158729855976408,0.0,20.0,0.13125818813969564,0.0
2024-08-07,162.77000427246094,0.0051874985158653075,0.00020158729855976408,0.0,20.0,0.11252838808125269,0.0
2024-08-08,165.8000030517578,0.018615215947435537,0.00020170635647243925,0.0,20.0,0.08140914533731944,0.0
2024-08-09,166.94000244140625,0.00687575011257735,0.00020138888132004512,0.0,20.0,0.06871007663416355,0.0
2024-08-12,166.8000030517578,-0.000838620987187122,0.0002013095219930013,0.0,20.0,0.06685380497909867,0.0
2024-08-13,170.22999572753906,0.020563504874259175,0.00020051587195623488,0.0,20.0,0.045843403809632824,0.0
2024-08-14,170.10000610351562,-0.0007636117446156998,0.00020091270643567282,0.0,20.0,0.046199204629069034,0.0
2024-08-15,177.58999633789062,0.04403286281963403,0.00020158729855976408,0.0,20.0,0.03610712866382074,0.0
2024-08-16,177.05999755859375,-0.002984395462729106,0.00020138888132004512,0.0,20.0,0.032154290300046934,0.0
2024-08-19,178.22000122070312,0.006551472258579993,0.00020091270643567282,0.0,20.0,0.03549246868670768,0.0
2024-08-20,178.8800048828125,0.003703308593809629,0.00019972222191946848,0.0,20.0,0.04111356463424897,0.0
2024-08-21,180.11000061035156,0.006876093995775934,0.0001986111156524174,0.0,20.0,0.038664139617392144,0.0
2024-08-22,176.1300048828125,-0.022097583221652117,0.0001994047656891838,0.0,20.0,0.03093749278017457,0.0
2024-08-23,177.0399932861328,0.005166572293719973,0.0001984126984126984,0.0,20.0,0.031157463816573916,0.0
2024-08-26,175.5,-0.00869856159361615,0.0001983333390856546,0.0,20.0,0.033861826766887385,0.0
2024-08-27,173.1199951171875,-0.013561281383547064,0.00019714285456945026,0.0,20.0,0.041145425800658914,0.0
2024-08-28,170.8000030517578,-0.013401063602498708,0.00019662698109944662,0.0,20.0,0.05048226410353444,0.0
2024-08-29,172.1199951171875,0.007728290643119529,0.00019702381557888457,0.0,20.0,0.0454657029988571,0.0
2024-08-30,178.5,0.037067191865004956,0.00019714285456945026,0.0,20.0,0.033176478497086805,0.0
2024-09-03,176.25,-0.012605042016806678,0.00019722221389649407,0.0,20.0,0.0317197965284037,0.0
2024-09-04,173.3300018310547,-0.016567365497562103,0.00019634920453268385,0.0,20.0,0.039449339205391835,0.0
2024-09-05,177.88999938964844,0.026308183871355473,0.00019571429207211448,0.0,20.0,0.032259875127628256,0.0
2024-09-06,171.38999938964844,-0.03653943460735232,0.00019476190445915102,0.0,20.0,0.04904666764533437,0.0
2024-09-09,175.39999389648438,0.023396899008788496,0.00019424603098914736,0.0,20.0,0.03343854494362278,0.0
2024-09-10,179.5500030517578,0.023660258265018275,0.00019186508087884813,0.0,20.0,0.033830223379904614,0.0
2024-09-11,184.5200042724609,0.027680318219044597,0.00019345238095238096,0.0,20.0,0.054972899737601784,0.0
2024-09-12,187.0,0.013440254011034769,0.00019206349811856709,0.0,20.0,0.07078336497708884,0.0
2024-09-13,186.4900054931641,-0.0027272433520636463,0.00018900793696206714,0.0,20.0,0.05346201159309852,0.0
2024-09-16,184.88999938964844,-0.00857958097692424,0.00018829364625234452,0.0,20.0,0.040295489424355645,0.0
2024-09-17,186.8800048828125,0.010763186217390919,0.00018789683069501603,0.0,20.0,0.0467345280192029,0.0
2024-09-18,186.42999267578125,-0.0024080275860086653,0.00018313491155230808,0.0,20.0,0.04063179502795047,0.0
2024-09-19,189.8699951171875,0.01845197970580159,0.00018226190218849787,0.0,20.0,0.057080596361015146,0.0
2024-09-20,191.6000061035156,0.009111555436973173,0.00018035714588468036,0.0,20.0,0.0655469404628869,0.0
2024-09-23,193.8800048828125,0.011899784481557374,0.0001786904675619943,0.0,20.0,0.0829369085385299,0.0
2024-09-24,193.9600067138672,0.0004126358007008335,0.00017837301133170959,0.0,20.0,0.08016124516347248,0.0
2024-09-25,192.52999877929688,-0.007372694808574054,0.00017805555510142494,0.0,20.0,0.056412258596565505,0.0
2024-09-26,191.1600036621093,-0.007115748848874448,0.00017730158472818041,0.0,20.0,0.04337612413619319,0.0
2024-09-27,187.97000122070312,-0.016687603998191802,0.00017785713786170598,0.0,20.0,0.033802781603460695,0.0
2024-09-30,186.3300018310547,-0.008724793206352333,0.00017849206924438476,0.0,20.0,0.034334553027122475,0.0
2024-10-01,185.1300048828125,-0.006440170323887107,0.00017785713786170598,0.0,20.0,0.03626601931550921,0.0
2024-10-02,184.759994506836,-0.0019986515757438594,0.00017750000196789937,0.0,20.0,0.039789240596135124,0.0
2024-10-03,181.9600067138672,-0.015154729791168164,0.0001771825457376147,0.0,20.0,0.04707350541925442,0.0
2024-10-04,186.509994506836,0.02500542770436187,0.00017876984581114753,0.0,20.0,0.03312918801749295,0.0
2024-10-07,180.8000030517578,-0.030614935516868003,0.00017956349584791396,0.0,20.0,0.045575528838578745,0.0
2024-10-08,182.72000122070312,0.010619458719785868,0.0001796825348384797,0.0,20.0,0.036523678662401506,0.0
2024-10-09,185.1699981689453,0.013408477078997505,0.00017996031140524242,0.0,20.0,0.0337341535389171,0.0
2024-10-10,186.6499938964844,0.007992632403596822,0.00017976191308763294,0.0,20.0,0.035217113553402825,0.0
2024-10-11,188.82000732421875,0.011626110360002606,0.00017916666136847602,0.0,20.0,0.04049663108394994,0.0
2024-10-14,187.5399932861328,-0.006779016992029097,0.0001792857192811512,0.0,20.0,0.039419179603978935,0.0
2024-10-15,187.69000244140625,0.0007998782160802964,0.00017916666136847602,0.0,20.0,0.04064805515718355,0.0
2024-10-16,186.88999938964844,-0.004262363692000948,0.0001786904675619943,0.0,20.0,0.04150837245708819,0.0
2024-10-17,187.52999877929688,0.0034244710350397334,0.00017916666136847602,0.0,20.0,0.044336581239980126,0.0
2024-10-18,188.9900054931641,0.007785456851548744,0.0001790873020414322,0.0,20.0,0.047907731476190915,0.0
2024-10-21,189.07000732421875,0.00042331249658356107,0.0001792857192811512,0.0,20.0,0.05332660964287496,0.0
2024-10-22,189.6999969482422,0.003332044214411578,0.00017857142857142857,0.0,20.0,0.05731204459063331,0.0
2024-10-23,184.7100067138672,-0.026304640562205495,0.00017876984581114753,0.0,20.0,0.04992871803596212,0.0
2024-10-24,186.3800048828125,0.009041189476714617,0.00017805555510142494,0.0,20.0,0.05032631086478902,0.0
2024-10-25,187.8300018310547,0.007779788122410869,0.0001789682630508665,0.0,20.0,0.05044489296740275,0.0
2024-10-28,188.38999938964844,0.002981406341556969,0.00017785713786170598,0.0,20.0,0.05584274631248666,0.0
2024-10-29,190.8300018310547,0.012951868195294036,0.00017777777853466217,0.0,20.0,0.05765737084569467,0.0
2024-10-30,192.72999572753903,0.009956473710912794,0.00017710316748846146,0.0,20.0,0.06709622962722014,0.0
2024-10-31,186.3999938964844,-0.032843885079535395,0.00017587302223084464,0.0,20.0,0.05194829135317576,0.0
2024-11-01,197.92999267578125,0.06185621865256041,0.0001746031783875965,0.0,20.0,0.09064848939454587,0.0
2024-11-04,195.77999877929688,-0.01086239567545566,0.0001753174690973191,0.0,20.0,0.06274894002167795,0.0
2024-11-05,199.5,0.0190009257528736,0.00017551586741492862,0.0,20.0,0.07814785548028647,0.0
2024-11-06,207.08999633789065,0.03804509442551707,0.0001757936439816914,0.0,20.0,0.15186493864785866,0.0
2024-11-07,210.0500030517578,0.01429333510169939,0.0001753968284243629,0.0,20.0,0.17231402000578577,0.0
2024-11-08,208.17999267578125,-0.008902691496347037,0.00017551586741492862,0.0,20.0,0.12180077820745062,0.0
2024-11-11,206.83999633789065,-0.006436720074140423,0.00017519841118464392,0.0,20.0,0.09130631711371232,0.0
2024-11-12,208.9100036621093,0.010007771034945767,0.00017551586741492862,0.0,20.0,0.10307586118157021,0.0
2024-11-13,214.1000061035156,0.024843245179396067,0.00017420634390815856,0.0,20.0,0.15478942577876445,0.0
2024-11-14,211.47999572753903,-0.012237320417028852,0.0001739285673413958,0.0,20.0,0.10160570388572283,0.0
2024-11-15,202.6100006103516,-0.04194247823144048,0.0001743254018208337,0.0,20.0,0.036139297934638055,0.0
2024-11-18,201.6999969482422,-0.004491405455644193,0.00017472221737816225,0.0,20.0,0.037211207602841995,0.0
2024-11-19,204.6100006103516,0.014427385751801136,0.00017492063461788118,0.0,20.0,0.0387603047179078,0.0
2024-11-20,202.8800048828125,-0.008455088814713463,0.00017499999394492496,0.0,20.0,0.035497876239883513,0.0
2024-11-21,198.3800048828125,-0.022180598835253806,0.00017511905185760014,0.0,20.0,0.03569034532751097,0.0
2024-11-22,197.1199951171875,-0.006351495788949668,0.00017519841118464392,0.0,20.0,0.03860860423463373,0.0
2024-11-25,201.4499969482422,0.021966324768223133,0.00017480159562731546,0.0,20.0,0.03022057653005025,0.0
2024-11-26,207.8600006103516,0.03181932866326287,0.00017440476114787752,0.0,20.0,0.05509268125124751,0.0
2024-11-27,205.7400054931641,-0.010199148999145757,0.00017400794559054903,0.0,20.0,0.038616729887367605,0.0
2024-11-29,207.88999938964844,0.010450052683389277,0.0001735317517840673,0.0,20.0,0.051586485101293246,0.0
2024-12-02,210.7100067138672,0.01356490130596999,0.00017380952835083008,0.0,20.0,0.06396168513863823,0.0
2024-12-03,213.44000244140625,0.012956175029913197,0.0001728968204013885,0.0,20.0,0.08589721447905328,0.0
2024-12-04,218.1600036621093,0.022113948494724145,0.00017242062659490677,0.0,20.0,0.12490119566447348,0.0
2024-12-05,220.5500030517578,0.010955259211263169,0.0001718253937978593,0.0,20.0,0.1411099563423794,0.0
2024-12-06,227.02999877929688,0.029381072944344444,0.00017043651096404543,0.0,20.0,0.2165598284903969,0.0
2024-12-09,226.08999633789065,-0.004140432746599365,0.00017035715163700164,0.0,20.0,0.16740199236348247,0.0
2024-12-10,225.0399932861328,-0.004644181824783655,0.00017003967648460754,0.0,20.0,0.13135942771546139,0.0
2024-12-11,230.259994506836,0.02319588240507131,0.00016884921089051262,0.0,20.0,0.1853899294308939,0.0
2024-12-12,228.97000122070312,-0.0056023335225718895,0.00016757936704726447,0.0,20.0,0.14690757347875213,0.0
2024-12-13,227.4600067138672,-0.006594726378065796,0.00016738094980754548,0.0,20.0,0.11538586662928284,0.0
2024-12-16,232.92999267578125,0.024048121869595374,0.00016777778428698342,0.0,20.0,0.17085474159348743,0.0
2024-12-17,231.1499938964844,-0.007641775792155969,0.00016825395917135572,0.0,20.0,0.13499422753197973,0.0
2024-12-18,220.5200042724609,-0.04598741035997567,0.00016793650294107105,0.0,20.0,0.05117987748866198,0.0
2024-12-19,223.2899932861328,0.012561168873593376,0.0001674603091345893,0.0,20.0,0.05858043034530944,0.0
2024-12-20,224.9199981689453,0.00729994595290151,0.0001672619108169798,0.0,20.0,0.0633315105768387,0.0
2024-12-23,225.0599975585937,0.0006224408269077664,0.0001672619108169798,0.0,20.0,0.0637439837142079,0.0
2024-12-24,229.0500030517578,0.017728630305016146,0.0001666666590978229,0.0,20.0,0.08906498035390685,0.0
2024-12-26,227.0500030517578,-0.00873171784917226,0.0001672619108169798,0.0,20.0,0.06961292981580479,0.0
2024-12-27,223.75,-0.014534256804240364,0.00016579364973401265,0.0,20.0,0.05419119682570095,0.0
2024-12-30,221.3000030517578,-0.010949707031249978,0.00016595238731020973,0.0,20.0,0.04974377290098349,0.0
2024-12-31,219.38999938964844,-0.008630834323407832,0.00016698413425021702,0.0,20.0,0.04941183527220688,0.0
2025-01-02,220.22000122070312,0.003783225458606987,0.00016698413425021702,0.0,20.0,0.04745370592979557,0.0
2025-01-03,224.19000244140625,0.018027432561515733,0.00016638888253106012,0.0,20.0,0.05075664715933485,0.0
2025-01-06,227.6100006103516,0.015254909370185699,0.0001662698435404944,0.0,20.0,0.06390263133586785,0.0
2025-01-07,222.1100006103516,-0.02416414035082548,0.00016678571701049806,0.0,20.0,0.04696341874489616,0.0
2025-01-08,222.1300048828125,9.006470850447812e-05,0.00016686507633754187,0.0,20.0,0.04755393672653603,0.0
2025-01-10,218.94000244140625,-0.014360970473526025,0.00016718253256782652,0.0,20.0,0.045826018379448656,0.0
2025-01-13,218.4600067138672,-0.0021923619356289947,0.00016738094980754548,0.0,20.0,0.04468774963564051,0.0
2025-01-14,217.759994506836,-0.003204303696410893,0.00016718253256782652,0.0,20.0,0.04690623000694657,0.0
2025-01-15,223.3500061035156,0.02567051679689558,0.00016686507633754187,0.0,20.0,0.044220322372145966,0.0
2025-01-16,220.6600036621093,-0.01204388792431721,0.00016646826078021336,0.0,20.0,0.042536418965935754,0.0
2025-01-17,225.94000244140625,0.0239282094247677,0.00016638888253106012,0.0,20.0,0.0506792837968595,0.0
2025-01-21,230.7100067138672,0.021111818274402117,0.00016654762010725717,0.0,20.0,0.07623445333426246,0.0
2025-01-22,235.009994506836,0.018638063663626747,0.0001672619108169798,0.0,20.0,0.10935904186981442,0.0
2025-01-23,235.4199981689453,0.0017446222360444352,0.00016718253256782652,0.0,20.0,0.11267777413197416,0.0
2025-01-24,234.8500061035156,-0.002421170970448583,0.00016686507633754187,0.0,20.0,0.0976188392493749,0.0
2025-01-27,235.4199981689453,0.0024270472668350695,0.0001661904842134506,0.0,20.0,0.1075967378499042,0.0
2025-01-28,238.1499938964844,0.011596277923594078,0.0001662698435404944,0.0,20.0,0.12027334894954278,0.0
2025-01-29,237.07000732421875,-0.004534900692607535,0.0001661904842134506,0.0,20.0,0.09472204110432196,0.0
2025-01-30,234.63999938964844,-0.010250170242948609,0.00016595238731020973,0.0,20.0,0.07177819495038386,0.0
2025-01-31,237.67999267578125,0.012955989149507907,0.0001661904842134506,0.0,20.0,0.08462791346285847,0.0
2025-02-03,237.4199981689453,-0.0010938846972727845,0.0001662698435404944,0.0,20.0,0.07996476542135111,0.0
2025-02-04,242.0599975585937,0.01954342273369325,0.00016718253256782652,0.0,20.0,0.1119193373885071,0.0
2025-02-05,236.1699981689453,-0.02433280777102642,0.00016706349357726083,0.0,20.0,0.061722517389407504,0.0
2025-02-06,238.8300018310547,0.011263088803542765,0.00016718253256782652,0.0,20.0,0.07570184484804525,0.0
2025-02-07,229.1499938964844,-0.04053095448794497,0.00016777778428698342,0.0,20.0,0.04652550271793691,0.0
2025-02-10,233.13999938964844,0.017412199866636113,0.00016777778428698342,0.0,20.0,0.04785446273217642,0.0
2025-02-11,232.759994506836,-0.0016299428832773355,0.00016765872637430828,0.0,20.0,0.05143752001658093,0.0
2025-02-12,228.92999267578125,-0.016454725560419492,0.00016777778428698342,0.0,20.0,0.046358103085973344,0.0
2025-02-13,230.3699951171875,0.006290143220533118,0.00016718253256782652,0.0,20.0,0.05205962944122325,0.0
2025-02-14,228.67999267578125,-0.007336035409240549,0.00016718253256782652,0.0,20.0,0.05194639883642714,0.0
2025-02-18,226.6499938964844,-0.008877028355405603,0.00016718253256782652,0.0,20.0,0.052694101807886896,0.0
2025-02-19,226.6300048828125,-8.81933122002243e-05,0.00016738094980754548,0.0,20.0,0.05973988444571839,0.0
2025-02-20,222.8800048828125,-0.016546793977871843,0.00016686507633754187,0.0,20.0,0.06113472398202117,0.0
2025-02-21,216.5800018310547,-0.028266344731418536,0.00016654762010725717,0.0,20.0,0.07642370682797422,0.0
2025-02-24,212.7100067138672,-0.017868663239768212,0.0001662698435404944,0.0,20.0,0.0867096558750114,0.0
2025-02-25,212.8000030517578,0.000423094048469963,0.00016595238731020973,0.0,20.0,0.07739168254732348,0.0
2025-02-26,214.3500061035156,0.007283848822975836,0.00016638888253106012,0.0,20.0,0.06243435818588989,0.0
2025-02-27,208.7400054931641,-0.02617215045770649,0.00016646826078021336,0.0,20.0,0.084392539679075,0.0
2025-02-28,212.27999877929688,0.016958863624484843,0.00016638888253106012,0.0,20.0,0.05638744896625663,0.0
2025-03-03,205.0200042724609,-0.03420008737791658,0.00016638888253106012,0.0,20.0,0.08686506125756702,0.0
2025-03-04,203.8000030517578,-0.005950644792113935,0.00016646826078021336,0.0,20.0,0.08632119332172224,0.0
2025-03-05,208.3600006103516,0.022374865016246748,0.00016686507633754187,0.0,20.0,0.05445323399084277,0.0
2025-03-06,200.6999969482422,-0.03676331176651404,0.00016654762010725717,0.0,20.0,0.08825374583618391,0.0
2025-03-07,199.25,-0.007224698407026442,0.00016654762010725717,0.0,20.0,0.09040910156444287,0.0
2025-03-10,194.5399932861328,-0.02363867861413893,0.00016607142630077544,0.0,20.0,0.110475864460125,0.0
2025-03-11,196.58999633789065,0.010537694677220655,0.00016646826078021336,0.0,20.0,0.0876988442473015,0.0
2025-03-12,198.88999938964844,0.011699491808345286,0.00016654762010725717,0.0,20.0,0.06866311705277146,0.0
2025-03-13,193.88999938964844,-0.025139524437347016,0.0001661904842134506,0.0,20.0,0.08989781000006479,0.0
2025-03-14,197.9499969482422,0.02093969555611075,0.0001661904842134506,0.0,20.0,0.06237991119714754,0.0
2025-03-17,195.7400054931641,-0.011164392468548168,0.0001661904842134506,0.0,20.0,0.06993276004779315,0.0
2025-03-18,192.82000732421875,-0.014917738259935365,0.00016646826078021336,0.0,20.0,0.08197154635751315,0.0
2025-03-19,195.5399932861328,0.014106347155876442,0.0001662698435404944,0.0,20.0,0.06568599546790803,0.0
2025-03-20,194.9499969482422,-0.003017266841301769,0.00016595238731020973,0.0,20.0,0.06542107752536806,0.0
2025-03-21,196.2100067138672,0.006463245885351521,0.00016607142630077544,0.0,20.0,0.05954380148107289,0.0
2025-03-24,203.259994506836,0.0359308269289742,0.00016595238731020973,0.0,20.0,0.045872633506342256,0.0
2025-03-25,205.7100067138672,0.012053587883713135,0.00016595238731020973,0.0,20.0,0.05123603828713964,0.0
2025-03-26,201.1300048828125,-0.022264360904062586,0.0001662698435404944,0.0,20.0,0.0435760872287635,0.0
2025-03-27,201.3600006103516,0.0011435177345771042,0.0001661904842134506,0.0,20.0,0.04188712086064882,0.0
2025-03-28,192.72000122070312,-0.04290822091507429,0.0001661904842134506,0.0,20.0,0.06839268259880972,0.0
2025-03-31,190.259994506836,-0.012764667384211559,0.00016638888253106012,0.0,20.0,0.07926461693055803,0.0
2025-04-01,192.1699981689453,0.010038913682617112,0.0001666666590978229,0.0,20.0,0.0666772608875093,0.0
2025-04-02,196.009994506836,0.019982288465834053,0.00016678571701049806,0.0,20.0,0.05201521238472353,0.0
2025-04-03,178.41000366210938,-0.08979129298487276,0.00016607142630077544,0.0,20.0,0.13424147920646948,0.0
2025-04-04,171.0,-0.041533565999713695,0.00016488096070668053,0.0,20.0,0.16881454307302982,0.0
2025-04-07,175.25999450683594,0.024912248577988017,0.00016468254346696157,0.0,20.0,0.1307925305415852,0.0
2025-04-08,170.66000366210938,-0.026246667744515673,0.00016579364973401265,0.0,20.0,0.14968817724878208,0.0
2025-04-09,191.1000061035156,0.11977031526306248,0.00016777778428698342,0.0,20.0,0.06913365402653937,0.0
2025-04-10,181.22000122070312,-0.051700704171933065,0.00016654762010725717,0.0,20.0,0.08865713058636684,0.0
2025-04-11,184.8699951171875,0.020141230945248445,0.00016718253256782652,0.0,20.0,0.07301481769961418,0.0
2025-04-14,182.1199951171875,-0.014875318183769082,0.00016646826078021336,0.0,20.0,0.07722241424649487,0.0
2025-04-15,179.58999633789062,-0.013891933050343641,0.0001666666590978229,0.0,20.0,0.08380270636874149,0.0
2025-04-16,174.3300018310547,-0.029288905919567454,0.00016698413425021702,0.0,20.0,0.10684753502362399,0.0
2025-04-17,172.61000061035156,-0.009866352335440198,0.00016686507633754187,0.0,20.0,0.11096753325109106,0.0
2025-04-21,167.32000732421875,-0.030647084568839134,0.00016706349357726083,0.0,20.0,0.13493635077210966,0.0
2025-04-22,173.17999267578125,0.03502262189247651,0.00016718253256782652,0.0,20.0,0.09274886597199361,0.0
2025-04-23,180.6000061035156,0.042845673527805994,0.00016698413425021702,0.0,20.0,0.06399349023686884,0.0
2025-04-24,186.5399932861328,0.032890293365840595,0.00016654762010725717,0.0,20.0,0.05594509218009599,0.0
2025-04-25,188.9900054931641,0.013133978209558528,0.00016638888253106012,0.0,20.0,0.054747987819938455,0.0
2025-04-28,187.6999969482422,-0.006825802991833663,0.00016638888253106012,0.0,20.0,0.04518262281399731,0.0
2025-04-29,187.38999938964844,-0.0016515586767922308,0.0001662698435404944,0.0,20.0,0.044056444602586155,0.0
2025-04-30,184.4199981689453,-0.015849304820837684,0.0001662698435404944,0.0,20.0,0.05048993363209128,0.0
2025-05-01,190.1999969482422,0.031341496782804956,0.00016607142630077544,0.0,20.0,0.04901569674062224,0.0
2025-05-02,189.97999572753903,-0.0011566836184704332,0.00016698413425021702,0.0,20.0,0.047732212496496236,0.0
2025-05-05,186.3500061035156,-0.01910722026349243,0.00016698413425021702,0.0,20.0,0.04260987417636098,0.0
2025-05-06,185.009994506836,-0.007190832051463647,0.00016706349357726083,0.0,20.0,0.042023878841589916,0.0
2025-05-07,188.7100067138672,0.0199989855515319,0.0001672619108169798,0.0,20.0,0.033313063505641054,0.0
2025-05-08,192.0800018310547,0.01785806262143419,0.0001672619108169798,0.0,20.0,0.0322031481988128,0.0
2025-05-09,193.0599975585937,0.005102018524557161,0.0001672619108169798,0.0,20.0,0.02968062847108193,0.0
2025-05-12,208.63999938964844,0.08070031092964358,0.000169841278166998,0.0,20.0,0.16974998182658266,0.0
2025-05-13,211.3699951171875,0.01308471882441209,0.00017003967648460754,0.0,20.0,0.1744757087547872,0.0
2025-05-14,210.25,-0.005298742220089303,0.00017003967648460754,0.0,20.0,0.12359706579482706,0.0
2025-05-15,205.1699981689453,-0.024161720956264898,0.0001689682498810783,0.0,20.0,0.04863420877202053,0.0
2025-05-16,205.58999633789065,0.002047074000553817,0.00016813492018079,0.0,20.0,0.04042579751739374,0.0
2025-05-19,206.1600036621093,0.0027725440652366373,0.00016825395917135572,0.0,20.0,0.03862422983508532,0.0
2025-05-20,204.07000732421875,-0.010137739138363577,0.00016857143432374985,0.0,20.0,0.020844058014437783,0.0
2025-05-21,201.1199951171875,-0.014455883280997672,0.0001680555608537462,0.0,20.0,0.012193361706084791,0.0
2025-05-22,203.1000061035156,0.009844923599835909,0.00016793650294107105,0.0,20.0,0.013436316747450772,0.0
2025-05-23,200.9900054931641,-0.010388973643240984,0.00016785714361402723,0.0,20.0,0.012586440304593985,0.0
2025-05-27,206.0200042724609,0.02502611394509313,0.00016678571701049806,0.0,20.0,0.025752228060199032,0.0
2025-05-28,204.72000122070312,-0.00631008166584901,0.00016765872637430828,0.0,20.0,0.014999593720146462,0.0
2025-05-29,205.6999969482422,0.004787005283780621,0.00016785714361402723,0.0,20.0,0.015851109681987864,0.0
2025-05-30,205.009994506836,-0.0033544115296210153,0.00016793650294107105,0.0,20.0,0.014956326041433043,0.0
2025-06-02,206.6499938964844,0.007999607012299625,0.00016793650294107105,0.0,20.0,0.022306429853786815,0.0
2025-06-03,205.7100067138672,-0.00454869204152053,0.0001680555608537462,0.0,20.0,0.016271809812466308,0.0
2025-06-04,207.22999572753903,0.00738898917924824,0.00016825395917135572,0.0,20.0,0.02025736257286096,0.0
2025-06-05,207.9100036621093,0.0032814165352024194,0.00016793650294107105,0.0,20.0,0.020079807632375376,0.0
2025-06-06,213.57000732421875,0.02722333491613993,0.00016793650294107105,0.0,20.0,0.04726926551010213,0.0
2025-06-09,216.97999572753903,0.015966607137600564,0.00016825395917135572,0.0,20.0,0.07199121700439012,0.0
2025-06-10,217.6100006103516,0.0029035159702170965,0.00016865079365079366,0.0,20.0,0.07791687445861047,0.0
2025-06-11,213.1999969482422,-0.020265629565462295,0.00016865079365079366,0.0,20.0,0.024689427401655615,0.0
2025-06-12,213.2400054931641,0.0001876573428452044,0.0001689682498810783,0.0,20.0,0.03006973506376145,0.0
2025-06-13,212.1000061035156,-0.005346085913907173,0.00016825395917135572,0.0,20.0,0.025172963737611,0.0
2025-06-16,216.1000061035156,0.018859028217320217,0.00016857143432374985,0.0,20.0,0.04499622935011818,0.0
2025-06-17,214.82000732421875,-0.005923177895162612,0.00016738094980754548,0.0,20.0,0.027021617831888296,0.0
2025-06-18,212.5200042724609,-0.010706651956707836,0.00016757936704726447,0.0,20.0,0.017874140282492453,0.0
2025-06-20,209.69000244140625,-0.013316402099382896,0.00016646826078021336,0.0,20.0,0.02042332757360848,0.0
2025-06-23,208.47000122070312,-0.005818118205440093,0.00016499999969724625,0.0,20.0,0.02496011215465321,0.0
2025-06-24,212.7700042724609,0.02062648355436747,0.00016595238731020973,0.0,20.0,0.01909138294175143,0.0
2025-06-25,211.9900054931641,-0.0036659245365150417,0.0001661904842134506,0.0,20.0,0.024408526826202034,0.0
2025-06-26,217.1199951171875,0.024199205109171285,0.00016638888253106012,0.0,20.0,0.028300064220607674,0.0
2025-06-27,223.3000030517578,0.028463559660798277,0.00016654762010725717,0.0,20.0,0.066572394556274,0.0
2025-06-30,219.38999938964844,-0.017510092291414314,0.0001662698435404944,0.0,20.0,0.025895574326453546,0.0
2025-07-01,220.4600067138672,0.00487719279454657,0.00016765872637430828,0.0,20.0,0.02818647703518422,0.0
2025-07-02,219.9199981689453,-0.002449462616694653,0.00016757936704726447,0.0,20.0,0.02386433583194451,0.0
2025-07-03,223.4100036621093,0.015869432167250785,0.00016825395917135572,0.0,20.0,0.03938347126623056,0.0
2025-07-07,223.47000122070312,0.00026855359030641957,0.0001684523764110747,0.0,20.0,0.03731169194906051,0.0
2025-07-08,219.3600006103516,-0.018391733064396565,0.00016865079365079366,0.0,20.0,0.0163650956797575,0.0
2025-07-09,222.5399932861328,0.014496684294917683,0.0001684523764110747,0.0,20.0,0.025156293499735204,0.0
2025-07-10,222.259994506836,-0.0012581953255332845,0.00016825395917135572,0.0,20.0,0.02297795810516682,0.0
2025-07-11,225.0200042724609,0.012417933203629383,0.00016813492018079,0.0,20.0,0.03429758274935052,0.0
2025-07-14,225.69000244140625,0.0029775049161144818,0.00016777778428698342,0.0,20.0,0.037651244025355295,0.0
2025-07-15,226.3500061035156,0.0029243814744550622,0.00016793650294107105,0.0,20.0,0.04059643745838614,0.0
2025-07-16,223.19000244140625,-0.013960696164789121,0.00016765872637430828,0.0,20.0,0.022766182055971137,0.0
2025-07-17,223.8800048828125,0.0030915472640284936,0.0001680555608537462,0.0,20.0,0.026801402440473514,0.0
2025-07-18,226.1300048828125,0.010050026580880944,0.00016785714361402723,0.0,20.0,0.0386747947994653,0.0
2025-07-21,229.3000030517578,0.014018476542235536,0.00016757936704726447,0.0,20.0,0.05918068995953113,0.0
2025-07-22,227.47000122070312,-0.007980819043607368,0.00016785714361402723,0.0,20.0,0.0387912977489948,0.0
2025-07-23,228.2899932861328,0.003604836070819184,0.00016825395917135572,0.0,20.0,0.045879731214262566,0.0
2025-07-24,232.22999572753903,0.01725876103762425,0.0001684523764110747,0.0,20.0,0.06275280057500625,0.0
2025-07-25,231.44000244140625,-0.003401771091877559,0.0001684523764110747,0.0,20.0,0.04876349304508266,0.0
2025-07-28,232.7899932861328,0.005833005662313484,0.0001680555608537462,0.0,20.0,0.055215545942934915,0.0
2025-07-29,231.009994506836,-0.00764637153929959,0.00016785714361402723,0.0,20.0,0.04365808233002067,0.0
2025-07-30,230.19000244140625,-0.0035495956232555192,0.00016793650294107105,0.0,20.0,0.0416598284721796,0.0
2025-07-31,234.1100006103516,0.017029402351838252,0.0001680555608537462,0.0,20.0,0.05580937409288738,0.0
2025-08-01,214.75,-0.08269617085933045,0.00016595238731020973,0.0,20.0,0.06370171079355648,0.0
2025-08-04,211.6499938964844,-0.014435418409851408,0.00016480158245752731,0.0,20.0,0.07954490415922573,0.0
2025-08-05,213.75,0.009922070229506863,0.00016468254346696157,0.0,20.0,0.062280476474752954,0.0
2025-08-06,222.3099975585937,0.040046772203947034,0.00016400793242076086,0.0,20.0,0.01899174562270697,0.0
2025-08-07,223.1300048828125,0.003688576011983802,0.00016420634966047982,0.0,20.0,0.01851353720959749,0.0
2025-08-08,222.69000244140625,-0.001971955504762035,0.00016400793242076086,0.0,20.0,0.017371006857936407,0.0
2025-08-11,221.3000030517578,-0.006241858073597895,0.0001644047669001988,0.0,20.0,0.020054199716722468,0.0
2025-08-12,221.47000122070312,0.0007681796954406295,0.00016388889343019517,0.0,20.0,0.017485763823810712,0.0
2025-08-13,224.5599975585937,0.013952211680403837,0.00016309524339342874,0.0,20.0,0.011878375541516573,0.0
2025-08-14,230.97999572753903,0.028589233339612052,0.00016317460272047255,0.0,20.0,0.032658846636152004,0.0
2025-08-15,231.02999877929688,0.00021648217457248542,0.00016317460272047255,0.0,20.0,0.03189431126798192,0.0
2025-08-18,231.4900054931641,0.0019911124801876845,0.0001636111168634324,0.0,20.0,0.03055364316978421,0.0
2025-08-19,228.009994506836,-0.015033093886339999,0.00016309524339342874,0.0,20.0,0.015758948666197002,0.0
2025-08-20,223.8099975585937,-0.018420231785569285,0.00016329364171103827,0.0,20.0,0.014988018326740049,0.0
2025-08-21,221.9499969482422,-0.008310623433453013,0.00016380951518104187,0.0,20.0,0.017496053606325817,0.0
2025-08-22,228.83999633789065,0.031043025385826706,0.00016222221510750907,0.0,20.0,0.015833897581052976,0.0
2025-08-25,227.94000244140625,-0.003932852258726305,0.00016242063234722803,0.0,20.0,0.01228043120925865,0.0
2025-08-26,228.7100067138672,0.0033781006590050122,0.00016222221510750907,0.0,20.0,0.017355324150731134,0.0
2025-08-27,229.1199951171875,0.0017926124405795996,0.00016111110884045796,0.0,20.0,0.020661938419954142,0.0
2025-08-28,231.6000061035156,0.0108240705271474,0.00016158730264693972,0.0,20.0,0.030971360540713203,0.0
2025-08-29,229.0,-0.011226278216735053,0.00016043651671636674,0.0,20.0,0.01919717149688821,0.0
2025-09-02,225.33999633789065,-0.015982548742835556,0.0001600000025734069,0.0,20.0,0.02220390080884945,0.0
2025-09-03,225.9900054931641,0.0028845707190781056,0.00015944444943988135,0.0,20.0,0.023048461018786,0.0
2025-09-04,235.67999267578125,0.042877945692648245,0.00015865078994206018,0.0,20.0,0.05251133581149123,0.0
2025-09-05,232.3300018310547,-0.014214150326010255,0.00015515873356470987,0.0,20.0,0.021878151071332175,0.0
2025-09-08,235.83999633789065,0.015107797009308976,0.00015587301481337774,0.0,20.0,0.03489973563847079,0.0
2025-09-09,238.2400054931641,0.010176429751274751,0.00015646825707147993,0.0,20.0,0.050147380970652605,0.0
2025-09-10,230.3300018310547,-0.03320182790348525,0.00015595238360147627,0.0,20.0,0.014509368108023652,0.0
2025-09-11,229.9499969482422,-0.0016498279850283293,0.00015587301481337774,0.0,20.0,0.013692908386267062,0.0
2025-09-12,228.1499938964844,-0.00782780202498956,0.00015587301481337774,0.0,20.0,0.016470692500832617,0.0
2025-09-15,231.42999267578125,0.014376501718361023,0.00015476190854632666,0.0,20.0,0.014941060773139607,0.0
2025-09-16,234.0500030517578,0.011320962964584513,0.00015436508352794344,0.0,20.0,0.018717203505190603,0.0
2025-09-17,231.6199951171875,-0.010382430689534927,0.00015349206470307848,0.0,20.0,0.015360806499850938,0.0
2025-09-18,231.22999572753903,-0.0016837898189711042,0.00015396825850956023,0.0,20.0,0.016670342846764705,0.0
2025-09-19,231.47999572753903,0.0010811746080494622,0.00015388888972146168,0.0,20.0,0.01720958930400789,0.0
2025-09-22,227.6300048828125,-0.016632067201427292,0.00015269841466631208,0.0,20.0,0.026380555590354324,0.0
2025-09-23,220.7100067138672,-0.030400202172415014,0.00015257936621469165,0.0,20.0,0.0547496646173438,0.0
2025-09-24,220.2100067138672,-0.0022654160880354324,0.00015309523968469525,0.0,20.0,0.06035504025336034,0.0
2025-09-25,218.1499938964844,-0.009354764790773018,0.00015408729750012595,0.0,20.0,0.06663661830689287,0.0
2025-09-26,219.77999877929688,0.007471945580644457,0.0001531745990117391,0.0,20.0,0.04960955508301248,0.0
2025-09-29,222.1699981689453,0.01087450815780766,0.00015329364746335952,0.0,20.0,0.02978249753986253,0.0
2025-09-30,219.57000732421875,-0.011702709034319914,0.00015257936621469165,0.0,20.0,0.03981906334262804,0.0
2025-10-01,220.6300048828125,0.004827606336181178,0.00015257936621469165,0.0,20.0,0.030800995752000355,0.0
2025-10-02,222.4100036621093,0.00806780011740571,0.00015269841466631208,0.0,20.0,0.023411443874747136,0.0
2025-10-03,219.509994506836,-0.0130390230094104,0.00015309523968469525,0.0,20.0,0.03434563832228618,0.0
2025-10-06,220.8999938964844,0.00633228292302257,0.0001531745990117391,0.0,20.0,0.027299267148837254,0.0
2025-10-07,221.77999877929688,0.003983725247293846,0.00015249999742659312,0.0,20.0,0.026491051025179072,0.0
2025-10-08,225.22000122070312,0.015510877718191152,0.00015249999742659312,0.0,20.0,0.022172409436049922,0.0
2025-10-09,227.7400054931641,0.01118907849570383,0.00015289682244497632,0.0,20.0,0.028930785514932982,0.0
2025-10-10,216.3699951171875,-0.04992539782966621,0.00015289682244497632,0.0,20.0,0.040292597377716746,0.0
2025-10-13,220.07000732421875,0.017100394188331425,0.00015289682244497632,0.0,20.0,0.024917545917242368,0.0
2025-10-14,216.38999938964844,-0.016721987604375044,0.00015289682244497632,0.0,20.0,0.03579374792008432,0.0
2025-10-15,215.57000732421875,-0.003789417568938358,0.00015309523968469525,0.0,20.0,0.03792031488357785,0.0
2025-10-16,214.47000122070312,-0.00510277898660183,0.00015289682244497632,0.0,20.0,0.040755964054704164,0.0
2025-10-17,213.0399932861328,-0.006667636156250767,0.000152063492744688,0.0,20.0,0.046462711048688675,0.0
2025-10-20,216.47999572753903,0.016147214372026264,0.00015071428957439602,0.0,20.0,0.030381711699730016,0.0
2025-10-21,222.02999877929688,0.025637486886977978,0.00015019841610439244,0.0,20.0,0.020781941860106443,0.0
2025-10-22,217.9499969482422,-0.018375903497213075,0.00015031746455601282,0.0,20.0,0.024095419509194766,0.0
2025-10-23,221.08999633789065,0.014406971477930908,0.00015031746455601282,0.0,20.0,0.024169581052404916,0.0
2025-10-24,224.2100067138672,0.014111947295924798,0.00014932539727952746,0.0,20.0,0.02630100231877274,0.0
2025-10-27,226.97000122070312,0.012309863182682124,0.00014753967996627567,0.0,20.0,0.029230919370484575,0.0
2025-10-28,229.25,0.010045375014470892,0.00014761904875437417,0.0,20.0,0.03559489145401163,0.0
2025-10-29,230.3000030517578,0.0045801659836763875,0.0001480158737727574,0.0,20.0,0.03773556106297917,0.0
2025-10-30,222.8600006103516,-0.03230569840563202,0.0001490873003762866,0.0,20.0,0.01777854590516385,0.0
2025-10-31,244.22000122070312,0.09584492754129248,0.00014753967996627567,0.0,20.0,0.17158657222732032,0.0
2025-11-03,254.0,0.04004585509136338,0.00015011904731629386,0.0,20.0,0.285385822432082,0.0
2025-11-04,249.32000732421875,-0.018425168014886806,0.0001505158723346771,0.0,20.0,0.18378599647427601,0.0
2025-11-05,250.1999969482422,0.0035295587926045258,0.00015031746455601282,0.0,20.0,0.1579398511091867,0.0
2025-11-06,243.0399932861328,-0.028617121300727022,0.00014932539727952746,0.0,20.0,0.06683303489015807,0.0
2025-11-07,244.4100036621093,0.005636975040414605,0.0001490873003762866,0.0,20.0,0.05868784979250088,0.0
2025-11-10,248.3999938964844,0.016324987417009273,0.00015011904731629386,0.0,20.0,0.08386268453204541,0.0
2025-11-11,249.1000061035156,0.0028180846386127723,0.00015011904731629386,0.0,20.0,0.07393944446999486,0.0
2025-11-12,244.1999969482422,-0.019670851205186968,0.00014992063953762962,0.0,20.0,0.034093215343537805,0.0
2025-11-13,237.5800018310547,-0.027108907452568887,0.0001505158723346771,0.0,20.0,0.02577643984101945,0.0
2025-11-14,234.69000244140625,-0.012164320933474637,0.00015031746455601282,0.0,20.0,0.03031396027524109,0.0
2025-11-17,232.8699951171875,-0.007754941860691922,0.00014968254263438875,0.0,20.0,0.02763317140010057,0.0
2025-11-18,222.5500030517578,-0.04431653833391602,0.00014968254263438875,0.0,20.0,0.07754806761192184,0.0
2025-11-19,222.69000244140625,0.0006290693674619874,0.00014968254263438875,0.0,20.0,0.059813023253137136,0.0
2025-11-20,217.13999938964844,-0.02492255148822009,0.0001498015910860092,0.0,20.0,0.08858940174620686,0.0
2025-11-21,220.69000244140625,0.016348913427910006,0.0001484126987911406,0.0,20.0,0.05443363125585676,0.0
2025-11-24,226.27999877929688,0.02532963104830621,0.0001480158737727574,0.0,20.0,0.022816935990755915,0.0
2025-11-25,229.6699981689453,0.0149814363087164,0.00014809524256085592,0.0,20.0,0.01245973245741223,0.0
2025-11-26,229.1600036621093,-0.0022205534501762436,0.00014892857226114425,0.0,20.0,0.014055580960457953,0.0
2025-11-28,233.22000122070312,0.017716868099636685,0.00014670635026598736,0.0,20.0,0.009334795436240393,0.0
2025-12-01,233.8800048828125,0.0028299616613276513,0.000146547622150845,0.0,20.0,0.01106782059502145,0.0
2025-12-02,234.4199981689453,0.0023088475921804186,0.00014571428298950194,0.0,20.0,0.016086822998436646,0.0
2025-12-03,232.3800048828125,-0.008702300580441968,0.00014424603136758957,0.0,20.0,0.011304613569707949,0.0
2025-12-04,229.1100006103516,-0.014071797072686798,0.0001433333328792027,0.0,20.0,0.016205615839445017,0.0
2025-12-05,229.52999877929688,0.0018331725713691682,0.0001429761875243414,0.0,20.0,0.017741983772368082,0.0
2025-12-08,226.88999938964844,-0.011501761877265149,0.0001435714297824436,0.0,20.0,0.029049170665109463,0.0
2025-12-09,227.9199981689453,0.004539639393836836,0.0001441269829159691,0.0,20.0,0.021060874881894478,0.0
2025-12-10,231.77999877929688,0.016935769749744978,0.00014257936250595819,0.0,20.0,0.013602966950822968,0.0
2025-12-11,230.27999877929688,-0.006471654188885845,0.00014158730469052754,0.0,20.0,0.015019158485931959,0.0
2025-12-12,226.19000244140625,-0.017760970816273702,0.0001398809561653743,0.0,20.0,0.025635722998919246,0.0
2025-12-15,222.5399932861328,-0.01613691637948922,0.00014039682963537794,0.0,20.0,0.041831804412837605,0.0
2025-12-16,222.5599975585937,8.989068511011666e-05,0.00014067460620214068,0.0,20.0,0.03801440708047068,0.0
2025-12-17,221.2700042724609,-0.005796159688549407,0.00014059523741404215,0.0,20.0,0.048504544801114095,0.0
2025-12-18,226.759994506836,0.0248112718776603,0.00013976190771375384,0.0,20.0,0.028165477364134002,0.0
2025-12-19,227.3500061035156,0.0026019210221044364,0.00013976190771375384,0.0,20.0,0.029018492547546418,0.0
2025-12-22,228.42999267578125,0.00475032567966549,0.0001400000046169947,0.0,20.0,0.026869264220368404,0.0
2025-12-23,232.13999938964844,0.016241329216049705,0.0001407539655291845,0.0,20.0,0.02355592564983115,0.0
2025-12-24,232.3800048828125,0.001033882544133169,0.0001410714312205239,0.0,20.0,0.024150700156027678,0.0
2025-12-26,232.5200042724609,0.000602458846315157,0.00014059523741404215,0.0,20.0,0.02601664650802917,0.0
2025-12-29,232.07000732421875,-0.0019353042317806768,0.00014039682963537794,0.0,20.0,0.02593814413091089,0.0
2025-12-30,232.52999877929688,0.001982123671998126,0.00014047618896242175,0.0,20.0,0.03237249257078216,0.0
2025-12-31,230.82000732421875,-0.0073538531116630335,0.0001407539655291845,0.0,20.0,0.027780442382688907,0.0
2026-01-02,226.5,-0.018715913643268745,0.00014019841239565892,0.0,20.0,0.028381678077924462,0.0
2026-01-05,233.0599975585937,0.02896246162734517,0.00013948413114699108,0.0,20.0,0.017783498010871184,0.0
2026-01-06,240.92999267578125,0.033768107781812606,0.0001396825389256553,0.0,20.0,0.044923295817343334,0.0
2026-01-07,241.5599975585937,0.0026148877348792787,0.00013948413114699108,0.0,20.0,0.04308785931222973,0.0
2026-01-08,246.2899932861328,0.0195810389772495,0.00013916666545565166,0.0,20.0,0.07443974052684955,0.0
2026-01-09,247.3800048828125,0.004425724253495522,0.00013940476235889252,0.0,20.0,0.08128277510002652,0.0
2026-01-12,246.47000122070312,-0.003678565947722645,0.00014019841239565892,0.0,20.0,0.05390092339173586,0.0
2026-01-13,242.6000061035156,-0.01570168822988771,0.00014126983899918815,0.0,20.0,0.023827948851325845,0.0
2026-01-14,236.6499938964844,-0.02452601837319146,0.00014126983899918815,0.0,20.0,0.015368555119499328,0.0
2026-01-15,238.17999267578125,0.006465239039753046,0.0001414682562389071,0.0,20.0,0.01690077902791382,0.0
2026-01-16,239.1199951171875,0.0039466053837939885,0.00014115079054756772,0.0,20.0,0.018421981597903245,0.0
2026-01-20,231.0,-0.033957825706746436,0.00014174603280566988,0.0,20.0,0.02990344786151777,0.0
2026-01-21,231.3099975585937,0.001341980773132967,0.00014238095472729397,0.0,20.0,0.02836316018696407,0.0
2026-01-22,234.33999633789065,0.013099298825289374,0.00014238095472729397,0.0,20.0,0.021819151306957715,0.0
2026-01-23,239.1600036621093,0.020568436457892414,0.00014214285782405308,0.0,20.0,0.023170127906315504,0.0
2026-01-26,238.4199981689453,-0.003094185824689455,0.0001418650812572903,0.0,20.0,0.017421596777214457,0.0
2026-01-27,244.67999267578125,0.026256163723313408,0.00014166666401757135,0.0,20.0,0.03606504378484587,0.0
2026-01-28,243.009994506836,-0.006825233852111978,0.00014214285782405308,0.0,20.0,0.021103333319294447,0.0
2026-01-29,241.72999572753903,-0.005267268047532747,0.00014206348903595455,0.0,20.0,0.01952350924439395,0.0
2026-01-30,239.3000030517578,-0.010052507834071744,0.00014174603280566988,0.0,20.0,0.01617919382126102,0.0
2026-02-02,242.9600067138672,0.015294624385431943,0.00014198412970891077,0.0,20.0,0.01909843361142394,0.0
2026-02-03,238.6199951171875,-0.017863069956986388,0.00014246031405433778,0.0,20.0,0.016200467809161484,0.0
2026-02-04,232.9900054931641,-0.023593955826118007,0.0001426587312940567,0.0,20.0,0.030447349941759648,0.0
2026-02-05,222.69000244140625,-0.04420791797466195,0.00014198412970891077,0.0,20.0,0.07807356204972844,0.0
2026-02-06,210.32000732421875,-0.05554804877440456,0.00014246031405433778,0.0,20.0,0.14775602776567473,0.0
2026-02-09,208.72000122070312,-0.00760748406141476,0.00014257936250595819,0.0,20.0,0.14840640225849758,0.0
2026-02-10,206.9600067138672,-0.008432323191560842,0.00014246031405433778,0.0,20.0,0.1478677240031583,0.0
2026-02-11,204.0800018310547,-0.013915755650289796,0.00014285713907272098,0.0,20.0,0.15310921849839643,0.0
2026-02-12,199.6000061035156,-0.021952154485219033,0.00014277777974567717,0.0,20.0,0.1675639841592852,0.0
2026-02-13,198.7899932861328,-0.004058180323715521,0.00014257936250595819,0.0,20.0,0.16290603272870602,0.0
2026-02-17,201.1499938964844,0.011871828009746288,0.00014257936250595819,0.0,20.0,0.13083938579118778,0.0
2026-02-18,204.7899932861328,0.018095945812067082,0.0001429761875243414,0.0,20.0,0.09822538821903408,0.0
2026-02-19,204.8600006103516,0.00034184934085601526,0.0001426587312940567,0.0,20.0,0.08687497937389092,0.0
2026-02-20,210.1100006103516,0.025627257563010764,0.0001426587312940567,0.0,20.0,0.058191139225802276,0.0
2026-02-23,205.2700042724609,-0.023035535309270938,0.00014238095472729397,0.0,20.0,0.07610155738350284,0.0
2026-02-24,208.5599975585937,0.016027637831418806,0.00014238095472729397,0.0,20.0,0.05769377099163426,0.0
2026-02-25,210.63999938964844,0.009973158109912061,0.00014238095472729397,0.0,20.0,0.048057744429857704,0.0
2026-02-26,207.9199981689453,-0.012913032798065993,0.00014238095472729397,0.0,20.0,0.05614302257655919,0.0
2026-02-27,210.0,0.01000385652833935,0.00014198412970891077,0.0,20.0,0.05009995062197768,0.0
2026-03-02,208.38999938964844,-0.007666669573102691,0.00014246031405433778,0.0,20.0,0.05791381265441153,0.0
2026-03-03,208.72999572753903,0.001631538648142472,0.0001426587312940567,0.0,20.0,0.059981063973712494,0.0
2026-03-04,216.82000732421875,0.038758260730479055,0.0001426587312940567,0.0,20.0,0.05689773659469317,0.0
2026-03-05,218.94000244140625,0.009777672934109694,0.00014238095472729397,0.0,20.0,0.05920022161906866,0.0
2026-03-06,213.2100067138672,-0.026171534044230005,0.00014166666401757135,0.0,20.0,0.04218217373494086,0.0
2026-03-09,213.4900054931641,0.0013132534612818603,0.00014257936250595819,0.0,20.0,0.04899414548964237,0.0
2026-03-10,214.3300018310547,0.003934593265620068,0.0001426587312940567,0.0,20.0,0.046405439054165,0.0
2026-03-11,212.6499938964844,-0.007838417021498234,0.00014285713907272098,0.0,20.0,0.03963030935011791,0.0
2026-03-12,209.52999877929688,-0.014671973697334306,0.00014305555631243994,0.0,20.0,0.04515172796815186,0.0
2026-03-13,207.6699981689453,-0.008877013416636048,0.0001429761875243414,0.0,20.0,0.04938640751215035,0.0
2026-03-16,211.7400054931641,0.0195984367511175,0.00014305555631243994,0.0,20.0,0.03708575385457762,0.0
2026-03-17,215.1999969482422,0.016340754535353108,0.00014305555631243994,0.0,20.0,0.036751604573042794,0.0
2026-03-18,209.8699951171875,-0.024767666852414494,0.00014325396409110418,0.0,20.0,0.03925595680317281,0.0
2026-03-19,208.759994506836,-0.005288991452692904,0.0001433333328792027,0.0,20.0,0.04666796963614356,0.0
2026-03-20,205.3699951171875,-0.016238740557820264,0.0001435714297824436,0.0,20.0,0.05785904344775194,0.0
2026-03-23,210.13999938964844,0.02322639327005427,0.0001433333328792027,0.0,20.0,0.03507978615404453,0.0
2026-03-24,207.2400054931641,-0.013800294588880657,0.00014365078910948738,0.0,20.0,0.04403353538489408,0.0
2026-03-25,211.7100067138672,0.021569200454641724,0.00014365078910948738,0.0,20.0,0.029649690761363975,0.0
2026-03-26,207.5399932861328,-0.019696817795534227,0.00014365078910948738,0.0,20.0,0.04297407701594192,0.0
2026-03-27,199.33999633789065,-0.039510442389467215,0.00014313492510053847,0.0,20.0,0.0824778923471853,0.0
2026-03-30,200.9499969482422,0.008076656164990093,0.00014277777974567717,0.0,20.0,0.07043086369551857,0.0
2026-03-31,208.2700042724609,0.03642700888472317,0.00014285713907272098,0.0,20.0,0.037359575934041774,0.0
2026-04-01,210.57000732421875,0.011043371606930696,0.00014305555631243994,0.0,20.0,0.03316171113667766,0.0
2026-04-02,209.7700042724609,-0.0037992260242745157,0.00014313492510053847,0.0,20.0,0.030161284751028347,0.0
2026-04-06,212.7899932861328,0.014396667550949704,0.00014376983756110782,0.0,20.0,0.024155031381847738,0.0
2026-04-07,213.7700042724609,0.004605531356027148,0.00014345238133082314,0.0,20.0,0.02547210523254784,0.0
2026-04-08,221.25,0.034990857360911454,0.00014285713907272098,0.0,20.0,0.04210545911578046,0.0
2026-04-09,233.6499938964844,0.056045170153601775,0.00014238095472729397,0.0,20.0,0.14948168437015216,0.0
2026-04-10,238.3800048828125,0.02024400218227118,0.00014257936250595819,0.0,20.0,0.1804685029517588,0.0
2026-04-13,239.88999938964844,0.006334400855383171,0.0001429761875243414,0.0,20.0,0.17422441882042644,0.0
2026-04-14,249.0200042724609,0.03805913087682655,0.0001433333328792027,0.0,20.0,0.2676868345386984,0.0
2026-04-15,248.5,-0.002088202809168549,0.0001433333328792027,0.0,20.0,0.21496612229514475,0.0
2026-04-16,249.6999969482422,0.004828961562342915,0.00014325396409110418,0.0,20.0,0.205258856481622,0.0
2026-04-17,250.5599975585937,0.0034441354459837648,0.00014285713907272098,0.0,20.0,0.18005774549876044,0.0
2026-04-20,248.27999877929688,-0.00909961207500265,0.00014277777974567717,0.0,20.0,0.12139346109981286,0.0
2026-04-21,249.9100036621093,0.006565188057139348,0.00014277777974567717,0.0,20.0,0.11888308520971923,0.0
2026-04-22,255.3600006103516,0.02180783829530486,0.0001426587312940567,0.0,20.0,0.16873891474560887,0.0
2026-04-23,255.0800018310547,-0.001096486445127165,0.0001426587312940567,0.0,20.0,0.13579021311845546,0.0
2026-04-24,263.989990234375,0.03493017225717909,0.00014257936250595819,0.0,20.0,0.23515642248751856,0.0
2026-04-27,261.1199951171875,-0.010871605831113018,0.00014246031405433778,0.0,20.0,0.15901775987752084,0.0
2026-04-28,259.70001220703125,-0.005438047398549362,0.00014246031405433778,0.0,20.0,0.12105596038077124,0.0
2026-04-29,263.0400085449219,0.012860978748156615,0.00014246031405433778,0.0,20.0,0.14861298206440296,0.0
2026-04-30,265.0599975585937,0.0076793983730685245,0.0001422619062756735,0.0,20.0,0.16399740050929157,0.0
2026-05-01,268.260009765625,0.012072784412985316,0.0001418650812572903,0.0,20.0,0.18515219462684843,0.0
2026-05-04,272.04998779296875,0.014128002271583506,0.00014246031405433778,0.0,20.0,0.2115715667273712,0.0
2026-05-05,273.54998779296875,0.005513692583370089,0.00014285713907272098,0.0,20.0,0.20749315884113248,0.0
2026-05-06,274.989990234375,0.005264129064761924,0.00014285713907272098,0.0,20.0,0.2056308903218756,0.0
2026-05-07,271.1700134277344,-0.01389133038400725,0.00014277777974567717,0.0,20.0,0.13522831212946987,0.0
2026-05-08,272.67999267578125,0.0055683857848436435,0.0001426587312940567,0.0,20.0,0.13837559208726508,0.0
2026-05-11,268.989990234375,-0.013532354923427414,0.00014285713907272098,0.0,20.0,0.09277539302382462,0.0
2026-05-12,265.82000732421875,-0.011784761609137218,0.0001429761875243414,0.0,20.0,0.06270529140658822,0.0
2026-05-13,270.1300048828125,0.016213969753363422,0.00014285713907272098,0.0,20.0,0.08274830758214825,0.0
2026-05-14,267.2200012207031,-0.010772604336833247,0.00014238095472729397,0.0,20.0,0.06005919049343412,0.0
2026-05-15,264.1400146484375,-0.011526033074604314,0.00014238095472729397,0.0,20.0,0.044757938925523454,0.0
2026-05-18,264.8599853515625,0.0027257161474880665,0.00014158730469052754,0.0,20.0,0.04673961312218099,0.0
2026-05-19,259.3399963378906,-0.020841158796957915,0.0001418650812572903,0.0,20.0,0.03755993073428916,0.0
2026-05-20,265.010009765625,0.021863243262898013,0.00014115079054756772,0.0,20.0,0.04236105602007477,0.0
2026-05-21,268.4599914550781,0.01301830709151064,0.00014214285782405308,0.0,20.0,0.06021542314276919,0.0
2026-05-22,266.32000732421875,-0.007971333528174807,0.0001422619062756735,0.0,20.0,0.041331513057631865,0.0
2026-05-26,265.2900085449219,-0.003867523096163561,0.00014214285782405308,0.0,20.0,0.03717925682390924,0.0
2026-05-27,271.8500061035156,0.024727646527565872,0.0001422619062756735,0.0,20.0,0.06375408208754356,0.0
2026-05-28,274.0,0.007908750591183455,0.00014246031405433778,0.0,20.0,0.08193039199621244,0.0
2026-05-29,270.6400146484375,-0.01226272026117703,0.00014238095472729397,0.0,20.0,0.04935292559117885,0.0
2026-06-01,261.260009765625,-0.03465860321873382,0.00014365078910948738,0.0,20.0,0.031282870966957976,0.0
2026-06-02,256.5199890136719,-0.0181429249589532,0.0001435714297824436,0.0,20.0,0.04001447442819365,0.0
2026-06-03,250.0200042724609,-0.02533909644314125,0.00014376983756110782,0.0,20.0,0.0609096926354965,0.0
2026-06-04,253.7899932861328,0.01507874949703436,0.00014365078910948738,0.0,20.0,0.037207859462149453,0.0
2026-06-05,246.02999877929688,-0.03057644001781823,0.00014384920634920634,0.0,20.0,0.06877088032538692,0.0
2026-06-08,245.22000122070312,-0.0032922715222234444,0.0001439682548008268,0.0,20.0,0.06718361538686597,0.0
2026-06-09,244.19000244140625,-0.004200304926880172,0.00014424603136758957,0.0,20.0,0.06721926709345946,0.0
2026-06-10,238.0,-0.025349123139844942,0.00014424603136758957,0.0,20.0,0.09340885768283448,0.0
2026-06-11,241.509994506836,0.014747876079142852,0.00014376983756110782,0.0,20.0,0.057277708598007473,0.0
2026-06-12,238.5500030517578,-0.012256186172015293,0.0001435714297824436,0.0,20.0,0.06610635887069931,0.0
2026-06-15,246.0200042724609,0.03131419461387441,0.0001435714297824436,0.0,20.0,0.029107293955946426,0.0
2026-06-16,246.0,-8.131156862656308e-05,0.0001440476235889253,0.0,20.0,0.036086117251123276,0.0
2026-06-17,237.5,-0.03455284552845528,0.0001447222251740713,0.0,20.0,0.06883905351735649,0.0
2026-06-18,244.38999938964844,0.029010523745888195,0.00014515872985597643,0.0,20.0,0.02886139951239422,0.0
2026-06-22,232.7899932861328,-0.047465142323687703,0.00014603174868084136,0.0,20.0,0.07988192542632418,0.0
2026-06-23,234.1100006103516,0.005670378290686617,0.00014642857369922456,0.0,20.0,0.0653461754205269,0.0
2026-06-24,234.2700042724609,0.0006834550497294423,0.00014642857369922456,0.0,20.0,0.06626738443105107,0.0
2026-06-25,227.009994506836,-0.030989924587961237,0.00014603174868084136,0.0,20.0,0.09813823583110665,0.0
2026-06-26,232.69000244140625,0.02502095974633045,0.00014535714709569536,0.0,20.0,0.07651508638345346,0.0
2026-06-29,240.13999938964844,0.03201683299701785,0.00014603174868084136,0.0,20.0,0.06491427611570684,0.0
2026-06-30,238.33999633789065,-0.007495640277891069,0.00014809524256085592,0.0,20.0,0.062461131668440396,0.0
2026-07-01,241.6999969482422,0.014097510539473612,0.00014682539871760776,0.0,20.0,0.053229977423713465,0.0
2026-07-02,242.6699981689453,0.004013244654325954,0.00014555555487435963,0.0,20.0,0.05624088032764017,0.0
2026-07-06,244.1600036621093,0.006140048231782824,0.00014642857369922456,0.0,20.0,0.0506359172419958,0.0
2026-07-07,245.97999572753903,0.007454095831143537,0.0001478174565330384,0.0,20.0,0.05011347846173735,0.0
2026-07-08,243.6199951171875,-0.009594278605344786,0.00014773809720599465,0.0,20.0,0.036044281186826066,0.0
2026-07-09,247.0399932861328,0.01403824906613349,0.00014611110800788514,0.0,20.0,0.0345755625659153,0.0
2026-07-10,245.33999633789065,-0.006881464517662694,0.0001466269814778888,0.0,20.0,0.02996750563306421,0.0
2026-07-13,247.3099975585937,0.00802967820212186,0.00014793650498465887,0.0,20.0,0.031117106161024227,0.0
2026-07-14,247.4900054931641,0.0007278635572658398,0.00014682539871760776,0.0,20.0,0.030154236669683147,0.0
2026-07-15,254.9600067138672,0.03018304196089816,0.00014634920491112604,0.0,20.0,0.050960481012592394,0.0
2026-07-16,249.88999938964844,-0.019885500434225545,0.00014670635026598736,0.0,20.0,0.02509443076731231,0.0
2026-07-17,247.22999572753903,-0.010644698341696013,0.00014710317528437056,0.0,20.0,0.02058704068330448,0.0
2026-07-20,249.9900054931641,0.01116373341957555,0.00014702380649627203,0.0,20.0,0.023000920767908162,0.0
2026-07-21,247.5500030517578,-0.009760399967161937,0.0001480158737727574,0.0,20.0,0.022148781352310996,0.0
2026-07-22,244.8500061035156,-0.010906875035172958,0.00014861110656980484,0.0,20.0,0.02594257211904825,0.0
2026-07-23,233.6600036621093,-0.04570145869906772,0.00015079364890143983,0.0,20.0,0.06502775547020331,0.0
2026-07-24,232.1100006103516,-0.006633583101364304,0.00015099206614115881,0.0,20.0,0.07027869022656943,0.0
2026-07-27,231.38999938964844,-0.0031019827616640683,0.00015067460044981942,0.0,20.0,0.07531356411783675,0.0
2026-07-28,230.8600006103516,-0.002290499938177315,0.000149206348827907,0.0,20.0,0.07177889960528011,0.0
2026-07-29,226.6499938964844,-0.0182361894773313,0.00014515872985597643,0.0,20.0,0.09279945011584213,0.0
2026-07-30,235.5,0.0390470167299346,0.0001458333314411224,0.0,20.0,0.05087801191993246,0.0
2026-07-31,271.5799865722656,0.15320588778032107,0.00014611110800788514,0.0,20.0,0.3211265974101983,0.0
2026-08-03,284.0199890136719,0.04580603526208682,0.00014682539871760776,0.0,20.0,0.42317814733691733,0.0
2026-08-04,277.4200134277344,-0.023237715094833633,0.0001480158737727574,0.0,20.0,0.3095585068976171,0.0
2026-08-05,272.6499938964844,-0.017194215631067156,0.0001478174565330384,0.0,20.0,0.21458379136170697,0.0
2026-08-06,272.260009765625,-0.001430347110176089,0.00014809524256085592,0.0,20.0,0.18224258636861174,0.0
2026-08-07,274.4800109863281,0.00815397466052481,0.00014722222373599096,0.0,20.0,0.18392311327750896,0.0
2026-08-10,278.0899963378906,0.013152088338200807,0.00014753967996627567,0.0,20.0,0.19246738513021797,0.0
2026-08-11,272.2699890136719,-0.02092850300572191,0.0001480158737727574,0.0,20.0,0.11952337791909359,0.0
2026-08-12,267.2799987792969,-0.0183273604720513,0.00014710317528437056,0.0,20.0,0.09337808914737256,0.0
2026-08-13,265.1300048828125,-0.00804397600383,0.00014702380649627203,0.0,20.0,0.09442795448832454,0.0
2026-08-14,262.6499938964844,-0.009353943124710828,0.00014670635026598736,0.0,20.0,0.0995017867869812,0.0
2026-08-17,261.3099975585937,-0.005101832739500489,0.0001469444471692282,0.0,20.0,0.09351214486714797,0.0
2026-08-18,259.45001220703125,-0.007117926481727377,0.00014702380649627203,0.0,20.0,0.08916705699312513,0.0
2026-08-19,265.8399963378906,0.02462896060980113,0.00014682539871760776,0.0,20.0,0.07164956413384937,0.0
2026-08-20,260.1099853515625,-0.021554360010767937,0.0001469444471692282,0.0,20.0,0.07235089050823153,0.0
2026-08-21,258.6300048828125,-0.005689825658748426,0.00014722222373599096,0.0,20.0,0.07202832069380893,0.0
2026-08-24,262.07000732421875,0.01330086369122152,0.0001469444471692282,0.0,20.0,0.05826437483638705,0.0
2026-08-25,261.0599975585937,-0.003853969311244154,0.00014702380649627203,0.0,20.0,0.06154014519693603,0.0
2026-08-26,260.2799987792969,-0.002987814244201692,0.00014642857369922456,0.0,20.0,0.057047591544721894,0.0
2026-08-27,256.260009765625,-0.01544486334918349,0.00014595237989274283,0.0,20.0,0.06475192057607491,0.0
2026-08-28,266.42999267578125,0.03968618794425893,0.00014595237989274283,0.0,20.0,0.05587944658882291,0.0
2026-08-31,259.7699890136719,-0.02499719943397638,0.00014809524256085592,0.0,20.0,0.04879131324800194,0.0
2026-09-01,254.9199981689453,-0.018670327789371055,0.00014968254263438875,0.0,20.0,0.047726271232571456,0.0
2026-09-02,254.97999572753903,0.0002353583831189443,0.00014968254263438875,0.0,20.0,0.04204027895680787,0.0
2026-09-03,258.8999938964844,0.015373747880732092,0.0001484126987911406,0.0,20.0,0.029652444743252022,0.0
2026-09-04,258.510009765625,-0.001506311858065601,0.0001490873003762866,0.0,20.0,0.029812908665454645,0.0
2026-09-08,256.9700012207031,-0.005957249184734059,0.0001498015910860092,0.0,20.0,0.0306854062307554,0.0
2026-09-09,252.3999938964844,-0.01778420555905158,0.00015099206614115881,0.0,20.0,0.040274509427087685,0.0
2026-09-10,251.88999938964844,-0.002020580503837577,0.00015257936621469165,0.0,20.0,0.03986543967610155,0.0
2026-09-11,256.7799987792969,0.01941323356027369,0.0001552777820163303,0.0,20.0,0.026811636271750972,0.0
2026-09-14,253.5399932861328,-0.012617826577485336,0.0001561507913801405,0.0,20.0,0.0319119930357448,0.0
2026-09-15,248.4199981689453,-0.020194033496756192,0.0001571428586566259,0.0,20.0,0.046088634713735976,0.0
2026-09-16,245.9600067138672,-0.00990255000889717,0.0001575396836750091,0.0,20.0,0.05426170903476314,0.0
2026-09-17,251.19000244140625,0.02126360214985379,0.00015734126643529017,0.0,20.0,0.0326774889259333,0.0
2026-09-18,253.7100067138672,0.010032263418002785,0.00015785713990529377,0.0,20.0,0.02509525168546921,0.0
2026-09-21,258.45001220703125,0.018682769176344705,0.00015801587748149083,0.0,20.0,0.021614227931445542,0.0
2026-09-22,254.97999572753903,-0.013426257750425497,0.00015801587748149083,0.0,20.0,0.023190928030484805,0.0
2026-09-23,249.2700042724609,-0.022393880111205244,0.00015984126499720983,0.0,20.0,0.037428726602653555,0.0
2026-09-24,249.3800048828125,0.00044129100359535656,0.00016142856507074264,0.0,20.0,0.031578748389816495,0.0
2026-09-25,249.6699981689453,0.0011628570071970934,0.0001615079433198959,0.0,20.0,0.02870490388520056,0.0
2026-09-28,246.1499938964844,-0.014098627381248341,0.00016099206984989227,0.0,20.0,0.03862801927195094,0.0
2026-09-29,246.6699981689453,0.0021125504178545196,0.00016130952608017695,0.0,20.0,0.03586799957515328,0.0
2026-09-30,249.1499938964844,0.010053900944372307,0.00015992064324636308,0.0,20.0,0.028964123311655043,0.0
2026-10-01,248.22999572753903,-0.0036925474271839454,0.00015801587748149083,0.0,20.0,0.032533597239648125,0.0
2026-10-02,251.5200042724609,0.013253871818670326,0.00015845238216339596,0.0,20.0,0.02791604998910506,0.0
2026-10-05,251.3999938964844,-0.00047714048162350586,0.00015944444943988135,0.0,20.0,0.03226575118419999,0.0
2026-10-06,256.2900085449219,0.019451132725369025,0.00016019841981312587,0.0,20.0,0.025814201703258734,0.0
2026-10-07,259.9200134277344,0.014163661328124855,0.00016019841981312587,0.0,20.0,0.03126667921476832,0.0
2026-10-08,254.05999755859372,-0.022545458473400393,0.00016043651671636674,0.0,20.0,0.021540668566152017,0.0
2026-10-09,262.42999267578125,0.032944954725732334,0.00016099206984989227,0.0,20.0,0.030595582065434918,0.0
